n01491361_ILSVRC2012_val_00029300, 24
n03345487_ILSVRC2012_val_00008602, 19
n02363005_ILSVRC2012_val_00036380, 15
n04026417_ILSVRC2012_val_00019863, 224
n02134418_ILSVRC2012_val_00022698, 224
n03032252_ILSVRC2012_val_00036856, 224
n03661043_ILSVRC2012_val_00039081, 224
n09399592_ILSVRC2012_val_00039034, 8
n04311174_ILSVRC2012_val_00031667, 19
n01532829_ILSVRC2012_val_00000873, 224
n06785654_ILSVRC2012_val_00027470, 46
n02927161_ILSVRC2012_val_00003463, 224
n02089078_ILSVRC2012_val_00023966, 224
n03633091_ILSVRC2012_val_00006333, 224
n03775071_ILSVRC2012_val_00022216, 224
n03717622_ILSVRC2012_val_00049910, 19
n02280649_ILSVRC2012_val_00035898, 58
n02033041_ILSVRC2012_val_00035363, 30
n03929660_ILSVRC2012_val_00035611, 224
n04589890_ILSVRC2012_val_00005806, 224
n02093647_ILSVRC2012_val_00033269, 15
n03016953_ILSVRC2012_val_00014557, 24
n01755581_ILSVRC2012_val_00038859, 30
n04049303_ILSVRC2012_val_00010839, 224
n02489166_ILSVRC2012_val_00019235, 37
n07753592_ILSVRC2012_val_00012444, 224
n02526121_ILSVRC2012_val_00009459, 224
n02730930_ILSVRC2012_val_00003567, 30
n02974003_ILSVRC2012_val_00023858, 224
n02109961_ILSVRC2012_val_00029313, 46
n04141076_ILSVRC2012_val_00006682, 24
n11939491_ILSVRC2012_val_00034896, 224
n07930864_ILSVRC2012_val_00009249, 224
n01739381_ILSVRC2012_val_00046490, 19
n01820546_ILSVRC2012_val_00005925, 224
n04266014_ILSVRC2012_val_00049754, 24
n02088466_ILSVRC2012_val_00014631, 224
n03930313_ILSVRC2012_val_00040562, 15
n02110627_ILSVRC2012_val_00006933, 58
n02108422_ILSVRC2012_val_00029363, 58
n02264363_ILSVRC2012_val_00011783, 224
n07584110_ILSVRC2012_val_00006798, 143
n03417042_ILSVRC2012_val_00004119, 224
n04263257_ILSVRC2012_val_00008514, 37
n01695060_ILSVRC2012_val_00022470, 30
n03794056_ILSVRC2012_val_00000430, 143
n04523525_ILSVRC2012_val_00049794, 224
n02190166_ILSVRC2012_val_00038774, 24
n12144580_ILSVRC2012_val_00038919, 46
n02403003_ILSVRC2012_val_00013190, 30
n03954731_ILSVRC2012_val_00039935, 91
n04004767_ILSVRC2012_val_00043636, 224
n02814533_ILSVRC2012_val_00024318, 224
n01614925_ILSVRC2012_val_00046564, 19
n04370456_ILSVRC2012_val_00018171, 224
n03838899_ILSVRC2012_val_00017944, 224
n02165105_ILSVRC2012_val_00031488, 24
n04254680_ILSVRC2012_val_00008133, 30
n02916936_ILSVRC2012_val_00012520, 224
n02028035_ILSVRC2012_val_00019389, 12
n02835271_ILSVRC2012_val_00009228, 15
n04389033_ILSVRC2012_val_00046843, 46
n04228054_ILSVRC2012_val_00024679, 24
n02268853_ILSVRC2012_val_00004215, 30
n03717622_ILSVRC2012_val_00010030, 224
n03877845_ILSVRC2012_val_00003937, 224
n03041632_ILSVRC2012_val_00040170, 224
n02219486_ILSVRC2012_val_00038010, 19
n03877845_ILSVRC2012_val_00014955, 224
n02437312_ILSVRC2012_val_00016586, 15
n02167151_ILSVRC2012_val_00032023, 19
n12985857_ILSVRC2012_val_00004103, 19
n03958227_ILSVRC2012_val_00015775, 224
n03459775_ILSVRC2012_val_00004928, 24
n02107312_ILSVRC2012_val_00014780, 58
n03874293_ILSVRC2012_val_00017941, 30
n03924679_ILSVRC2012_val_00022650, 30
n02074367_ILSVRC2012_val_00033885, 58
n02480495_ILSVRC2012_val_00017493, 224
n03255030_ILSVRC2012_val_00010730, 224
n02165105_ILSVRC2012_val_00000768, 224
n03788195_ILSVRC2012_val_00044234, 24
n02927161_ILSVRC2012_val_00011432, 224
n02100583_ILSVRC2012_val_00018982, 224
n02497673_ILSVRC2012_val_00011144, 15
n02841315_ILSVRC2012_val_00012679, 224
n07747607_ILSVRC2012_val_00033807, 224
n03995372_ILSVRC2012_val_00048981, 224
n02107142_ILSVRC2012_val_00028584, 224
n02504013_ILSVRC2012_val_00004882, 91
n01641577_ILSVRC2012_val_00013974, 58
n03223299_ILSVRC2012_val_00048302, 224
n07697313_ILSVRC2012_val_00037389, 224
n04540053_ILSVRC2012_val_00012002, 224
n01530575_ILSVRC2012_val_00045172, 24
n03673027_ILSVRC2012_val_00034696, 224
n02077923_ILSVRC2012_val_00026593, 30
n04070727_ILSVRC2012_val_00005383, 46
n03384352_ILSVRC2012_val_00005128, 19
n03876231_ILSVRC2012_val_00004827, 224
n03769881_ILSVRC2012_val_00031349, 224
n01872401_ILSVRC2012_val_00030772, 37
n02843684_ILSVRC2012_val_00013138, 224
n01910747_ILSVRC2012_val_00035964, 73
n03764736_ILSVRC2012_val_00026080, 224
n04254120_ILSVRC2012_val_00044604, 224
n02123394_ILSVRC2012_val_00031180, 30
n03532672_ILSVRC2012_val_00005540, 224
n02099712_ILSVRC2012_val_00009984, 224
n02437312_ILSVRC2012_val_00019200, 24
n02165456_ILSVRC2012_val_00036251, 24
n03871628_ILSVRC2012_val_00042417, 224
n04344873_ILSVRC2012_val_00014105, 224
n02093754_ILSVRC2012_val_00004511, 15
n07613480_ILSVRC2012_val_00004874, 30
n03697007_ILSVRC2012_val_00002979, 24
n02108089_ILSVRC2012_val_00018604, 224
n03733281_ILSVRC2012_val_00000118, 15
n03133878_ILSVRC2012_val_00033981, 24
n02319095_ILSVRC2012_val_00045604, 24
n01728572_ILSVRC2012_val_00003569, 58
n03991062_ILSVRC2012_val_00024716, 30
n02892767_ILSVRC2012_val_00000808, 224
n02441942_ILSVRC2012_val_00007735, 30
n04141076_ILSVRC2012_val_00008159, 24
n02168699_ILSVRC2012_val_00000926, 224
n02268853_ILSVRC2012_val_00002893, 37
n02328150_ILSVRC2012_val_00029632, 224
n03891251_ILSVRC2012_val_00034159, 10
n04081281_ILSVRC2012_val_00045105, 224
n02094433_ILSVRC2012_val_00025821, 224
n03662601_ILSVRC2012_val_00014119, 37
n04482393_ILSVRC2012_val_00029793, 224
n03109150_ILSVRC2012_val_00045314, 37
n02978881_ILSVRC2012_val_00001437, 224
n02281406_ILSVRC2012_val_00024754, 12
n02443484_ILSVRC2012_val_00014233, 224
n02128385_ILSVRC2012_val_00042868, 224
n02799071_ILSVRC2012_val_00036898, 24
n03930630_ILSVRC2012_val_00023096, 30
n01883070_ILSVRC2012_val_00045335, 37
n09246464_ILSVRC2012_val_00048191, 224
n04599235_ILSVRC2012_val_00011864, 224
n04515003_ILSVRC2012_val_00018323, 30
n01687978_ILSVRC2012_val_00046258, 12
n03710193_ILSVRC2012_val_00043368, 37
n02423022_ILSVRC2012_val_00013750, 24
n04487081_ILSVRC2012_val_00008255, 37
n03775546_ILSVRC2012_val_00011309, 19
n04026417_ILSVRC2012_val_00002590, 224
n03791053_ILSVRC2012_val_00010636, 15
n04229816_ILSVRC2012_val_00008480, 224
n03372029_ILSVRC2012_val_00025781, 224
n03877472_ILSVRC2012_val_00019632, 224
n02843684_ILSVRC2012_val_00025965, 19
n02086646_ILSVRC2012_val_00008198, 24
n02105641_ILSVRC2012_val_00005905, 37
n03291819_ILSVRC2012_val_00048896, 224
n02788148_ILSVRC2012_val_00049098, 224
n07753113_ILSVRC2012_val_00032827, 15
n02966687_ILSVRC2012_val_00021519, 224
n02112018_ILSVRC2012_val_00039662, 24
n02280649_ILSVRC2012_val_00016780, 37
n02089867_ILSVRC2012_val_00035767, 224
n02790996_ILSVRC2012_val_00022044, 224
n03017168_ILSVRC2012_val_00020461, 224
n02085936_ILSVRC2012_val_00034259, 224
n02437616_ILSVRC2012_val_00037380, 30
n02093754_ILSVRC2012_val_00020832, 224
n02606052_ILSVRC2012_val_00033908, 12
n04074963_ILSVRC2012_val_00028651, 24
n04525038_ILSVRC2012_val_00043142, 224
n03838899_ILSVRC2012_val_00011452, 30
n03709823_ILSVRC2012_val_00007848, 37
n04332243_ILSVRC2012_val_00048376, 224
n01616318_ILSVRC2012_val_00040205, 46
n07734744_ILSVRC2012_val_00019483, 224
n02066245_ILSVRC2012_val_00015203, 37
n04192698_ILSVRC2012_val_00047516, 224
n02105251_ILSVRC2012_val_00021946, 224
n04009552_ILSVRC2012_val_00033020, 37
n02110627_ILSVRC2012_val_00029382, 224
n02091635_ILSVRC2012_val_00041912, 224
n03045698_ILSVRC2012_val_00000750, 224
n07248320_ILSVRC2012_val_00034391, 224
n02002724_ILSVRC2012_val_00006487, 19
n03832673_ILSVRC2012_val_00005161, 179
n03775071_ILSVRC2012_val_00035830, 224
n02892201_ILSVRC2012_val_00017464, 37
n02025239_ILSVRC2012_val_00009210, 15
n02457408_ILSVRC2012_val_00042228, 24
n03124170_ILSVRC2012_val_00020143, 37
n02106166_ILSVRC2012_val_00009862, 30
n03843555_ILSVRC2012_val_00047130, 91
n02105412_ILSVRC2012_val_00017056, 58
n04263257_ILSVRC2012_val_00037205, 46
n02687172_ILSVRC2012_val_00042849, 224
n03133878_ILSVRC2012_val_00012686, 30
n04154565_ILSVRC2012_val_00041073, 224
n01981276_ILSVRC2012_val_00021241, 224
n03947888_ILSVRC2012_val_00012447, 15
n03930313_ILSVRC2012_val_00028528, 37
n03249569_ILSVRC2012_val_00040561, 19
n02277742_ILSVRC2012_val_00013386, 30
n02437312_ILSVRC2012_val_00013553, 224
n04317175_ILSVRC2012_val_00035258, 224
n03868242_ILSVRC2012_val_00024045, 224
n04456115_ILSVRC2012_val_00035180, 24
n02092339_ILSVRC2012_val_00004974, 224
n02486410_ILSVRC2012_val_00003454, 8
n02108422_ILSVRC2012_val_00008061, 46
n03793489_ILSVRC2012_val_00013161, 224
n02704792_ILSVRC2012_val_00006872, 224
n09421951_ILSVRC2012_val_00046434, 30
n01855032_ILSVRC2012_val_00039957, 224
n02319095_ILSVRC2012_val_00029492, 30
n04162706_ILSVRC2012_val_00011299, 30
n02782093_ILSVRC2012_val_00022462, 37
n07718472_ILSVRC2012_val_00025124, 30
n02840245_ILSVRC2012_val_00045462, 46
n02484975_ILSVRC2012_val_00037276, 24
n02951358_ILSVRC2012_val_00015044, 19
n02106550_ILSVRC2012_val_00049351, 3
n03452741_ILSVRC2012_val_00028207, 224
n02089867_ILSVRC2012_val_00033233, 224
n02106550_ILSVRC2012_val_00045446, 30
n02114855_ILSVRC2012_val_00020256, 224
n02799071_ILSVRC2012_val_00045333, 224
n04065272_ILSVRC2012_val_00011890, 30
n02086646_ILSVRC2012_val_00004085, 30
n07583066_ILSVRC2012_val_00004206, 224
n09428293_ILSVRC2012_val_00049343, 224
n03825788_ILSVRC2012_val_00027341, 19
n07875152_ILSVRC2012_val_00046458, 30
n02086646_ILSVRC2012_val_00020031, 30
n03676483_ILSVRC2012_val_00029251, 37
n03197337_ILSVRC2012_val_00011421, 224
n01775062_ILSVRC2012_val_00039854, 46
n02971356_ILSVRC2012_val_00018554, 224
n02321529_ILSVRC2012_val_00021501, 24
n03937543_ILSVRC2012_val_00005967, 24
n01847000_ILSVRC2012_val_00019313, 224
n03131574_ILSVRC2012_val_00022199, 224
n02917067_ILSVRC2012_val_00022891, 224
n03759954_ILSVRC2012_val_00012172, 224
n03933933_ILSVRC2012_val_00041214, 19
n01873310_ILSVRC2012_val_00007800, 224
n02134084_ILSVRC2012_val_00042273, 224
n02206856_ILSVRC2012_val_00038129, 24
n04239074_ILSVRC2012_val_00026414, 30
n01855032_ILSVRC2012_val_00043899, 30
n04254680_ILSVRC2012_val_00047298, 37
n02749479_ILSVRC2012_val_00018213, 224
n03944341_ILSVRC2012_val_00030282, 143
n01944390_ILSVRC2012_val_00008747, 24
n01440764_ILSVRC2012_val_00039905, 24
n03291819_ILSVRC2012_val_00021245, 58
n03424325_ILSVRC2012_val_00027495, 24
n01855032_ILSVRC2012_val_00006555, 24
n02105412_ILSVRC2012_val_00006002, 224
n04442312_ILSVRC2012_val_00009258, 143
n02110958_ILSVRC2012_val_00001646, 30
n03930313_ILSVRC2012_val_00031316, 24
n02489166_ILSVRC2012_val_00018502, 15
n04037443_ILSVRC2012_val_00049700, 30
n04389033_ILSVRC2012_val_00047296, 30
n03425413_ILSVRC2012_val_00029203, 224
n04273569_ILSVRC2012_val_00001204, 46
n03110669_ILSVRC2012_val_00013933, 19
n02865351_ILSVRC2012_val_00025321, 37
n03888605_ILSVRC2012_val_00000240, 224
n07697537_ILSVRC2012_val_00029037, 224
n12985857_ILSVRC2012_val_00008830, 15
n02091134_ILSVRC2012_val_00007933, 30
n02108422_ILSVRC2012_val_00004963, 24
n03445924_ILSVRC2012_val_00007926, 24
n01945685_ILSVRC2012_val_00016138, 30
n01534433_ILSVRC2012_val_00021650, 37
n07932039_ILSVRC2012_val_00012666, 224
n02963159_ILSVRC2012_val_00000061, 224
n01677366_ILSVRC2012_val_00046407, 37
n02687172_ILSVRC2012_val_00012111, 30
n02113712_ILSVRC2012_val_00001234, 224
n03763968_ILSVRC2012_val_00021649, 30
n03450230_ILSVRC2012_val_00004145, 224
n02492035_ILSVRC2012_val_00004190, 30
n01729977_ILSVRC2012_val_00040468, 19
n02423022_ILSVRC2012_val_00046413, 19
n03459775_ILSVRC2012_val_00016475, 19
n03649909_ILSVRC2012_val_00001839, 30
n03089624_ILSVRC2012_val_00025257, 224
n01819313_ILSVRC2012_val_00023805, 19
n02494079_ILSVRC2012_val_00024582, 37
n01770081_ILSVRC2012_val_00015566, 37
n03400231_ILSVRC2012_val_00009309, 19
n04493381_ILSVRC2012_val_00020768, 224
n02859443_ILSVRC2012_val_00019378, 224
n02091467_ILSVRC2012_val_00029705, 24
n02666196_ILSVRC2012_val_00016236, 19
n04380533_ILSVRC2012_val_00033933, 224
n01532829_ILSVRC2012_val_00013456, 224
n04554684_ILSVRC2012_val_00001704, 224
n01739381_ILSVRC2012_val_00036082, 224
n04099969_ILSVRC2012_val_00001953, 224
n04398044_ILSVRC2012_val_00022342, 224
n04357314_ILSVRC2012_val_00031832, 224
n01773797_ILSVRC2012_val_00018439, 30
n01855032_ILSVRC2012_val_00011874, 19
n04347754_ILSVRC2012_val_00004204, 37
n03109150_ILSVRC2012_val_00020055, 24
n02895154_ILSVRC2012_val_00022803, 224
n03759954_ILSVRC2012_val_00021431, 224
n02666196_ILSVRC2012_val_00009486, 46
n04435653_ILSVRC2012_val_00005098, 91
n01797886_ILSVRC2012_val_00022110, 19
n02101556_ILSVRC2012_val_00026056, 30
n03196217_ILSVRC2012_val_00010672, 224
n03063689_ILSVRC2012_val_00014889, 91
n09399592_ILSVRC2012_val_00038398, 224
n03891251_ILSVRC2012_val_00027250, 224
n02128385_ILSVRC2012_val_00027464, 19
n03207941_ILSVRC2012_val_00045536, 19
n03445777_ILSVRC2012_val_00040694, 46
n01534433_ILSVRC2012_val_00003878, 224
n02687172_ILSVRC2012_val_00026474, 10
n02791270_ILSVRC2012_val_00018446, 224
n02098105_ILSVRC2012_val_00041118, 24
n04542943_ILSVRC2012_val_00015462, 37
n02504013_ILSVRC2012_val_00020120, 179
n02102177_ILSVRC2012_val_00006404, 37
n01855032_ILSVRC2012_val_00027070, 224
n04037443_ILSVRC2012_val_00022017, 224
n01632458_ILSVRC2012_val_00010462, 15
n03447721_ILSVRC2012_val_00002831, 224
n01990800_ILSVRC2012_val_00003738, 30
n02113023_ILSVRC2012_val_00035161, 19
n02098105_ILSVRC2012_val_00016567, 37
n02114367_ILSVRC2012_val_00031414, 91
n04228054_ILSVRC2012_val_00045586, 24
n04592741_ILSVRC2012_val_00016728, 224
n01860187_ILSVRC2012_val_00007423, 73
n01698640_ILSVRC2012_val_00011243, 19
n02892201_ILSVRC2012_val_00032820, 12
n03047690_ILSVRC2012_val_00015235, 30
n02823750_ILSVRC2012_val_00046210, 30
n07932039_ILSVRC2012_val_00015438, 224
n02606052_ILSVRC2012_val_00045650, 46
n03160309_ILSVRC2012_val_00044900, 224
n03355925_ILSVRC2012_val_00038515, 24
n02106382_ILSVRC2012_val_00011917, 224
n02226429_ILSVRC2012_val_00000972, 30
n04131690_ILSVRC2012_val_00011286, 37
n03956157_ILSVRC2012_val_00039438, 30
n03876231_ILSVRC2012_val_00023132, 30
n03240683_ILSVRC2012_val_00019875, 15
n02494079_ILSVRC2012_val_00005135, 30
n04252077_ILSVRC2012_val_00035620, 46
n03314780_ILSVRC2012_val_00042169, 224
n02066245_ILSVRC2012_val_00048116, 224
n02097130_ILSVRC2012_val_00041568, 224
n01693334_ILSVRC2012_val_00023753, 224
n02398521_ILSVRC2012_val_00027472, 224
n02814533_ILSVRC2012_val_00029057, 224
n01914609_ILSVRC2012_val_00046254, 224
n02497673_ILSVRC2012_val_00014914, 224
n02965783_ILSVRC2012_val_00031605, 30
n02085782_ILSVRC2012_val_00001225, 19
n02481823_ILSVRC2012_val_00020869, 91
n04152593_ILSVRC2012_val_00041664, 224
n02229544_ILSVRC2012_val_00016276, 30
n03481172_ILSVRC2012_val_00045395, 224
n03825788_ILSVRC2012_val_00026454, 24
n01817953_ILSVRC2012_val_00028862, 46
n02966193_ILSVRC2012_val_00030310, 37
n01749939_ILSVRC2012_val_00006403, 224
n01990800_ILSVRC2012_val_00041213, 224
n04317175_ILSVRC2012_val_00029515, 24
n04141076_ILSVRC2012_val_00015586, 19
n02119789_ILSVRC2012_val_00033561, 37
n03759954_ILSVRC2012_val_00009296, 30
n02504458_ILSVRC2012_val_00017097, 37
n07873807_ILSVRC2012_val_00007709, 30
n01484850_ILSVRC2012_val_00002338, 19
n02128757_ILSVRC2012_val_00019816, 15
n04347754_ILSVRC2012_val_00020107, 224
n03372029_ILSVRC2012_val_00048013, 224
n03127925_ILSVRC2012_val_00034903, 224
n01943899_ILSVRC2012_val_00010096, 224
n02708093_ILSVRC2012_val_00002853, 37
n01644900_ILSVRC2012_val_00004427, 224
n04476259_ILSVRC2012_val_00034739, 224
n02892767_ILSVRC2012_val_00005423, 224
n04592741_ILSVRC2012_val_00019965, 24
n02123159_ILSVRC2012_val_00016000, 224
n01819313_ILSVRC2012_val_00030734, 58
n02113624_ILSVRC2012_val_00044258, 224
n03481172_ILSVRC2012_val_00021070, 58
n03100240_ILSVRC2012_val_00022770, 30
n03180011_ILSVRC2012_val_00021924, 224
n01443537_ILSVRC2012_val_00012880, 15
n02086646_ILSVRC2012_val_00045683, 58
n03240683_ILSVRC2012_val_00036010, 30
n03602883_ILSVRC2012_val_00042275, 224
n04548280_ILSVRC2012_val_00035461, 224
n02999410_ILSVRC2012_val_00009078, 12
n04428191_ILSVRC2012_val_00038893, 224
n02835271_ILSVRC2012_val_00038409, 24
n04423845_ILSVRC2012_val_00026002, 37
n02129165_ILSVRC2012_val_00041380, 24
n04162706_ILSVRC2012_val_00004653, 114
n03538406_ILSVRC2012_val_00010304, 224
n04376876_ILSVRC2012_val_00028876, 24
n04033901_ILSVRC2012_val_00011060, 19
n03218198_ILSVRC2012_val_00017861, 19
n03584254_ILSVRC2012_val_00039654, 46
n01806567_ILSVRC2012_val_00035938, 12
n01644900_ILSVRC2012_val_00039996, 224
n03047690_ILSVRC2012_val_00045240, 224
n02870880_ILSVRC2012_val_00036412, 15
n03425413_ILSVRC2012_val_00000732, 19
n03873416_ILSVRC2012_val_00026884, 224
n03290653_ILSVRC2012_val_00028921, 19
n02486410_ILSVRC2012_val_00014339, 15
n09229709_ILSVRC2012_val_00012252, 24
n03272010_ILSVRC2012_val_00015207, 30
n01664065_ILSVRC2012_val_00034795, 224
n04423845_ILSVRC2012_val_00020705, 224
n01797886_ILSVRC2012_val_00018626, 24
n02807133_ILSVRC2012_val_00011615, 37
n02536864_ILSVRC2012_val_00029638, 15
n04560804_ILSVRC2012_val_00043815, 224
n04259630_ILSVRC2012_val_00032722, 37
n04074963_ILSVRC2012_val_00040768, 12
n02111129_ILSVRC2012_val_00018736, 24
n07716906_ILSVRC2012_val_00038602, 15
n02091831_ILSVRC2012_val_00031817, 224
n02930766_ILSVRC2012_val_00041065, 224
n03065424_ILSVRC2012_val_00001981, 37
n02783161_ILSVRC2012_val_00010497, 224
n02268443_ILSVRC2012_val_00031167, 24
n01756291_ILSVRC2012_val_00001706, 224
n03743016_ILSVRC2012_val_00034079, 24
n04153751_ILSVRC2012_val_00017334, 19
n02894605_ILSVRC2012_val_00013066, 224
n03899768_ILSVRC2012_val_00017640, 224
n02101388_ILSVRC2012_val_00017331, 30
n03018349_ILSVRC2012_val_00047905, 46
n01784675_ILSVRC2012_val_00047329, 224
n03770439_ILSVRC2012_val_00046676, 224
n02114855_ILSVRC2012_val_00039736, 19
n03388549_ILSVRC2012_val_00016373, 224
n02802426_ILSVRC2012_val_00038836, 24
n01945685_ILSVRC2012_val_00008468, 24
n01644900_ILSVRC2012_val_00044288, 224
n03045698_ILSVRC2012_val_00040125, 179
n03950228_ILSVRC2012_val_00028744, 224
n01616318_ILSVRC2012_val_00023247, 58
n02094258_ILSVRC2012_val_00000922, 19
n04200800_ILSVRC2012_val_00006159, 19
n04389033_ILSVRC2012_val_00034135, 37
n03602883_ILSVRC2012_val_00022516, 224
n03776460_ILSVRC2012_val_00026255, 30
n04515003_ILSVRC2012_val_00003521, 224
n03291819_ILSVRC2012_val_00037426, 37
n04209133_ILSVRC2012_val_00029797, 224
n02966687_ILSVRC2012_val_00048395, 224
n04392985_ILSVRC2012_val_00029362, 224
n03445924_ILSVRC2012_val_00013694, 37
n04254680_ILSVRC2012_val_00040853, 12
n02093991_ILSVRC2012_val_00043404, 224
n04370456_ILSVRC2012_val_00005163, 224
n02364673_ILSVRC2012_val_00029982, 12
n03788365_ILSVRC2012_val_00001664, 37
n04336792_ILSVRC2012_val_00023176, 24
n02966687_ILSVRC2012_val_00007100, 224
n02951585_ILSVRC2012_val_00023278, 224
n07768694_ILSVRC2012_val_00012753, 46
n04591713_ILSVRC2012_val_00027648, 224
n02051845_ILSVRC2012_val_00043668, 24
n01981276_ILSVRC2012_val_00030504, 19
n07697537_ILSVRC2012_val_00016179, 10
n02730930_ILSVRC2012_val_00000771, 46
n03461385_ILSVRC2012_val_00026381, 224
n01824575_ILSVRC2012_val_00011697, 224
n04037443_ILSVRC2012_val_00012769, 224
n02279972_ILSVRC2012_val_00046963, 224
n02071294_ILSVRC2012_val_00033565, 224
n02219486_ILSVRC2012_val_00036555, 224
n02410509_ILSVRC2012_val_00028745, 46
n07579787_ILSVRC2012_val_00031538, 224
n03478589_ILSVRC2012_val_00028658, 37
n02692877_ILSVRC2012_val_00006977, 24
n02092339_ILSVRC2012_val_00022824, 46
n04493381_ILSVRC2012_val_00031207, 224
n02104029_ILSVRC2012_val_00014775, 224
n01824575_ILSVRC2012_val_00002263, 24
n03884397_ILSVRC2012_val_00013954, 30
n03032252_ILSVRC2012_val_00031248, 24
n02825657_ILSVRC2012_val_00004291, 30
n02808440_ILSVRC2012_val_00024866, 224
n02259212_ILSVRC2012_val_00027387, 224
n07613480_ILSVRC2012_val_00037294, 15
n02093256_ILSVRC2012_val_00036989, 30
n02123045_ILSVRC2012_val_00001341, 224
n07753275_ILSVRC2012_val_00018941, 19
n02096294_ILSVRC2012_val_00026475, 224
n04557648_ILSVRC2012_val_00037544, 46
n03544143_ILSVRC2012_val_00019475, 30
n02457408_ILSVRC2012_val_00024501, 24
n03063689_ILSVRC2012_val_00042455, 224
n02486261_ILSVRC2012_val_00007174, 24
n02749479_ILSVRC2012_val_00016457, 224
n02808440_ILSVRC2012_val_00013900, 224
n01744401_ILSVRC2012_val_00044580, 24
n01630670_ILSVRC2012_val_00021083, 37
n07711569_ILSVRC2012_val_00015761, 37
n01986214_ILSVRC2012_val_00024894, 24
n09256479_ILSVRC2012_val_00007049, 30
n04285008_ILSVRC2012_val_00007592, 224
n02948072_ILSVRC2012_val_00012453, 224
n04560804_ILSVRC2012_val_00011758, 224
n07760859_ILSVRC2012_val_00039541, 24
n02123045_ILSVRC2012_val_00044027, 224
n03630383_ILSVRC2012_val_00004537, 37
n04557648_ILSVRC2012_val_00012968, 224
n03888605_ILSVRC2012_val_00028863, 224
n03393912_ILSVRC2012_val_00036114, 19
n04039381_ILSVRC2012_val_00028105, 24
n04141076_ILSVRC2012_val_00046661, 224
n01860187_ILSVRC2012_val_00033733, 24
n01984695_ILSVRC2012_val_00004219, 24
n04596742_ILSVRC2012_val_00042268, 224
n02025239_ILSVRC2012_val_00026556, 30
n03584829_ILSVRC2012_val_00012032, 58
n04584207_ILSVRC2012_val_00040311, 24
n03297495_ILSVRC2012_val_00007396, 224
n01675722_ILSVRC2012_val_00005647, 24
n01729977_ILSVRC2012_val_00010545, 19
n03902125_ILSVRC2012_val_00019465, 15
n02113978_ILSVRC2012_val_00046981, 19
n01843065_ILSVRC2012_val_00044268, 19
n03337140_ILSVRC2012_val_00028423, 30
n04005630_ILSVRC2012_val_00017246, 224
n01855032_ILSVRC2012_val_00031879, 58
n03131574_ILSVRC2012_val_00040407, 30
n07715103_ILSVRC2012_val_00048429, 24
n03976657_ILSVRC2012_val_00025930, 224
n03874599_ILSVRC2012_val_00024366, 224
n04336792_ILSVRC2012_val_00005839, 224
n03657121_ILSVRC2012_val_00017890, 19
n04049303_ILSVRC2012_val_00040866, 30
n02486261_ILSVRC2012_val_00041861, 24
n02860847_ILSVRC2012_val_00037897, 30
n02165456_ILSVRC2012_val_00017406, 37
n04517823_ILSVRC2012_val_00028443, 30
n03954731_ILSVRC2012_val_00037757, 37
n01773549_ILSVRC2012_val_00029496, 30
n02086240_ILSVRC2012_val_00042523, 24
n02099601_ILSVRC2012_val_00013611, 224
n02128925_ILSVRC2012_val_00031686, 19
n03773504_ILSVRC2012_val_00016766, 224
n02454379_ILSVRC2012_val_00002448, 24
n04523525_ILSVRC2012_val_00041517, 30
n03724870_ILSVRC2012_val_00009544, 224
n01847000_ILSVRC2012_val_00011584, 224
n04346328_ILSVRC2012_val_00000522, 24
n01817953_ILSVRC2012_val_00017242, 37
n02106550_ILSVRC2012_val_00019107, 3
n01910747_ILSVRC2012_val_00000063, 58
n02441942_ILSVRC2012_val_00042483, 30
n03124170_ILSVRC2012_val_00039750, 179
n03796401_ILSVRC2012_val_00025674, 224
n07717410_ILSVRC2012_val_00010479, 73
n04483307_ILSVRC2012_val_00049859, 143
n02423022_ILSVRC2012_val_00003125, 224
n02066245_ILSVRC2012_val_00004755, 30
n07831146_ILSVRC2012_val_00007802, 19
n02817516_ILSVRC2012_val_00031320, 15
n04599235_ILSVRC2012_val_00015111, 224
n01882714_ILSVRC2012_val_00015072, 46
n03724870_ILSVRC2012_val_00031381, 224
n07745940_ILSVRC2012_val_00004428, 30
n03961711_ILSVRC2012_val_00019084, 224
n01641577_ILSVRC2012_val_00003748, 19
n04532670_ILSVRC2012_val_00022338, 24
n03372029_ILSVRC2012_val_00046205, 224
n12768682_ILSVRC2012_val_00031830, 24
n01795545_ILSVRC2012_val_00028545, 46
n04579432_ILSVRC2012_val_00001734, 30
n02834397_ILSVRC2012_val_00035630, 37
n03388043_ILSVRC2012_val_00024660, 24
n04033901_ILSVRC2012_val_00002345, 58
n04542943_ILSVRC2012_val_00028926, 224
n03873416_ILSVRC2012_val_00016980, 224
n07742313_ILSVRC2012_val_00046718, 37
n11879895_ILSVRC2012_val_00003137, 12
n01944390_ILSVRC2012_val_00022381, 24
n02264363_ILSVRC2012_val_00001466, 24
n02011460_ILSVRC2012_val_00042193, 24
n02123159_ILSVRC2012_val_00039553, 224
n03146219_ILSVRC2012_val_00034509, 224
n02492035_ILSVRC2012_val_00041232, 30
n04515003_ILSVRC2012_val_00002400, 30
n03459775_ILSVRC2012_val_00025067, 224
n04589890_ILSVRC2012_val_00010471, 224
n03290653_ILSVRC2012_val_00010346, 37
n02058221_ILSVRC2012_val_00040987, 30
n02497673_ILSVRC2012_val_00030131, 224
n04380533_ILSVRC2012_val_00019316, 37
n03127747_ILSVRC2012_val_00041350, 19
n02412080_ILSVRC2012_val_00048771, 224
n02797295_ILSVRC2012_val_00023355, 224
n02483708_ILSVRC2012_val_00037156, 15
n03937543_ILSVRC2012_val_00043001, 19
n04604644_ILSVRC2012_val_00024728, 15
n01665541_ILSVRC2012_val_00022588, 224
n03325584_ILSVRC2012_val_00018101, 10
n01955084_ILSVRC2012_val_00024870, 224
n02092339_ILSVRC2012_val_00044611, 24
n04133789_ILSVRC2012_val_00037599, 46
n04146614_ILSVRC2012_val_00005166, 24
n02165105_ILSVRC2012_val_00003852, 24
n02415577_ILSVRC2012_val_00012720, 24
n02108000_ILSVRC2012_val_00049574, 30
n04372370_ILSVRC2012_val_00036463, 224
n04552348_ILSVRC2012_val_00047865, 24
n02500267_ILSVRC2012_val_00003500, 30
n02492660_ILSVRC2012_val_00008878, 224
n01675722_ILSVRC2012_val_00031103, 19
n03788365_ILSVRC2012_val_00015159, 24
n03160309_ILSVRC2012_val_00031189, 37
n03630383_ILSVRC2012_val_00019735, 224
n02825657_ILSVRC2012_val_00018146, 224
n03649909_ILSVRC2012_val_00022230, 224
n02094114_ILSVRC2012_val_00019305, 224
n04553703_ILSVRC2012_val_00003795, 30
n02095570_ILSVRC2012_val_00024464, 30
n02112350_ILSVRC2012_val_00014547, 58
n04238763_ILSVRC2012_val_00028688, 30
n03065424_ILSVRC2012_val_00020368, 224
n02231487_ILSVRC2012_val_00047601, 19
n04254680_ILSVRC2012_val_00038483, 24
n07715103_ILSVRC2012_val_00005776, 224
n04005630_ILSVRC2012_val_00031106, 224
n01950731_ILSVRC2012_val_00011651, 224
n04483307_ILSVRC2012_val_00048457, 24
n03777754_ILSVRC2012_val_00022796, 37
n09428293_ILSVRC2012_val_00002544, 224
n03930313_ILSVRC2012_val_00004063, 224
n02927161_ILSVRC2012_val_00043322, 224
n07831146_ILSVRC2012_val_00034117, 15
n04612504_ILSVRC2012_val_00045388, 19
n03649909_ILSVRC2012_val_00049371, 19
n01817953_ILSVRC2012_val_00012003, 30
n02834397_ILSVRC2012_val_00043290, 30
n04311174_ILSVRC2012_val_00013300, 224
n02814860_ILSVRC2012_val_00005131, 58
n02093428_ILSVRC2012_val_00039832, 224
n02807133_ILSVRC2012_val_00016691, 24
n04023962_ILSVRC2012_val_00010977, 3
n02814533_ILSVRC2012_val_00016314, 24
n02124075_ILSVRC2012_val_00010417, 224
n01818515_ILSVRC2012_val_00048027, 224
n01729977_ILSVRC2012_val_00021750, 24
n03220513_ILSVRC2012_val_00044722, 224
n01784675_ILSVRC2012_val_00004136, 224
n01692333_ILSVRC2012_val_00036849, 15
n01667114_ILSVRC2012_val_00026202, 24
n02804610_ILSVRC2012_val_00011135, 224
n04263257_ILSVRC2012_val_00025811, 224
n04591713_ILSVRC2012_val_00024147, 179
n02006656_ILSVRC2012_val_00013110, 24
n07760859_ILSVRC2012_val_00047777, 30
n02110806_ILSVRC2012_val_00030771, 224
n04147183_ILSVRC2012_val_00015783, 224
n04141327_ILSVRC2012_val_00038141, 224
n01882714_ILSVRC2012_val_00046155, 224
n13040303_ILSVRC2012_val_00025446, 30
n04266014_ILSVRC2012_val_00048263, 24
n03633091_ILSVRC2012_val_00002347, 30
n01748264_ILSVRC2012_val_00014620, 58
n03787032_ILSVRC2012_val_00044851, 224
n01498041_ILSVRC2012_val_00042175, 224
n04147183_ILSVRC2012_val_00009142, 15
n02835271_ILSVRC2012_val_00026292, 24
n03950228_ILSVRC2012_val_00034799, 224
n04591157_ILSVRC2012_val_00022572, 224
n03404251_ILSVRC2012_val_00038511, 15
n01518878_ILSVRC2012_val_00039355, 58
n01698640_ILSVRC2012_val_00003688, 24
n07875152_ILSVRC2012_val_00022876, 30
n07860988_ILSVRC2012_val_00019221, 224
n03908618_ILSVRC2012_val_00008762, 24
n02091467_ILSVRC2012_val_00004996, 224
n01494475_ILSVRC2012_val_00035367, 224
n04599235_ILSVRC2012_val_00027561, 224
n01697457_ILSVRC2012_val_00008146, 15
n01739381_ILSVRC2012_val_00029979, 19
n04099969_ILSVRC2012_val_00017631, 30
n03372029_ILSVRC2012_val_00008240, 19
n03825788_ILSVRC2012_val_00048248, 24
n03594734_ILSVRC2012_val_00048648, 19
n07836838_ILSVRC2012_val_00030686, 15
n07920052_ILSVRC2012_val_00028753, 224
n03617480_ILSVRC2012_val_00035822, 224
n03929660_ILSVRC2012_val_00036654, 24
n03125729_ILSVRC2012_val_00019971, 224
n04442312_ILSVRC2012_val_00021748, 15
n04325704_ILSVRC2012_val_00032664, 224
n02089867_ILSVRC2012_val_00037305, 19
n03530642_ILSVRC2012_val_00025146, 224
n01784675_ILSVRC2012_val_00039488, 15
n04252077_ILSVRC2012_val_00033043, 24
n13037406_ILSVRC2012_val_00030151, 19
n03706229_ILSVRC2012_val_00046324, 224
n03961711_ILSVRC2012_val_00027431, 19
n02229544_ILSVRC2012_val_00003997, 224
n01608432_ILSVRC2012_val_00033214, 58
n02123045_ILSVRC2012_val_00047911, 224
n03529860_ILSVRC2012_val_00025630, 224
n03372029_ILSVRC2012_val_00021414, 12
n01484850_ILSVRC2012_val_00028028, 73
n01843383_ILSVRC2012_val_00014068, 24
n03633091_ILSVRC2012_val_00014264, 224
n01631663_ILSVRC2012_val_00016864, 224
n02002556_ILSVRC2012_val_00041881, 19
n03874293_ILSVRC2012_val_00035353, 24
n01843065_ILSVRC2012_val_00011605, 24
n03733131_ILSVRC2012_val_00022473, 24
n04162706_ILSVRC2012_val_00005165, 224
n02526121_ILSVRC2012_val_00041627, 46
n01950731_ILSVRC2012_val_00039974, 24
n03109150_ILSVRC2012_val_00033008, 224
n02442845_ILSVRC2012_val_00040698, 19
n03903868_ILSVRC2012_val_00024519, 224
n03179701_ILSVRC2012_val_00012239, 224
n02102040_ILSVRC2012_val_00004553, 30
n03710721_ILSVRC2012_val_00041966, 224
n04009552_ILSVRC2012_val_00045112, 224
n01855672_ILSVRC2012_val_00025667, 224
n06596364_ILSVRC2012_val_00029846, 224
n03733281_ILSVRC2012_val_00016418, 37
n03388043_ILSVRC2012_val_00028934, 73
n03447447_ILSVRC2012_val_00012445, 19
n07875152_ILSVRC2012_val_00015388, 19
n01491361_ILSVRC2012_val_00030658, 224
n02988304_ILSVRC2012_val_00003491, 224
n02500267_ILSVRC2012_val_00007243, 24
n03791053_ILSVRC2012_val_00039358, 30
n02325366_ILSVRC2012_val_00013352, 37
n03642806_ILSVRC2012_val_00048251, 224
n01443537_ILSVRC2012_val_00013513, 30
n02825657_ILSVRC2012_val_00015150, 224
n03788365_ILSVRC2012_val_00042450, 37
n04613696_ILSVRC2012_val_00007854, 30
n01735189_ILSVRC2012_val_00046440, 19
n03764736_ILSVRC2012_val_00005478, 224
n02129165_ILSVRC2012_val_00012343, 19
n02454379_ILSVRC2012_val_00018686, 224
n02113978_ILSVRC2012_val_00011202, 37
n02342885_ILSVRC2012_val_00015181, 37
n02088094_ILSVRC2012_val_00015990, 24
n02089078_ILSVRC2012_val_00019462, 224
n02727426_ILSVRC2012_val_00039440, 19
n03983396_ILSVRC2012_val_00033968, 24
n02799071_ILSVRC2012_val_00012189, 37
n02843684_ILSVRC2012_val_00006780, 24
n02085782_ILSVRC2012_val_00043201, 30
n01514668_ILSVRC2012_val_00028712, 224
n04019541_ILSVRC2012_val_00009756, 19
n01751748_ILSVRC2012_val_00033903, 15
n03461385_ILSVRC2012_val_00042117, 224
n03649909_ILSVRC2012_val_00013162, 224
n02493509_ILSVRC2012_val_00040269, 224
n03770679_ILSVRC2012_val_00007374, 224
n02100735_ILSVRC2012_val_00019050, 224
n02066245_ILSVRC2012_val_00037778, 224
n02087394_ILSVRC2012_val_00000077, 37
n02109047_ILSVRC2012_val_00042206, 30
n02096437_ILSVRC2012_val_00003380, 46
n03961711_ILSVRC2012_val_00042539, 30
n03467068_ILSVRC2012_val_00049891, 143
n03803284_ILSVRC2012_val_00027961, 224
n02025239_ILSVRC2012_val_00028187, 30
n04485082_ILSVRC2012_val_00035926, 224
n03028079_ILSVRC2012_val_00033509, 24
n02172182_ILSVRC2012_val_00011085, 30
n01558993_ILSVRC2012_val_00007667, 10
n01729977_ILSVRC2012_val_00040950, 224
n03967562_ILSVRC2012_val_00041970, 30
n03769881_ILSVRC2012_val_00036750, 224
n02106550_ILSVRC2012_val_00034771, 19
n02190166_ILSVRC2012_val_00036434, 46
n02006656_ILSVRC2012_val_00008978, 24
n01664065_ILSVRC2012_val_00020141, 46
n03127747_ILSVRC2012_val_00025383, 224
n04509417_ILSVRC2012_val_00017279, 224
n04560804_ILSVRC2012_val_00034852, 224
n02109525_ILSVRC2012_val_00049356, 91
n02699494_ILSVRC2012_val_00013048, 19
n02120505_ILSVRC2012_val_00043421, 30
n03977966_ILSVRC2012_val_00007655, 224
n01728920_ILSVRC2012_val_00047852, 24
n03720891_ILSVRC2012_val_00047710, 46
n03126707_ILSVRC2012_val_00038795, 73
n03840681_ILSVRC2012_val_00023297, 24
n02403003_ILSVRC2012_val_00009046, 30
n03187595_ILSVRC2012_val_00029045, 24
n02342885_ILSVRC2012_val_00039968, 24
n02417914_ILSVRC2012_val_00003685, 37
n04532670_ILSVRC2012_val_00044782, 224
n02676566_ILSVRC2012_val_00005467, 224
n09428293_ILSVRC2012_val_00043977, 46
n03127925_ILSVRC2012_val_00027797, 224
n03065424_ILSVRC2012_val_00040791, 15
n02107312_ILSVRC2012_val_00034324, 224
n02087394_ILSVRC2012_val_00001651, 30
n04127249_ILSVRC2012_val_00002068, 24
n09246464_ILSVRC2012_val_00019597, 30
n02910353_ILSVRC2012_val_00046056, 224
n02013706_ILSVRC2012_val_00045911, 30
n04125021_ILSVRC2012_val_00001169, 30
n02259212_ILSVRC2012_val_00028692, 224
n04264628_ILSVRC2012_val_00044098, 224
n03355925_ILSVRC2012_val_00012078, 24
n03042490_ILSVRC2012_val_00033943, 224
n01985128_ILSVRC2012_val_00003119, 224
n02417914_ILSVRC2012_val_00023489, 37
n03325584_ILSVRC2012_val_00034182, 3
n04116512_ILSVRC2012_val_00015288, 30
n01753488_ILSVRC2012_val_00034461, 224
n02992529_ILSVRC2012_val_00005705, 46
n03085013_ILSVRC2012_val_00044090, 30
n03908618_ILSVRC2012_val_00012965, 224
n03743016_ILSVRC2012_val_00020640, 24
n02509815_ILSVRC2012_val_00012980, 30
n02860847_ILSVRC2012_val_00003099, 37
n04336792_ILSVRC2012_val_00016751, 224
n02676566_ILSVRC2012_val_00019450, 224
n03706229_ILSVRC2012_val_00016942, 46
n02492660_ILSVRC2012_val_00047185, 24
n07880968_ILSVRC2012_val_00031146, 24
n01737021_ILSVRC2012_val_00009042, 224
n04548362_ILSVRC2012_val_00003108, 37
n02086079_ILSVRC2012_val_00041109, 224
n01443537_ILSVRC2012_val_00022138, 3
n02837789_ILSVRC2012_val_00036936, 24
n02892201_ILSVRC2012_val_00033978, 19
n02099267_ILSVRC2012_val_00019226, 19
n02112018_ILSVRC2012_val_00044585, 10
n02111500_ILSVRC2012_val_00029490, 24
n03666591_ILSVRC2012_val_00009465, 91
n04041544_ILSVRC2012_val_00008193, 224
n02823750_ILSVRC2012_val_00037744, 73
n04263257_ILSVRC2012_val_00034989, 224
n02110063_ILSVRC2012_val_00005575, 19
n01806567_ILSVRC2012_val_00026021, 37
n04350905_ILSVRC2012_val_00030307, 30
n03661043_ILSVRC2012_val_00000715, 224
n04200800_ILSVRC2012_val_00048329, 30
n03658185_ILSVRC2012_val_00008145, 224
n09288635_ILSVRC2012_val_00030256, 24
n02823750_ILSVRC2012_val_00010130, 30
n02108000_ILSVRC2012_val_00002492, 15
n02807133_ILSVRC2012_val_00006861, 224
n03188531_ILSVRC2012_val_00014675, 58
n02056570_ILSVRC2012_val_00011062, 15
n03445777_ILSVRC2012_val_00022792, 37
n07697537_ILSVRC2012_val_00042412, 37
n02415577_ILSVRC2012_val_00019055, 15
n03899768_ILSVRC2012_val_00011183, 19
n01773797_ILSVRC2012_val_00007677, 224
n03485407_ILSVRC2012_val_00036135, 19
n02361337_ILSVRC2012_val_00038028, 24
n01558993_ILSVRC2012_val_00019038, 19
n04252077_ILSVRC2012_val_00029893, 24
n03483316_ILSVRC2012_val_00043382, 224
n04041544_ILSVRC2012_val_00047817, 19
n02037110_ILSVRC2012_val_00002738, 224
n04398044_ILSVRC2012_val_00030441, 224
n01795545_ILSVRC2012_val_00035601, 19
n02814533_ILSVRC2012_val_00027081, 37
n03291819_ILSVRC2012_val_00003352, 224
n02124075_ILSVRC2012_val_00007023, 37
n02804414_ILSVRC2012_val_00017317, 224
n02112018_ILSVRC2012_val_00019822, 58
n03325584_ILSVRC2012_val_00007741, 15
n03457902_ILSVRC2012_val_00014654, 24
n01748264_ILSVRC2012_val_00035976, 143
n03709823_ILSVRC2012_val_00032247, 224
n02007558_ILSVRC2012_val_00019951, 19
n02128925_ILSVRC2012_val_00041267, 19
n02033041_ILSVRC2012_val_00020205, 37
n03888605_ILSVRC2012_val_00008363, 46
n03131574_ILSVRC2012_val_00016407, 24
n07873807_ILSVRC2012_val_00047524, 224
n01843383_ILSVRC2012_val_00015673, 37
n04428191_ILSVRC2012_val_00003316, 19
n03777754_ILSVRC2012_val_00007543, 224
n02097130_ILSVRC2012_val_00003758, 73
n03764736_ILSVRC2012_val_00002470, 46
n02487347_ILSVRC2012_val_00022040, 46
n03710721_ILSVRC2012_val_00047553, 224
n01855032_ILSVRC2012_val_00025130, 24
n02113023_ILSVRC2012_val_00044237, 30
n04009552_ILSVRC2012_val_00001253, 15
n04591713_ILSVRC2012_val_00039657, 224
n01943899_ILSVRC2012_val_00012672, 224
n02130308_ILSVRC2012_val_00031348, 224
n11939491_ILSVRC2012_val_00004514, 30
n12620546_ILSVRC2012_val_00029292, 30
n01530575_ILSVRC2012_val_00037116, 58
n02094114_ILSVRC2012_val_00014810, 30
n01641577_ILSVRC2012_val_00019578, 37
n02107574_ILSVRC2012_val_00001302, 30
n02749479_ILSVRC2012_val_00002719, 224
n03109150_ILSVRC2012_val_00040330, 24
n02113186_ILSVRC2012_val_00025691, 58
n03623198_ILSVRC2012_val_00009826, 224
n02787622_ILSVRC2012_val_00010207, 19
n02098286_ILSVRC2012_val_00008945, 46
n01944390_ILSVRC2012_val_00002602, 30
n03903868_ILSVRC2012_val_00010953, 30
n03026506_ILSVRC2012_val_00040934, 19
n02104365_ILSVRC2012_val_00042768, 224
n02708093_ILSVRC2012_val_00013244, 24
n13052670_ILSVRC2012_val_00039616, 15
n04366367_ILSVRC2012_val_00004429, 224
n01843383_ILSVRC2012_val_00005901, 30
n03530642_ILSVRC2012_val_00041787, 24
n03384352_ILSVRC2012_val_00018473, 224
n04081281_ILSVRC2012_val_00047007, 224
n04125021_ILSVRC2012_val_00041163, 224
n04584207_ILSVRC2012_val_00039917, 224
n01930112_ILSVRC2012_val_00026452, 224
n04229816_ILSVRC2012_val_00020818, 12
n02776631_ILSVRC2012_val_00039610, 224
n02095570_ILSVRC2012_val_00046610, 224
n03133878_ILSVRC2012_val_00004670, 24
n03733131_ILSVRC2012_val_00003505, 24
n03028079_ILSVRC2012_val_00049943, 46
n07584110_ILSVRC2012_val_00032735, 37
n02094433_ILSVRC2012_val_00043233, 46
n04204238_ILSVRC2012_val_00015859, 224
n04486054_ILSVRC2012_val_00040446, 30
n10148035_ILSVRC2012_val_00022168, 24
n12267677_ILSVRC2012_val_00024975, 19
n03494278_ILSVRC2012_val_00021005, 37
n02963159_ILSVRC2012_val_00049556, 224
n06785654_ILSVRC2012_val_00004597, 24
n03733281_ILSVRC2012_val_00039998, 224
n09256479_ILSVRC2012_val_00008164, 224
n04536866_ILSVRC2012_val_00046990, 224
n04398044_ILSVRC2012_val_00014880, 224
n07753275_ILSVRC2012_val_00030047, 24
n02363005_ILSVRC2012_val_00023296, 30
n01491361_ILSVRC2012_val_00013484, 19
n03133878_ILSVRC2012_val_00041085, 24
n04596742_ILSVRC2012_val_00018350, 224
n02480855_ILSVRC2012_val_00041155, 224
n04532106_ILSVRC2012_val_00043040, 24
n03976467_ILSVRC2012_val_00037321, 37
n02002556_ILSVRC2012_val_00026139, 15
n01774750_ILSVRC2012_val_00035080, 19
n03630383_ILSVRC2012_val_00045271, 24
n02825657_ILSVRC2012_val_00002587, 12
n04265275_ILSVRC2012_val_00031079, 224
n03000247_ILSVRC2012_val_00034857, 224
n07695742_ILSVRC2012_val_00003416, 24
n03047690_ILSVRC2012_val_00018631, 224
n02979186_ILSVRC2012_val_00017775, 224
n02113186_ILSVRC2012_val_00022712, 224
n04266014_ILSVRC2012_val_00014262, 12
n03623198_ILSVRC2012_val_00017853, 224
n04330267_ILSVRC2012_val_00029749, 24
n03197337_ILSVRC2012_val_00038776, 224
n01496331_ILSVRC2012_val_00045936, 224
n03297495_ILSVRC2012_val_00022933, 224
n04040759_ILSVRC2012_val_00012378, 24
n02105056_ILSVRC2012_val_00036843, 224
n04067472_ILSVRC2012_val_00012789, 224
n02088632_ILSVRC2012_val_00010982, 224
n04335435_ILSVRC2012_val_00044131, 19
n03781244_ILSVRC2012_val_00028364, 224
n01531178_ILSVRC2012_val_00015903, 24
n02219486_ILSVRC2012_val_00043616, 224
n07831146_ILSVRC2012_val_00029301, 24
n01537544_ILSVRC2012_val_00043965, 19
n03272010_ILSVRC2012_val_00001273, 224
n03670208_ILSVRC2012_val_00013054, 224
n02096177_ILSVRC2012_val_00032177, 24
n03710637_ILSVRC2012_val_00003825, 224
n04479046_ILSVRC2012_val_00043741, 24
n02101006_ILSVRC2012_val_00039268, 15
n03089624_ILSVRC2012_val_00041701, 224
n01514668_ILSVRC2012_val_00047137, 224
n04428191_ILSVRC2012_val_00034195, 224
n04606251_ILSVRC2012_val_00021959, 224
n04355933_ILSVRC2012_val_00004932, 224
n01514668_ILSVRC2012_val_00019721, 24
