n01491361_ILSVRC2012_val_00029300, 0.9999999999816034
n03345487_ILSVRC2012_val_00008602, 0.9999999999986444
n02363005_ILSVRC2012_val_00036380, 0.9988616695838565
n04026417_ILSVRC2012_val_00019863, 0.09128737383381613
n02134418_ILSVRC2012_val_00022698, 0.0013396227738174523
n03032252_ILSVRC2012_val_00036856, 0.006131316308915832
n03661043_ILSVRC2012_val_00039081, 1.1847186586501246e-05
n09399592_ILSVRC2012_val_00039034, 0.9999984410560623
n04311174_ILSVRC2012_val_00031667, 0.9999999999999314
n01532829_ILSVRC2012_val_00000873, 0.15049518847305748
n06785654_ILSVRC2012_val_00027470, 0.8302892108499214
n02927161_ILSVRC2012_val_00003463, 0.0010273849548042373
n02089078_ILSVRC2012_val_00023966, 0.11922874407827876
n03633091_ILSVRC2012_val_00006333, 0.004725956866483109
n03775071_ILSVRC2012_val_00022216, 0.008561072436440813
n03717622_ILSVRC2012_val_00049910, 0.9349921129133952
n02280649_ILSVRC2012_val_00035898, 0.9999999999999976
n02033041_ILSVRC2012_val_00035363, 1.0
n03929660_ILSVRC2012_val_00035611, 0.059275542562148974
n04589890_ILSVRC2012_val_00005806, 0.4420551670256154
n02093647_ILSVRC2012_val_00033269, 0.9995181507442725
n03016953_ILSVRC2012_val_00014557, 0.9999999954156669
n01755581_ILSVRC2012_val_00038859, 0.999999999999972
n04049303_ILSVRC2012_val_00010839, 0.05322676992607802
n02489166_ILSVRC2012_val_00019235, 1.0
n07753592_ILSVRC2012_val_00012444, 0.3436045871427465
n02526121_ILSVRC2012_val_00009459, 0.0059747788585660854
n02730930_ILSVRC2012_val_00003567, 0.9999999763682134
n02974003_ILSVRC2012_val_00023858, 0.071963856293257
n02109961_ILSVRC2012_val_00029313, 0.8590673847764867
n04141076_ILSVRC2012_val_00006682, 1.0
n11939491_ILSVRC2012_val_00034896, 0.13864125447566716
n07930864_ILSVRC2012_val_00009249, 0.07498110479659083
n01739381_ILSVRC2012_val_00046490, 0.999999999988241
n01820546_ILSVRC2012_val_00005925, 0.002451261770903748
n04266014_ILSVRC2012_val_00049754, 1.0
n02088466_ILSVRC2012_val_00014631, 0.41290266055980335
n03930313_ILSVRC2012_val_00040562, 0.9999999957011227
n02110627_ILSVRC2012_val_00006933, 1.0
n02108422_ILSVRC2012_val_00029363, 0.9987313065565692
n02264363_ILSVRC2012_val_00011783, 0.052410522927776544
n07584110_ILSVRC2012_val_00006798, 0.5077690547693425
n03417042_ILSVRC2012_val_00004119, 0.32305485041158605
n04263257_ILSVRC2012_val_00008514, 0.9999751938983807
n01695060_ILSVRC2012_val_00022470, 0.9999999999975937
n03794056_ILSVRC2012_val_00000430, 0.8827227407237013
n04523525_ILSVRC2012_val_00049794, 0.001386234944639472
n02190166_ILSVRC2012_val_00038774, 1.0
n12144580_ILSVRC2012_val_00038919, 0.9999738981031789
n02403003_ILSVRC2012_val_00013190, 0.9999846466981056
n03954731_ILSVRC2012_val_00039935, 0.999997925427168
n04004767_ILSVRC2012_val_00043636, 0.027382991192486734
n02814533_ILSVRC2012_val_00024318, 0.45646955166216685
n01614925_ILSVRC2012_val_00046564, 0.9999999999977343
n04370456_ILSVRC2012_val_00018171, 0.017731846483803583
n03838899_ILSVRC2012_val_00017944, 0.060368450357028286
n02165105_ILSVRC2012_val_00031488, 1.0
n04254680_ILSVRC2012_val_00008133, 1.0
n02916936_ILSVRC2012_val_00012520, 0.1552350080830753
n02028035_ILSVRC2012_val_00019389, 1.0
n02835271_ILSVRC2012_val_00009228, 0.9999999816154322
n04389033_ILSVRC2012_val_00046843, 0.930799967943169
n04228054_ILSVRC2012_val_00024679, 0.9999999999999747
n02268853_ILSVRC2012_val_00004215, 0.9999789145604158
n03717622_ILSVRC2012_val_00010030, 0.02315665258339175
n03877845_ILSVRC2012_val_00003937, 0.03763126819638831
n03041632_ILSVRC2012_val_00040170, 0.01540854315485281
n02219486_ILSVRC2012_val_00038010, 0.9968496510034551
n03877845_ILSVRC2012_val_00014955, 0.0002945842214703189
n02437312_ILSVRC2012_val_00016586, 0.9969258800241685
n02167151_ILSVRC2012_val_00032023, 1.0
n12985857_ILSVRC2012_val_00004103, 0.9902867943209532
n03958227_ILSVRC2012_val_00015775, 8.591126999495804e-06
n03459775_ILSVRC2012_val_00004928, 0.966601093089003
n02107312_ILSVRC2012_val_00014780, 0.9996918834634813
n03874293_ILSVRC2012_val_00017941, 0.9985873439557714
n03924679_ILSVRC2012_val_00022650, 0.9950669860381012
n02074367_ILSVRC2012_val_00033885, 1.0
n02480495_ILSVRC2012_val_00017493, 0.08368003056596675
n03255030_ILSVRC2012_val_00010730, 0.2093689613691295
n02165105_ILSVRC2012_val_00000768, 0.051093155688172597
n03788195_ILSVRC2012_val_00044234, 0.9999999983117953
n02927161_ILSVRC2012_val_00011432, 0.00011182225826126273
n02100583_ILSVRC2012_val_00018982, 0.0931419852925043
n02497673_ILSVRC2012_val_00011144, 0.9999979821881794
n02841315_ILSVRC2012_val_00012679, 1.1936509823199488e-05
n07747607_ILSVRC2012_val_00033807, 0.010482762330042552
n03995372_ILSVRC2012_val_00048981, 0.0005376964510409772
n02107142_ILSVRC2012_val_00028584, 0.27257392443244505
n02504013_ILSVRC2012_val_00004882, 0.9655141322187729
n01641577_ILSVRC2012_val_00013974, 1.0
n03223299_ILSVRC2012_val_00048302, 0.04884677638407449
n07697313_ILSVRC2012_val_00037389, 0.07189748726774718
n04540053_ILSVRC2012_val_00012002, 0.3536315781428724
n01530575_ILSVRC2012_val_00045172, 0.98189633410231
n03673027_ILSVRC2012_val_00034696, 0.32477102423581883
n02077923_ILSVRC2012_val_00026593, 0.9608951484835357
n04070727_ILSVRC2012_val_00005383, 0.9999739601283936
n03384352_ILSVRC2012_val_00005128, 0.9999999998967459
n03876231_ILSVRC2012_val_00004827, 0.0010987690531651549
n03769881_ILSVRC2012_val_00031349, 0.13983973179572878
n01872401_ILSVRC2012_val_00030772, 0.9975038563982196
n02843684_ILSVRC2012_val_00013138, 0.19735625681932475
n01910747_ILSVRC2012_val_00035964, 0.9999999999119653
n03764736_ILSVRC2012_val_00026080, 2.6784208348603818e-08
n04254120_ILSVRC2012_val_00044604, 0.00461922827636689
n02123394_ILSVRC2012_val_00031180, 1.0
n03532672_ILSVRC2012_val_00005540, 0.0128500619499193
n02099712_ILSVRC2012_val_00009984, 0.27524260535194234
n02437312_ILSVRC2012_val_00019200, 0.5362919351065608
n02165456_ILSVRC2012_val_00036251, 0.9999999999946403
n03871628_ILSVRC2012_val_00042417, 0.0024531008774467036
n04344873_ILSVRC2012_val_00014105, 0.3662562163576642
n02093754_ILSVRC2012_val_00004511, 0.8055470470290623
n07613480_ILSVRC2012_val_00004874, 0.5846658931889614
n03697007_ILSVRC2012_val_00002979, 0.9169930092890183
n02108089_ILSVRC2012_val_00018604, 0.4195634657239484
n03733281_ILSVRC2012_val_00000118, 0.7891009074434137
n03133878_ILSVRC2012_val_00033981, 0.9999999936031372
n02319095_ILSVRC2012_val_00045604, 0.9999811060195062
n01728572_ILSVRC2012_val_00003569, 1.0
n03991062_ILSVRC2012_val_00024716, 0.9994610736835785
n02892767_ILSVRC2012_val_00000808, 0.009938957146224007
n02441942_ILSVRC2012_val_00007735, 0.9999988259081993
n04141076_ILSVRC2012_val_00008159, 1.0
n02168699_ILSVRC2012_val_00000926, 0.06567106869443534
n02268853_ILSVRC2012_val_00002893, 1.0
n02328150_ILSVRC2012_val_00029632, 0.08299585234556943
n03891251_ILSVRC2012_val_00034159, 0.9999999536177077
n04081281_ILSVRC2012_val_00045105, 0.03412670170235575
n02094433_ILSVRC2012_val_00025821, 0.22996125814836113
n03662601_ILSVRC2012_val_00014119, 1.0
n04482393_ILSVRC2012_val_00029793, 0.20620399145281415
n03109150_ILSVRC2012_val_00045314, 0.9997085809983712
n02978881_ILSVRC2012_val_00001437, 0.45341475162095074
n02281406_ILSVRC2012_val_00024754, 1.0
n02443484_ILSVRC2012_val_00014233, 0.3947438044366825
n02128385_ILSVRC2012_val_00042868, 0.1416063855605064
n02799071_ILSVRC2012_val_00036898, 0.9970974275549934
n03930630_ILSVRC2012_val_00023096, 0.9999622063267003
n01883070_ILSVRC2012_val_00045335, 0.9999418947894024
n09246464_ILSVRC2012_val_00048191, 0.09381147837883455
n04599235_ILSVRC2012_val_00011864, 0.0008681330687391596
n04515003_ILSVRC2012_val_00018323, 0.9999999766964768
n01687978_ILSVRC2012_val_00046258, 0.9999999999824991
n03710193_ILSVRC2012_val_00043368, 0.9653892950419861
n02423022_ILSVRC2012_val_00013750, 1.0
n04487081_ILSVRC2012_val_00008255, 0.9993733434306875
n03775546_ILSVRC2012_val_00011309, 0.615297357378041
n04026417_ILSVRC2012_val_00002590, 0.2256063087930177
n03791053_ILSVRC2012_val_00010636, 0.9999999787103526
n04229816_ILSVRC2012_val_00008480, 0.07113093234824898
n03372029_ILSVRC2012_val_00025781, 0.0011626211389062834
n03877472_ILSVRC2012_val_00019632, 0.43530587845363955
n02843684_ILSVRC2012_val_00025965, 0.9999994777678333
n02086646_ILSVRC2012_val_00008198, 0.6076924515645813
n02105641_ILSVRC2012_val_00005905, 0.9999999999444156
n03291819_ILSVRC2012_val_00048896, 0.0200486664001177
n02788148_ILSVRC2012_val_00049098, 0.08248212011965984
n07753113_ILSVRC2012_val_00032827, 0.9999999999997391
n02966687_ILSVRC2012_val_00021519, 0.010750455133074282
n02112018_ILSVRC2012_val_00039662, 1.0
n02280649_ILSVRC2012_val_00016780, 0.9999999999996654
n02089867_ILSVRC2012_val_00035767, 0.12501856178299378
n02790996_ILSVRC2012_val_00022044, 0.0001730996141859689
n03017168_ILSVRC2012_val_00020461, 0.09425804499592416
n02085936_ILSVRC2012_val_00034259, 0.0027710267512377753
n02437616_ILSVRC2012_val_00037380, 0.9822883770371006
n02093754_ILSVRC2012_val_00020832, 0.06526727248941605
n02606052_ILSVRC2012_val_00033908, 0.9999991166512201
n04074963_ILSVRC2012_val_00028651, 1.0
n04525038_ILSVRC2012_val_00043142, 0.004182215704403816
n03838899_ILSVRC2012_val_00011452, 1.0
n03709823_ILSVRC2012_val_00007848, 0.9930454217217605
n04332243_ILSVRC2012_val_00048376, 0.0024634197257973785
n01616318_ILSVRC2012_val_00040205, 0.982054853513156
n07734744_ILSVRC2012_val_00019483, 0.48558822382662203
n02066245_ILSVRC2012_val_00015203, 0.8363046022997495
n04192698_ILSVRC2012_val_00047516, 0.004139466236009659
n02105251_ILSVRC2012_val_00021946, 0.06953371456723473
n04009552_ILSVRC2012_val_00033020, 0.9999999999999494
n02110627_ILSVRC2012_val_00029382, 0.12945221290591707
n02091635_ILSVRC2012_val_00041912, 0.009380308614712984
n03045698_ILSVRC2012_val_00000750, 5.783975626824433e-05
n07248320_ILSVRC2012_val_00034391, 0.012342897263798525
n02002724_ILSVRC2012_val_00006487, 0.9795017901978564
n03832673_ILSVRC2012_val_00005161, 0.7787177323141719
n03775071_ILSVRC2012_val_00035830, 0.3762558166953304
n02892201_ILSVRC2012_val_00017464, 0.9999999947598539
n02025239_ILSVRC2012_val_00009210, 0.8807359931228215
n02457408_ILSVRC2012_val_00042228, 0.9476717731869052
n03124170_ILSVRC2012_val_00020143, 0.9999994602001773
n02106166_ILSVRC2012_val_00009862, 0.9558576354274608
n03843555_ILSVRC2012_val_00047130, 0.8376703667556382
n02105412_ILSVRC2012_val_00017056, 0.9999734696338225
n04263257_ILSVRC2012_val_00037205, 0.8633312763361372
n02687172_ILSVRC2012_val_00042849, 0.04353238634248686
n03133878_ILSVRC2012_val_00012686, 1.0
n04154565_ILSVRC2012_val_00041073, 0.4485155003782586
n01981276_ILSVRC2012_val_00021241, 0.10903207724097928
n03947888_ILSVRC2012_val_00012447, 0.9999985019766618
n03930313_ILSVRC2012_val_00028528, 0.999967316377262
n03249569_ILSVRC2012_val_00040561, 0.9999962857359481
n02277742_ILSVRC2012_val_00013386, 0.999999999978612
n02437312_ILSVRC2012_val_00013553, 0.17818939037820736
n04317175_ILSVRC2012_val_00035258, 0.044418387941755906
n03868242_ILSVRC2012_val_00024045, 0.11273525136656756
n04456115_ILSVRC2012_val_00035180, 1.0
n02092339_ILSVRC2012_val_00004974, 0.1150614544626682
n02486410_ILSVRC2012_val_00003454, 0.667180762041838
n02108422_ILSVRC2012_val_00008061, 1.0
n03793489_ILSVRC2012_val_00013161, 1.569936295966776e-07
n02704792_ILSVRC2012_val_00006872, 0.015742228872175253
n09421951_ILSVRC2012_val_00046434, 0.9995531338811017
n01855032_ILSVRC2012_val_00039957, 0.6980181927738456
n02319095_ILSVRC2012_val_00029492, 0.9999999999983029
n04162706_ILSVRC2012_val_00011299, 0.9999440419963256
n02782093_ILSVRC2012_val_00022462, 1.0
n07718472_ILSVRC2012_val_00025124, 0.9999147514786669
n02840245_ILSVRC2012_val_00045462, 0.9850109036941784
n02484975_ILSVRC2012_val_00037276, 0.7498817173610989
n02951358_ILSVRC2012_val_00015044, 0.999999999984152
n02106550_ILSVRC2012_val_00049351, 0.9932499206787465
n03452741_ILSVRC2012_val_00028207, 0.34068269533572176
n02089867_ILSVRC2012_val_00033233, 0.31132109133710634
n02106550_ILSVRC2012_val_00045446, 0.9984375643110541
n02114855_ILSVRC2012_val_00020256, 0.001819594727240752
n02799071_ILSVRC2012_val_00045333, 0.09011223044430872
n04065272_ILSVRC2012_val_00011890, 1.0
n02086646_ILSVRC2012_val_00004085, 0.9997801774311492
n07583066_ILSVRC2012_val_00004206, 0.02892376011075301
n09428293_ILSVRC2012_val_00049343, 0.005471085466719415
n03825788_ILSVRC2012_val_00027341, 0.9999390447320228
n07875152_ILSVRC2012_val_00046458, 0.9999999999999662
n02086646_ILSVRC2012_val_00020031, 1.0
n03676483_ILSVRC2012_val_00029251, 1.0
n03197337_ILSVRC2012_val_00011421, 0.4956841714521736
n01775062_ILSVRC2012_val_00039854, 0.9999999999999889
n02971356_ILSVRC2012_val_00018554, 0.013784344043305015
n02321529_ILSVRC2012_val_00021501, 0.9999978564750204
n03937543_ILSVRC2012_val_00005967, 0.97337914301003
n01847000_ILSVRC2012_val_00019313, 0.03873226913650738
n03131574_ILSVRC2012_val_00022199, 0.014530412299813897
n02917067_ILSVRC2012_val_00022891, 0.009711728138803893
n03759954_ILSVRC2012_val_00012172, 0.0004371853709612683
n03933933_ILSVRC2012_val_00041214, 0.9930383406935106
n01873310_ILSVRC2012_val_00007800, 0.06719844094044612
n02134084_ILSVRC2012_val_00042273, 0.03853491169242247
n02206856_ILSVRC2012_val_00038129, 0.9999999999015892
n04239074_ILSVRC2012_val_00026414, 0.9990337020933947
n01855032_ILSVRC2012_val_00043899, 0.998519600465448
n04254680_ILSVRC2012_val_00047298, 1.0
n02749479_ILSVRC2012_val_00018213, 0.13562036425600596
n03944341_ILSVRC2012_val_00030282, 0.9847050039316722
n01944390_ILSVRC2012_val_00008747, 0.9999999993164115
n01440764_ILSVRC2012_val_00039905, 0.9285587318100573
n03291819_ILSVRC2012_val_00021245, 0.9932521055450042
n03424325_ILSVRC2012_val_00027495, 1.0
n01855032_ILSVRC2012_val_00006555, 0.9510415710266094
n02105412_ILSVRC2012_val_00006002, 0.013055794527427337
n04442312_ILSVRC2012_val_00009258, 0.6762597042096579
n02110958_ILSVRC2012_val_00001646, 0.9538887163234578
n03930313_ILSVRC2012_val_00031316, 0.9999999999999998
n02489166_ILSVRC2012_val_00018502, 0.5438713883981963
n04037443_ILSVRC2012_val_00049700, 0.9979062791107904
n04389033_ILSVRC2012_val_00047296, 0.5189840013053659
n03425413_ILSVRC2012_val_00029203, 0.35052399066189033
n04273569_ILSVRC2012_val_00001204, 0.9999985051370754
n03110669_ILSVRC2012_val_00013933, 0.9999999965963431
n02865351_ILSVRC2012_val_00025321, 0.9999999999999831
n03888605_ILSVRC2012_val_00000240, 0.002616542051612737
n07697537_ILSVRC2012_val_00029037, 0.039911500011148855
n12985857_ILSVRC2012_val_00008830, 0.9999996392549602
n02091134_ILSVRC2012_val_00007933, 1.0
n02108422_ILSVRC2012_val_00004963, 0.9935009017504381
n03445924_ILSVRC2012_val_00007926, 0.9999999999999996
n01945685_ILSVRC2012_val_00016138, 0.9999999999993097
n01534433_ILSVRC2012_val_00021650, 1.0
n07932039_ILSVRC2012_val_00012666, 0.026792284391078867
n02963159_ILSVRC2012_val_00000061, 0.19747618136151662
n01677366_ILSVRC2012_val_00046407, 0.9999999994757718
n02687172_ILSVRC2012_val_00012111, 0.9804180813467269
n02113712_ILSVRC2012_val_00001234, 0.18083105064607177
n03763968_ILSVRC2012_val_00021649, 0.9999999999934821
n03450230_ILSVRC2012_val_00004145, 0.07389463083406979
n02492035_ILSVRC2012_val_00004190, 0.999999893509226
n01729977_ILSVRC2012_val_00040468, 0.9985584453653176
n02423022_ILSVRC2012_val_00046413, 0.9999999767224496
n03459775_ILSVRC2012_val_00016475, 0.9998006897007822
n03649909_ILSVRC2012_val_00001839, 0.9999981070375148
n03089624_ILSVRC2012_val_00025257, 6.478286992838314e-06
n01819313_ILSVRC2012_val_00023805, 0.9835717336308601
n02494079_ILSVRC2012_val_00024582, 0.8773044244438206
n01770081_ILSVRC2012_val_00015566, 0.9914728405715981
n03400231_ILSVRC2012_val_00009309, 0.9999924579931183
n04493381_ILSVRC2012_val_00020768, 0.4485195056542166
n02859443_ILSVRC2012_val_00019378, 0.2663149653527369
n02091467_ILSVRC2012_val_00029705, 0.9999726625645967
n02666196_ILSVRC2012_val_00016236, 1.0
n04380533_ILSVRC2012_val_00033933, 0.03849856612784267
n01532829_ILSVRC2012_val_00013456, 0.04601496979070985
n04554684_ILSVRC2012_val_00001704, 0.209864522598007
n01739381_ILSVRC2012_val_00036082, 0.4498986504210307
n04099969_ILSVRC2012_val_00001953, 0.39329806815726964
n04398044_ILSVRC2012_val_00022342, 0.058076649475256564
n04357314_ILSVRC2012_val_00031832, 0.1247706037510717
n01773797_ILSVRC2012_val_00018439, 0.9999210203090912
n01855032_ILSVRC2012_val_00011874, 0.9999999999999998
n04347754_ILSVRC2012_val_00004204, 0.9999737908012913
n03109150_ILSVRC2012_val_00020055, 1.0
n02895154_ILSVRC2012_val_00022803, 0.41977505068313203
n03759954_ILSVRC2012_val_00021431, 0.40005004647513215
n02666196_ILSVRC2012_val_00009486, 1.0
n04435653_ILSVRC2012_val_00005098, 0.7457356705141532
n01797886_ILSVRC2012_val_00022110, 1.0
n02101556_ILSVRC2012_val_00026056, 0.9984054564249902
n03196217_ILSVRC2012_val_00010672, 0.00169449727315241
n03063689_ILSVRC2012_val_00014889, 0.9565483660773078
n09399592_ILSVRC2012_val_00038398, 0.025676329205693047
n03891251_ILSVRC2012_val_00027250, 0.06280962084971319
n02128385_ILSVRC2012_val_00027464, 0.9998844840742334
n03207941_ILSVRC2012_val_00045536, 0.9999999625182973
n03445777_ILSVRC2012_val_00040694, 0.9646991177853621
n01534433_ILSVRC2012_val_00003878, 0.42960505105731545
n02687172_ILSVRC2012_val_00026474, 0.8753849113816158
n02791270_ILSVRC2012_val_00018446, 0.11381252756673338
n02098105_ILSVRC2012_val_00041118, 0.6391708942238119
n04542943_ILSVRC2012_val_00015462, 0.9997777684524098
n02504013_ILSVRC2012_val_00020120, 0.9502797885143439
n02102177_ILSVRC2012_val_00006404, 0.9999999998341069
n01855032_ILSVRC2012_val_00027070, 0.061262770180391245
n04037443_ILSVRC2012_val_00022017, 0.14433072711605402
n01632458_ILSVRC2012_val_00010462, 0.9999982241708855
n03447721_ILSVRC2012_val_00002831, 0.0002138177403853279
n01990800_ILSVRC2012_val_00003738, 0.5265811464957559
n02113023_ILSVRC2012_val_00035161, 0.9999999999999998
n02098105_ILSVRC2012_val_00016567, 0.9999999174008937
n02114367_ILSVRC2012_val_00031414, 0.999907754735894
n04228054_ILSVRC2012_val_00045586, 0.9999999999992955
n04592741_ILSVRC2012_val_00016728, 0.38508041932366827
n01860187_ILSVRC2012_val_00007423, 0.9999999999999993
n01698640_ILSVRC2012_val_00011243, 0.9999999999999214
n02892201_ILSVRC2012_val_00032820, 0.9995392961240169
n03047690_ILSVRC2012_val_00015235, 0.9999078679201485
n02823750_ILSVRC2012_val_00046210, 0.9999999977960317
n07932039_ILSVRC2012_val_00015438, 0.3430544845651206
n02606052_ILSVRC2012_val_00045650, 1.0
n03160309_ILSVRC2012_val_00044900, 0.07310432803842766
n03355925_ILSVRC2012_val_00038515, 0.9999893729432615
n02106382_ILSVRC2012_val_00011917, 0.06648985836661273
n02226429_ILSVRC2012_val_00000972, 0.9990205665647056
n04131690_ILSVRC2012_val_00011286, 1.0
n03956157_ILSVRC2012_val_00039438, 1.0
n03876231_ILSVRC2012_val_00023132, 0.999999998505612
n03240683_ILSVRC2012_val_00019875, 0.9990329329276468
n02494079_ILSVRC2012_val_00005135, 0.9999953740464385
n04252077_ILSVRC2012_val_00035620, 0.9859132088713126
n03314780_ILSVRC2012_val_00042169, 0.003191469505350943
n02066245_ILSVRC2012_val_00048116, 0.34362654961297523
n02097130_ILSVRC2012_val_00041568, 0.022083810618495802
n01693334_ILSVRC2012_val_00023753, 0.4908301335820369
n02398521_ILSVRC2012_val_00027472, 0.17511000922685072
n02814533_ILSVRC2012_val_00029057, 0.039044931262504044
n01914609_ILSVRC2012_val_00046254, 0.20356603629961564
n02497673_ILSVRC2012_val_00014914, 0.2664359316275217
n02965783_ILSVRC2012_val_00031605, 0.9993753417311755
n02085782_ILSVRC2012_val_00001225, 0.9999958063826045
n02481823_ILSVRC2012_val_00020869, 0.9558427050958397
n04152593_ILSVRC2012_val_00041664, 0.006464159190141615
n02229544_ILSVRC2012_val_00016276, 0.9999944300707704
n03481172_ILSVRC2012_val_00045395, 0.0069045412601018786
n03825788_ILSVRC2012_val_00026454, 1.0
n01817953_ILSVRC2012_val_00028862, 0.9999953421569859
n02966193_ILSVRC2012_val_00030310, 0.9999999999982327
n01749939_ILSVRC2012_val_00006403, 0.05060462224137369
n01990800_ILSVRC2012_val_00041213, 0.00014728683716086998
n04317175_ILSVRC2012_val_00029515, 0.9999999999999782
n04141076_ILSVRC2012_val_00015586, 0.9999969404928754
n02119789_ILSVRC2012_val_00033561, 1.0
n03759954_ILSVRC2012_val_00009296, 0.9999999999951927
n02504458_ILSVRC2012_val_00017097, 0.9976619204754735
n07873807_ILSVRC2012_val_00007709, 0.9983213356155266
n01484850_ILSVRC2012_val_00002338, 0.999514471065861
n02128757_ILSVRC2012_val_00019816, 0.9993962229360142
n04347754_ILSVRC2012_val_00020107, 0.0013481314785174286
n03372029_ILSVRC2012_val_00048013, 4.528527805899518e-08
n03127925_ILSVRC2012_val_00034903, 0.09784430168169618
n01943899_ILSVRC2012_val_00010096, 0.013384195860936582
n02708093_ILSVRC2012_val_00002853, 0.9992782266755303
n01644900_ILSVRC2012_val_00004427, 0.00171312281573845
n04476259_ILSVRC2012_val_00034739, 0.4837732623341008
n02892767_ILSVRC2012_val_00005423, 0.0379985234917423
n04592741_ILSVRC2012_val_00019965, 0.9906980543431351
n02123159_ILSVRC2012_val_00016000, 0.18903262863604406
n01819313_ILSVRC2012_val_00030734, 0.9999935036244219
n02113624_ILSVRC2012_val_00044258, 0.044117110879735785
n03481172_ILSVRC2012_val_00021070, 0.6854703836112408
n03100240_ILSVRC2012_val_00022770, 0.5829279542582576
n03180011_ILSVRC2012_val_00021924, 0.18703514052411577
n01443537_ILSVRC2012_val_00012880, 0.9964633755090274
n02086646_ILSVRC2012_val_00045683, 1.0
n03240683_ILSVRC2012_val_00036010, 1.0
n03602883_ILSVRC2012_val_00042275, 0.12442336428909494
n04548280_ILSVRC2012_val_00035461, 0.020238755696715544
n02999410_ILSVRC2012_val_00009078, 0.9999999999342006
n04428191_ILSVRC2012_val_00038893, 0.2038622795349168
n02835271_ILSVRC2012_val_00038409, 1.0
n04423845_ILSVRC2012_val_00026002, 0.9999999999922273
n02129165_ILSVRC2012_val_00041380, 0.9876069701682525
n04162706_ILSVRC2012_val_00004653, 0.9730030457700601
n03538406_ILSVRC2012_val_00010304, 0.38601764154930734
n04376876_ILSVRC2012_val_00028876, 0.9999999841693363
n04033901_ILSVRC2012_val_00011060, 0.9999999973822951
n03218198_ILSVRC2012_val_00017861, 0.9999941263323016
n03584254_ILSVRC2012_val_00039654, 0.9999722315408517
n01806567_ILSVRC2012_val_00035938, 0.9992000303490308
n01644900_ILSVRC2012_val_00039996, 0.10377111033232916
n03047690_ILSVRC2012_val_00045240, 0.26072687749051704
n02870880_ILSVRC2012_val_00036412, 0.990891455065635
n03425413_ILSVRC2012_val_00000732, 0.6084713111472162
n03873416_ILSVRC2012_val_00026884, 2.8276221725875726e-06
n03290653_ILSVRC2012_val_00028921, 0.9999813160716692
n02486410_ILSVRC2012_val_00014339, 1.0
n09229709_ILSVRC2012_val_00012252, 1.0
n03272010_ILSVRC2012_val_00015207, 0.9976044696582115
n01664065_ILSVRC2012_val_00034795, 0.10397833297973125
n04423845_ILSVRC2012_val_00020705, 0.2729151615380943
n01797886_ILSVRC2012_val_00018626, 0.999999999886555
n02807133_ILSVRC2012_val_00011615, 1.0
n02536864_ILSVRC2012_val_00029638, 1.0
n04560804_ILSVRC2012_val_00043815, 0.3662249022153988
n04259630_ILSVRC2012_val_00032722, 0.9999999999999793
n04074963_ILSVRC2012_val_00040768, 1.0
n02111129_ILSVRC2012_val_00018736, 0.8344390512277858
n07716906_ILSVRC2012_val_00038602, 0.7653525870581122
n02091831_ILSVRC2012_val_00031817, 0.42284111011555414
n02930766_ILSVRC2012_val_00041065, 0.00037380977411333383
n03065424_ILSVRC2012_val_00001981, 0.9999803578481182
n02783161_ILSVRC2012_val_00010497, 0.16908684662088957
n02268443_ILSVRC2012_val_00031167, 0.9999952452913362
n01756291_ILSVRC2012_val_00001706, 4.1595403064183786e-05
n03743016_ILSVRC2012_val_00034079, 0.9999999999788838
n04153751_ILSVRC2012_val_00017334, 1.0
n02894605_ILSVRC2012_val_00013066, 0.07772235512733557
n03899768_ILSVRC2012_val_00017640, 0.009817508655456714
n02101388_ILSVRC2012_val_00017331, 0.9999998539913348
n03018349_ILSVRC2012_val_00047905, 0.853241773692876
n01784675_ILSVRC2012_val_00047329, 0.029797345467679016
n03770439_ILSVRC2012_val_00046676, 0.3976437135146625
n02114855_ILSVRC2012_val_00039736, 0.9263404880626155
n03388549_ILSVRC2012_val_00016373, 0.0205212838301747
n02802426_ILSVRC2012_val_00038836, 0.9999999981030117
n01945685_ILSVRC2012_val_00008468, 0.9911724035456376
n01644900_ILSVRC2012_val_00044288, 0.00022118809897848772
n03045698_ILSVRC2012_val_00040125, 0.6618319553225118
n03950228_ILSVRC2012_val_00028744, 0.00046319599010704145
n01616318_ILSVRC2012_val_00023247, 0.9999832786659657
n02094258_ILSVRC2012_val_00000922, 1.0
n04200800_ILSVRC2012_val_00006159, 0.9999999999999822
n04389033_ILSVRC2012_val_00034135, 0.9999925854851913
n03602883_ILSVRC2012_val_00022516, 0.0602928379233678
n03776460_ILSVRC2012_val_00026255, 1.0
n04515003_ILSVRC2012_val_00003521, 0.09816393178542536
n03291819_ILSVRC2012_val_00037426, 0.5817651125253585
n04209133_ILSVRC2012_val_00029797, 3.746263578309507e-09
n02966687_ILSVRC2012_val_00048395, 0.0637899114854889
n04392985_ILSVRC2012_val_00029362, 0.0005388283541436585
n03445924_ILSVRC2012_val_00013694, 0.9999853240784321
n04254680_ILSVRC2012_val_00040853, 1.0
n02093991_ILSVRC2012_val_00043404, 0.02581889466547308
n04370456_ILSVRC2012_val_00005163, 0.007304087826886661
n02364673_ILSVRC2012_val_00029982, 1.0
n03788365_ILSVRC2012_val_00001664, 0.9960559433023564
n04336792_ILSVRC2012_val_00023176, 0.9939652170978955
n02966687_ILSVRC2012_val_00007100, 0.005355812468977278
n02951585_ILSVRC2012_val_00023278, 7.412619155070362e-05
n07768694_ILSVRC2012_val_00012753, 0.994210597570806
n04591713_ILSVRC2012_val_00027648, 5.0895097391075087e-08
n02051845_ILSVRC2012_val_00043668, 1.0
n01981276_ILSVRC2012_val_00030504, 0.9999942344241928
n07697537_ILSVRC2012_val_00016179, 0.7520135930554755
n02730930_ILSVRC2012_val_00000771, 0.7303384158155881
n03461385_ILSVRC2012_val_00026381, 0.030840128092315365
n01824575_ILSVRC2012_val_00011697, 0.011861423870133692
n04037443_ILSVRC2012_val_00012769, 0.00021313385130273507
n02279972_ILSVRC2012_val_00046963, 0.00011275094340979462
n02071294_ILSVRC2012_val_00033565, 0.25195833505352294
n02219486_ILSVRC2012_val_00036555, 0.020555787496201718
n02410509_ILSVRC2012_val_00028745, 0.9999997156240163
n07579787_ILSVRC2012_val_00031538, 0.0002135275302842889
n03478589_ILSVRC2012_val_00028658, 0.9999999999999973
n02692877_ILSVRC2012_val_00006977, 0.9999527775620585
n02092339_ILSVRC2012_val_00022824, 0.9999999999821749
n04493381_ILSVRC2012_val_00031207, 0.3732296703838013
n02104029_ILSVRC2012_val_00014775, 0.37962244720461447
n01824575_ILSVRC2012_val_00002263, 1.0
n03884397_ILSVRC2012_val_00013954, 0.9999999998139786
n03032252_ILSVRC2012_val_00031248, 0.6003503493031829
n02825657_ILSVRC2012_val_00004291, 0.9782159400821917
n02808440_ILSVRC2012_val_00024866, 0.027273573069612707
n02259212_ILSVRC2012_val_00027387, 0.04868628695445332
n07613480_ILSVRC2012_val_00037294, 0.9999999999949971
n02093256_ILSVRC2012_val_00036989, 0.999999999999996
n02123045_ILSVRC2012_val_00001341, 0.003312385443360411
n07753275_ILSVRC2012_val_00018941, 0.9999999999926739
n02096294_ILSVRC2012_val_00026475, 0.003073953764054213
n04557648_ILSVRC2012_val_00037544, 0.9232256090881877
n03544143_ILSVRC2012_val_00019475, 1.0
n02457408_ILSVRC2012_val_00024501, 0.9999999998550406
n03063689_ILSVRC2012_val_00042455, 0.17100993905633605
n02486261_ILSVRC2012_val_00007174, 0.9999554723187699
n02749479_ILSVRC2012_val_00016457, 0.11313439633042861
n02808440_ILSVRC2012_val_00013900, 1.4360670913546466e-05
n01744401_ILSVRC2012_val_00044580, 0.9999999736487282
n01630670_ILSVRC2012_val_00021083, 0.9996803536318597
n07711569_ILSVRC2012_val_00015761, 0.9999720323555863
n01986214_ILSVRC2012_val_00024894, 0.6671103672163479
n09256479_ILSVRC2012_val_00007049, 0.8870473915849875
n04285008_ILSVRC2012_val_00007592, 0.14921413908082284
n02948072_ILSVRC2012_val_00012453, 0.00012543425522195737
n04560804_ILSVRC2012_val_00011758, 1.1096753209659762e-05
n07760859_ILSVRC2012_val_00039541, 0.9710785114760371
n02123045_ILSVRC2012_val_00044027, 0.025475332365716283
n03630383_ILSVRC2012_val_00004537, 1.0
n04557648_ILSVRC2012_val_00012968, 0.019339583494634535
n03888605_ILSVRC2012_val_00028863, 0.005594632667177559
n03393912_ILSVRC2012_val_00036114, 0.8945140105943804
n04039381_ILSVRC2012_val_00028105, 0.9999999999999947
n04141076_ILSVRC2012_val_00046661, 0.0003347181583768554
n01860187_ILSVRC2012_val_00033733, 0.9999190427847438
n01984695_ILSVRC2012_val_00004219, 0.9999992811637288
n04596742_ILSVRC2012_val_00042268, 0.19162173418216522
n02025239_ILSVRC2012_val_00026556, 1.0
n03584829_ILSVRC2012_val_00012032, 0.9999997075327893
n04584207_ILSVRC2012_val_00040311, 0.9999999999924793
n03297495_ILSVRC2012_val_00007396, 0.20997595190159754
n01675722_ILSVRC2012_val_00005647, 0.999585633884601
n01729977_ILSVRC2012_val_00010545, 0.6124133981513995
n03902125_ILSVRC2012_val_00019465, 0.9999719542449302
n02113978_ILSVRC2012_val_00046981, 0.9999986778876537
n01843065_ILSVRC2012_val_00044268, 0.9999999999999998
n03337140_ILSVRC2012_val_00028423, 0.9779981207081122
n04005630_ILSVRC2012_val_00017246, 0.0003393056663375692
n01855032_ILSVRC2012_val_00031879, 0.9947286486423305
n03131574_ILSVRC2012_val_00040407, 0.9998738132389801
n07715103_ILSVRC2012_val_00048429, 1.0
n03976657_ILSVRC2012_val_00025930, 0.19295608409181988
n03874599_ILSVRC2012_val_00024366, 7.16350235130298e-13
n04336792_ILSVRC2012_val_00005839, 0.26923752701289116
n03657121_ILSVRC2012_val_00017890, 1.0
n04049303_ILSVRC2012_val_00040866, 0.7951389499978804
n02486261_ILSVRC2012_val_00041861, 0.9999925090465324
n02860847_ILSVRC2012_val_00037897, 0.9972880142658127
n02165456_ILSVRC2012_val_00017406, 0.9999972667511148
n04517823_ILSVRC2012_val_00028443, 1.0
n03954731_ILSVRC2012_val_00037757, 0.8805035653893166
n01773549_ILSVRC2012_val_00029496, 0.9994010801041288
n02086240_ILSVRC2012_val_00042523, 0.9988789394113866
n02099601_ILSVRC2012_val_00013611, 0.00847563279442426
n02128925_ILSVRC2012_val_00031686, 0.999999986126584
n03773504_ILSVRC2012_val_00016766, 0.3387401508428396
n02454379_ILSVRC2012_val_00002448, 0.9948008696167266
n04523525_ILSVRC2012_val_00041517, 0.9998742535263287
n03724870_ILSVRC2012_val_00009544, 0.41240905621043517
n01847000_ILSVRC2012_val_00011584, 0.07224349862074028
n04346328_ILSVRC2012_val_00000522, 1.0
n01817953_ILSVRC2012_val_00017242, 0.99999990868619
n02106550_ILSVRC2012_val_00019107, 0.9990395474717002
n01910747_ILSVRC2012_val_00000063, 0.9994177300279579
n02441942_ILSVRC2012_val_00042483, 0.9217933306971796
n03124170_ILSVRC2012_val_00039750, 0.5388181278258433
n03796401_ILSVRC2012_val_00025674, 0.0016287704789955284
n07717410_ILSVRC2012_val_00010479, 1.0
n04483307_ILSVRC2012_val_00049859, 0.9448172618312518
n02423022_ILSVRC2012_val_00003125, 0.23467854592705228
n02066245_ILSVRC2012_val_00004755, 0.9999999999999989
n07831146_ILSVRC2012_val_00007802, 1.0
n02817516_ILSVRC2012_val_00031320, 0.9999992025794998
n04599235_ILSVRC2012_val_00015111, 4.845861651858763e-06
n01882714_ILSVRC2012_val_00015072, 0.9999999999042741
n03724870_ILSVRC2012_val_00031381, 0.45058717453656955
n07745940_ILSVRC2012_val_00004428, 1.0
n03961711_ILSVRC2012_val_00019084, 0.0014398378195843646
n01641577_ILSVRC2012_val_00003748, 0.9999967442578467
n04532670_ILSVRC2012_val_00022338, 0.9999999999999942
n03372029_ILSVRC2012_val_00046205, 0.04115159849841207
n12768682_ILSVRC2012_val_00031830, 0.99999999999999
n01795545_ILSVRC2012_val_00028545, 0.9204966246614981
n04579432_ILSVRC2012_val_00001734, 0.9960588973717358
n02834397_ILSVRC2012_val_00035630, 0.9999999999999916
n03388043_ILSVRC2012_val_00024660, 0.9874472601387517
n04033901_ILSVRC2012_val_00002345, 1.0
n04542943_ILSVRC2012_val_00028926, 0.03168682640799813
n03873416_ILSVRC2012_val_00016980, 0.0091133735915604
n07742313_ILSVRC2012_val_00046718, 0.9999999483667767
n11879895_ILSVRC2012_val_00003137, 1.0
n01944390_ILSVRC2012_val_00022381, 1.0
n02264363_ILSVRC2012_val_00001466, 0.9980153831170522
n02011460_ILSVRC2012_val_00042193, 0.9999999368931889
n02123159_ILSVRC2012_val_00039553, 0.2908654564484538
n03146219_ILSVRC2012_val_00034509, 0.21089640959363146
n02492035_ILSVRC2012_val_00041232, 0.9999999987155104
n04515003_ILSVRC2012_val_00002400, 0.9999951806599615
n03459775_ILSVRC2012_val_00025067, 0.023234439428842533
n04589890_ILSVRC2012_val_00010471, 0.020937561156009896
n03290653_ILSVRC2012_val_00010346, 0.9734692842382412
n02058221_ILSVRC2012_val_00040987, 0.9992183132933035
n02497673_ILSVRC2012_val_00030131, 0.001592717608649248
n04380533_ILSVRC2012_val_00019316, 0.998681560466179
n03127747_ILSVRC2012_val_00041350, 0.9944065882967843
n02412080_ILSVRC2012_val_00048771, 0.11213779357995551
n02797295_ILSVRC2012_val_00023355, 0.08620728324183746
n02483708_ILSVRC2012_val_00037156, 0.9999998973894099
n03937543_ILSVRC2012_val_00043001, 0.9999999999928466
n04604644_ILSVRC2012_val_00024728, 0.99973443621331
n01665541_ILSVRC2012_val_00022588, 0.0035863682229198375
n03325584_ILSVRC2012_val_00018101, 0.999999999989335
n01955084_ILSVRC2012_val_00024870, 0.026009351795635658
n02092339_ILSVRC2012_val_00044611, 0.9999999999999964
n04133789_ILSVRC2012_val_00037599, 0.9999999938664166
n04146614_ILSVRC2012_val_00005166, 0.999994782452036
n02165105_ILSVRC2012_val_00003852, 0.9999998773782969
n02415577_ILSVRC2012_val_00012720, 0.9951615288217942
n02108000_ILSVRC2012_val_00049574, 0.999999999998491
n04372370_ILSVRC2012_val_00036463, 0.001407122340171876
n04552348_ILSVRC2012_val_00047865, 0.9999916751341608
n02500267_ILSVRC2012_val_00003500, 0.9997489117864266
n02492660_ILSVRC2012_val_00008878, 0.001485460720776023
n01675722_ILSVRC2012_val_00031103, 1.0
n03788365_ILSVRC2012_val_00015159, 0.9937538673230488
n03160309_ILSVRC2012_val_00031189, 0.9996455514413577
n03630383_ILSVRC2012_val_00019735, 0.4968323040190998
n02825657_ILSVRC2012_val_00018146, 0.30933615122367836
n03649909_ILSVRC2012_val_00022230, 0.3109083083611189
n02094114_ILSVRC2012_val_00019305, 0.0009238109463055806
n04553703_ILSVRC2012_val_00003795, 1.0
n02095570_ILSVRC2012_val_00024464, 0.9999887662114707
n02112350_ILSVRC2012_val_00014547, 0.9999999999999978
n04238763_ILSVRC2012_val_00028688, 1.0
n03065424_ILSVRC2012_val_00020368, 4.1055693198024256e-05
n02231487_ILSVRC2012_val_00047601, 0.9995964872572601
n04254680_ILSVRC2012_val_00038483, 0.999762690059977
n07715103_ILSVRC2012_val_00005776, 0.06652487038292053
n04005630_ILSVRC2012_val_00031106, 0.26328501205239624
n01950731_ILSVRC2012_val_00011651, 0.3944325588808699
n04483307_ILSVRC2012_val_00048457, 0.9972012190376881
n03777754_ILSVRC2012_val_00022796, 0.9999999989191939
n09428293_ILSVRC2012_val_00002544, 0.016643974098297508
n03930313_ILSVRC2012_val_00004063, 0.08400474763197788
n02927161_ILSVRC2012_val_00043322, 1.0306824473083557e-06
n07831146_ILSVRC2012_val_00034117, 0.9948736661531138
n04612504_ILSVRC2012_val_00045388, 0.9915744851416872
n03649909_ILSVRC2012_val_00049371, 0.9999784858975477
n01817953_ILSVRC2012_val_00012003, 1.0
n02834397_ILSVRC2012_val_00043290, 0.9999997990822487
n04311174_ILSVRC2012_val_00013300, 0.48937660305028347
n02814860_ILSVRC2012_val_00005131, 1.0
n02093428_ILSVRC2012_val_00039832, 0.00012645792386438914
n02807133_ILSVRC2012_val_00016691, 0.9992039557607758
n04023962_ILSVRC2012_val_00010977, 0.9976959340505863
n02814533_ILSVRC2012_val_00016314, 0.9999973938725006
n02124075_ILSVRC2012_val_00010417, 0.048944612488768316
n01818515_ILSVRC2012_val_00048027, 0.03302278259269695
n01729977_ILSVRC2012_val_00021750, 0.766896636000189
n03220513_ILSVRC2012_val_00044722, 0.16881510575188596
n01784675_ILSVRC2012_val_00004136, 0.029340521718063062
n01692333_ILSVRC2012_val_00036849, 0.9990510477189792
n01667114_ILSVRC2012_val_00026202, 0.9719642716370478
n02804610_ILSVRC2012_val_00011135, 0.04445660439684457
n04263257_ILSVRC2012_val_00025811, 0.09887850075701794
n04591713_ILSVRC2012_val_00024147, 0.6495902169951765
n02006656_ILSVRC2012_val_00013110, 0.9997492383426771
n07760859_ILSVRC2012_val_00047777, 1.0
n02110806_ILSVRC2012_val_00030771, 0.003419618941056989
n04147183_ILSVRC2012_val_00015783, 0.09512842179518094
n04141327_ILSVRC2012_val_00038141, 0.05922315378839134
n01882714_ILSVRC2012_val_00046155, 0.1401543390268575
n13040303_ILSVRC2012_val_00025446, 1.0
n04266014_ILSVRC2012_val_00048263, 0.9999990496430361
n03633091_ILSVRC2012_val_00002347, 0.9999243766465054
n01748264_ILSVRC2012_val_00014620, 0.999999999245879
n03787032_ILSVRC2012_val_00044851, 0.13569466580666803
n01498041_ILSVRC2012_val_00042175, 3.8022170292884445e-05
n04147183_ILSVRC2012_val_00009142, 0.9666865391843789
n02835271_ILSVRC2012_val_00026292, 1.0
n03950228_ILSVRC2012_val_00034799, 0.02155474923280581
n04591157_ILSVRC2012_val_00022572, 0.001045589652186267
n03404251_ILSVRC2012_val_00038511, 0.9999999999971467
n01518878_ILSVRC2012_val_00039355, 0.9999998176601962
n01698640_ILSVRC2012_val_00003688, 0.9999999999998552
n07875152_ILSVRC2012_val_00022876, 0.9679626535773328
n07860988_ILSVRC2012_val_00019221, 0.3658721896021525
n03908618_ILSVRC2012_val_00008762, 1.0
n02091467_ILSVRC2012_val_00004996, 4.17064523245065e-06
n01494475_ILSVRC2012_val_00035367, 0.46452331359320875
n04599235_ILSVRC2012_val_00027561, 0.0011890546798637679
n01697457_ILSVRC2012_val_00008146, 0.9999999999999996
n01739381_ILSVRC2012_val_00029979, 0.9988773711165605
n04099969_ILSVRC2012_val_00017631, 0.9999999998551703
n03372029_ILSVRC2012_val_00008240, 1.0
n03825788_ILSVRC2012_val_00048248, 0.9411878160772882
n03594734_ILSVRC2012_val_00048648, 0.9999999973226259
n07836838_ILSVRC2012_val_00030686, 0.9999999999999649
n07920052_ILSVRC2012_val_00028753, 0.0017606666580912054
n03617480_ILSVRC2012_val_00035822, 0.05283367923706614
n03929660_ILSVRC2012_val_00036654, 0.9716262711447317
n03125729_ILSVRC2012_val_00019971, 5.635585178525695e-06
n04442312_ILSVRC2012_val_00021748, 1.0
n04325704_ILSVRC2012_val_00032664, 0.006492469769715878
n02089867_ILSVRC2012_val_00037305, 0.9999999999995457
n03530642_ILSVRC2012_val_00025146, 0.0006953612373294848
n01784675_ILSVRC2012_val_00039488, 1.0
n04252077_ILSVRC2012_val_00033043, 0.9999999980823329
n13037406_ILSVRC2012_val_00030151, 0.9999999999424884
n03706229_ILSVRC2012_val_00046324, 3.018199704459031e-06
n03961711_ILSVRC2012_val_00027431, 0.9999999891332191
n02229544_ILSVRC2012_val_00003997, 0.21959481029372296
n01608432_ILSVRC2012_val_00033214, 0.9999999188018852
n02123045_ILSVRC2012_val_00047911, 0.04837098322462716
n03529860_ILSVRC2012_val_00025630, 0.18631811069184098
n03372029_ILSVRC2012_val_00021414, 1.0
n01484850_ILSVRC2012_val_00028028, 0.9254313415089991
n01843383_ILSVRC2012_val_00014068, 1.0
n03633091_ILSVRC2012_val_00014264, 0.08064765620450397
n01631663_ILSVRC2012_val_00016864, 0.00239878887721327
n02002556_ILSVRC2012_val_00041881, 0.9999999999999383
n03874293_ILSVRC2012_val_00035353, 0.999999999541257
n01843065_ILSVRC2012_val_00011605, 0.999985211044509
n03733131_ILSVRC2012_val_00022473, 0.9712231077389336
n04162706_ILSVRC2012_val_00005165, 0.3503056080218714
n02526121_ILSVRC2012_val_00041627, 0.7560915653365039
n01950731_ILSVRC2012_val_00039974, 0.9999995473028547
n03109150_ILSVRC2012_val_00033008, 0.1494357460043637
n02442845_ILSVRC2012_val_00040698, 0.9999999981447096
n03903868_ILSVRC2012_val_00024519, 0.031628474308748177
n03179701_ILSVRC2012_val_00012239, 0.0726482508406824
n02102040_ILSVRC2012_val_00004553, 0.9992288659144902
n03710721_ILSVRC2012_val_00041966, 0.04339142674862662
n04009552_ILSVRC2012_val_00045112, 0.13218513165932222
n01855672_ILSVRC2012_val_00025667, 0.08916309775038135
n06596364_ILSVRC2012_val_00029846, 0.31807407790924835
n03733281_ILSVRC2012_val_00016418, 1.0
n03388043_ILSVRC2012_val_00028934, 0.7717251749120849
n03447447_ILSVRC2012_val_00012445, 0.9999999999646463
n07875152_ILSVRC2012_val_00015388, 0.9999972154765961
n01491361_ILSVRC2012_val_00030658, 0.009569659540955905
n02988304_ILSVRC2012_val_00003491, 0.45171769885638485
n02500267_ILSVRC2012_val_00007243, 0.9983139470697103
n03791053_ILSVRC2012_val_00039358, 0.999999999542565
n02325366_ILSVRC2012_val_00013352, 1.0
n03642806_ILSVRC2012_val_00048251, 0.2655076602962341
n01443537_ILSVRC2012_val_00013513, 0.9999676903663427
n02825657_ILSVRC2012_val_00015150, 0.24975615646563643
n03788365_ILSVRC2012_val_00042450, 0.9999999995092181
n04613696_ILSVRC2012_val_00007854, 0.9999999999968341
n01735189_ILSVRC2012_val_00046440, 1.0
n03764736_ILSVRC2012_val_00005478, 0.1478446430834522
n02129165_ILSVRC2012_val_00012343, 0.9999998498906378
n02454379_ILSVRC2012_val_00018686, 0.11111953047175584
n02113978_ILSVRC2012_val_00011202, 0.9999997836752703
n02342885_ILSVRC2012_val_00015181, 0.9981978613220847
n02088094_ILSVRC2012_val_00015990, 0.9999999999957052
n02089078_ILSVRC2012_val_00019462, 0.2590947322738698
n02727426_ILSVRC2012_val_00039440, 0.9603878537036024
n03983396_ILSVRC2012_val_00033968, 0.9985682288309988
n02799071_ILSVRC2012_val_00012189, 1.0
n02843684_ILSVRC2012_val_00006780, 0.9987270309059554
n02085782_ILSVRC2012_val_00043201, 1.0
n01514668_ILSVRC2012_val_00028712, 0.24475683814027743
n04019541_ILSVRC2012_val_00009756, 1.0
n01751748_ILSVRC2012_val_00033903, 0.9999899077845733
n03461385_ILSVRC2012_val_00042117, 0.11056742157045645
n03649909_ILSVRC2012_val_00013162, 0.03055440536243084
n02493509_ILSVRC2012_val_00040269, 0.012600089054041105
n03770679_ILSVRC2012_val_00007374, 0.3771828488840055
n02100735_ILSVRC2012_val_00019050, 0.056806316426605
n02066245_ILSVRC2012_val_00037778, 0.0004925852158884172
n02087394_ILSVRC2012_val_00000077, 0.9993829451238736
n02109047_ILSVRC2012_val_00042206, 0.9943625802078452
n02096437_ILSVRC2012_val_00003380, 0.9999999961133688
n03961711_ILSVRC2012_val_00042539, 0.9998969856053251
n03467068_ILSVRC2012_val_00049891, 0.822635663442552
n03803284_ILSVRC2012_val_00027961, 0.2905882285877273
n02025239_ILSVRC2012_val_00028187, 0.9999926143466441
n04485082_ILSVRC2012_val_00035926, 0.009548137161130947
n03028079_ILSVRC2012_val_00033509, 1.0
n02172182_ILSVRC2012_val_00011085, 0.9999895956659456
n01558993_ILSVRC2012_val_00007667, 0.9999999999999998
n01729977_ILSVRC2012_val_00040950, 0.17987072741677643
n03967562_ILSVRC2012_val_00041970, 0.9999999991565172
n03769881_ILSVRC2012_val_00036750, 0.0846175152238985
n02106550_ILSVRC2012_val_00034771, 0.9999999999439884
n02190166_ILSVRC2012_val_00036434, 1.0
n02006656_ILSVRC2012_val_00008978, 1.0
n01664065_ILSVRC2012_val_00020141, 0.9999998039558244
n03127747_ILSVRC2012_val_00025383, 0.009413903747731569
n04509417_ILSVRC2012_val_00017279, 0.3962103813825012
n04560804_ILSVRC2012_val_00034852, 0.22290765914496521
n02109525_ILSVRC2012_val_00049356, 0.9999999999996165
n02699494_ILSVRC2012_val_00013048, 0.9999940351911126
n02120505_ILSVRC2012_val_00043421, 0.997902625424574
n03977966_ILSVRC2012_val_00007655, 0.28564138691096685
n01728920_ILSVRC2012_val_00047852, 0.9999999995918316
n03720891_ILSVRC2012_val_00047710, 0.8511019764138905
n03126707_ILSVRC2012_val_00038795, 0.9995100351913412
n03840681_ILSVRC2012_val_00023297, 0.972090296126201
n02403003_ILSVRC2012_val_00009046, 1.0
n03187595_ILSVRC2012_val_00029045, 1.0
n02342885_ILSVRC2012_val_00039968, 0.9951123145881562
n02417914_ILSVRC2012_val_00003685, 0.9999999970944149
n04532670_ILSVRC2012_val_00044782, 0.040107051945488754
n02676566_ILSVRC2012_val_00005467, 0.007139561485585074
n09428293_ILSVRC2012_val_00043977, 0.9836335949166026
n03127925_ILSVRC2012_val_00027797, 0.22748034239282783
n03065424_ILSVRC2012_val_00040791, 0.9999999999986489
n02107312_ILSVRC2012_val_00034324, 0.01032338993033273
n02087394_ILSVRC2012_val_00001651, 1.0
n04127249_ILSVRC2012_val_00002068, 1.0
n09246464_ILSVRC2012_val_00019597, 0.8920021736618955
n02910353_ILSVRC2012_val_00046056, 0.004500027359965761
n02013706_ILSVRC2012_val_00045911, 1.0
n04125021_ILSVRC2012_val_00001169, 0.9888332698675398
n02259212_ILSVRC2012_val_00028692, 0.000654627576507603
n04264628_ILSVRC2012_val_00044098, 0.28016729571350646
n03355925_ILSVRC2012_val_00012078, 0.9674065390081842
n03042490_ILSVRC2012_val_00033943, 0.48728652771177833
n01985128_ILSVRC2012_val_00003119, 0.0026999293164566523
n02417914_ILSVRC2012_val_00023489, 0.9999910348857889
n03325584_ILSVRC2012_val_00034182, 0.9998723341200255
n04116512_ILSVRC2012_val_00015288, 0.9959401978153288
n01753488_ILSVRC2012_val_00034461, 0.016148790074876664
n02992529_ILSVRC2012_val_00005705, 0.9999983783611655
n03085013_ILSVRC2012_val_00044090, 0.9166508324834967
n03908618_ILSVRC2012_val_00012965, 0.0551732077872202
n03743016_ILSVRC2012_val_00020640, 1.0
n02509815_ILSVRC2012_val_00012980, 0.999999935453195
n02860847_ILSVRC2012_val_00003099, 0.778641148639146
n04336792_ILSVRC2012_val_00016751, 5.869264362596053e-05
n02676566_ILSVRC2012_val_00019450, 0.006497868838051223
n03706229_ILSVRC2012_val_00016942, 0.7525284612842159
n02492660_ILSVRC2012_val_00047185, 0.9999917512772394
n07880968_ILSVRC2012_val_00031146, 0.9999999997825793
n01737021_ILSVRC2012_val_00009042, 0.006619003330352519
n04548362_ILSVRC2012_val_00003108, 0.9999741066612424
n02086079_ILSVRC2012_val_00041109, 0.032674524272568575
n01443537_ILSVRC2012_val_00022138, 0.9996418196580249
n02837789_ILSVRC2012_val_00036936, 0.9999999430620162
n02892201_ILSVRC2012_val_00033978, 0.9999999999939035
n02099267_ILSVRC2012_val_00019226, 0.9992103553040107
n02112018_ILSVRC2012_val_00044585, 0.9999373330229386
n02111500_ILSVRC2012_val_00029490, 0.9999999999952198
n03666591_ILSVRC2012_val_00009465, 0.9995785196988517
n04041544_ILSVRC2012_val_00008193, 0.11188140554856078
n02823750_ILSVRC2012_val_00037744, 0.9998713559706032
n04263257_ILSVRC2012_val_00034989, 0.19436503640721778
n02110063_ILSVRC2012_val_00005575, 0.999999999999998
n01806567_ILSVRC2012_val_00026021, 1.0
n04350905_ILSVRC2012_val_00030307, 0.9692156114343916
n03661043_ILSVRC2012_val_00000715, 0.011793039089987497
n04200800_ILSVRC2012_val_00048329, 0.704951371371922
n03658185_ILSVRC2012_val_00008145, 0.012681427159663748
n09288635_ILSVRC2012_val_00030256, 0.9932232065912823
n02823750_ILSVRC2012_val_00010130, 0.9999999999999922
n02108000_ILSVRC2012_val_00002492, 0.999999992353558
n02807133_ILSVRC2012_val_00006861, 0.0463673087977489
n03188531_ILSVRC2012_val_00014675, 0.7998248334181257
n02056570_ILSVRC2012_val_00011062, 0.9999999999999962
n03445777_ILSVRC2012_val_00022792, 0.999999999999996
n07697537_ILSVRC2012_val_00042412, 0.9990303967272387
n02415577_ILSVRC2012_val_00019055, 0.999999999965171
n03899768_ILSVRC2012_val_00011183, 0.9999991272611274
n01773797_ILSVRC2012_val_00007677, 0.10615711561872503
n03485407_ILSVRC2012_val_00036135, 0.998886993270702
n02361337_ILSVRC2012_val_00038028, 0.9999841871199702
n01558993_ILSVRC2012_val_00019038, 1.0
n04252077_ILSVRC2012_val_00029893, 0.677881479670601
n03483316_ILSVRC2012_val_00043382, 0.0004091706752624311
n04041544_ILSVRC2012_val_00047817, 0.7802430734225103
n02037110_ILSVRC2012_val_00002738, 0.2531662310661613
n04398044_ILSVRC2012_val_00030441, 0.037408351528388444
n01795545_ILSVRC2012_val_00035601, 0.9999997955586748
n02814533_ILSVRC2012_val_00027081, 0.999999999983322
n03291819_ILSVRC2012_val_00003352, 0.22452773294168563
n02124075_ILSVRC2012_val_00007023, 0.9593919442201879
n02804414_ILSVRC2012_val_00017317, 3.7608533082230016e-06
n02112018_ILSVRC2012_val_00019822, 0.9999999999835765
n03325584_ILSVRC2012_val_00007741, 0.9999991501412093
n03457902_ILSVRC2012_val_00014654, 1.0
n01748264_ILSVRC2012_val_00035976, 0.5874355882345844
n03709823_ILSVRC2012_val_00032247, 0.049341472279346245
n02007558_ILSVRC2012_val_00019951, 0.9999999019569009
n02128925_ILSVRC2012_val_00041267, 1.0
n02033041_ILSVRC2012_val_00020205, 0.995817696468693
n03888605_ILSVRC2012_val_00008363, 0.9999999954862993
n03131574_ILSVRC2012_val_00016407, 0.9999999703806715
n07873807_ILSVRC2012_val_00047524, 0.26564869297871924
n01843383_ILSVRC2012_val_00015673, 0.9999999999999998
n04428191_ILSVRC2012_val_00003316, 1.0
n03777754_ILSVRC2012_val_00007543, 0.37276947559248597
n02097130_ILSVRC2012_val_00003758, 0.9977662157231874
n03764736_ILSVRC2012_val_00002470, 0.9968685477187592
n02487347_ILSVRC2012_val_00022040, 0.9999970776904527
n03710721_ILSVRC2012_val_00047553, 0.38016877941618177
n01855032_ILSVRC2012_val_00025130, 0.9740491499019925
n02113023_ILSVRC2012_val_00044237, 1.0
n04009552_ILSVRC2012_val_00001253, 0.9999998206064238
n04591713_ILSVRC2012_val_00039657, 0.19279793165962697
n01943899_ILSVRC2012_val_00012672, 1.906091442032724e-06
n02130308_ILSVRC2012_val_00031348, 0.1632337196236177
n11939491_ILSVRC2012_val_00004514, 0.6639793273309482
n12620546_ILSVRC2012_val_00029292, 0.9986144394051703
n01530575_ILSVRC2012_val_00037116, 0.9867853004347231
n02094114_ILSVRC2012_val_00014810, 0.9948588750715818
n01641577_ILSVRC2012_val_00019578, 0.9999999223570253
n02107574_ILSVRC2012_val_00001302, 1.0
n02749479_ILSVRC2012_val_00002719, 0.2984395431313699
n03109150_ILSVRC2012_val_00040330, 1.0
n02113186_ILSVRC2012_val_00025691, 0.99999999995579
n03623198_ILSVRC2012_val_00009826, 0.012041246958304665
n02787622_ILSVRC2012_val_00010207, 1.0
n02098286_ILSVRC2012_val_00008945, 0.9999999999999984
n01944390_ILSVRC2012_val_00002602, 1.0
n03903868_ILSVRC2012_val_00010953, 0.9999980604955625
n03026506_ILSVRC2012_val_00040934, 0.9999999999942588
n02104365_ILSVRC2012_val_00042768, 0.14673842866916567
n02708093_ILSVRC2012_val_00013244, 0.9999999130730088
n13052670_ILSVRC2012_val_00039616, 0.9999999999048033
n04366367_ILSVRC2012_val_00004429, 0.14705834513710314
n01843383_ILSVRC2012_val_00005901, 0.9964734421760724
n03530642_ILSVRC2012_val_00041787, 0.9999999992336015
n03384352_ILSVRC2012_val_00018473, 0.14690689615274855
n04081281_ILSVRC2012_val_00047007, 0.13000921715974068
n04125021_ILSVRC2012_val_00041163, 0.7256527911936411
n04584207_ILSVRC2012_val_00039917, 0.14531141187214658
n01930112_ILSVRC2012_val_00026452, 0.023126038196985266
n04229816_ILSVRC2012_val_00020818, 1.0
n02776631_ILSVRC2012_val_00039610, 0.2752268036952321
n02095570_ILSVRC2012_val_00046610, 0.05227401043965382
n03133878_ILSVRC2012_val_00004670, 0.9947568321261069
n03733131_ILSVRC2012_val_00003505, 1.0
n03028079_ILSVRC2012_val_00049943, 0.9999999999999303
n07584110_ILSVRC2012_val_00032735, 1.0
n02094433_ILSVRC2012_val_00043233, 0.9999999999441151
n04204238_ILSVRC2012_val_00015859, 0.41458520432267026
n04486054_ILSVRC2012_val_00040446, 0.999999952678881
n10148035_ILSVRC2012_val_00022168, 0.9999999995379951
n12267677_ILSVRC2012_val_00024975, 0.9998619359615122
n03494278_ILSVRC2012_val_00021005, 0.9999999943943343
n02963159_ILSVRC2012_val_00049556, 9.794373343959925e-05
n06785654_ILSVRC2012_val_00004597, 0.8493809911639459
n03733281_ILSVRC2012_val_00039998, 0.0012698370423138445
n09256479_ILSVRC2012_val_00008164, 0.00320487287371055
n04536866_ILSVRC2012_val_00046990, 0.32715798919460193
n04398044_ILSVRC2012_val_00014880, 0.31792409880570377
n07753275_ILSVRC2012_val_00030047, 1.0
n02363005_ILSVRC2012_val_00023296, 1.0
n01491361_ILSVRC2012_val_00013484, 0.7513495524128032
n03133878_ILSVRC2012_val_00041085, 0.8865190437457601
n04596742_ILSVRC2012_val_00018350, 0.04192736236325863
n02480855_ILSVRC2012_val_00041155, 0.19229297590664363
n04532106_ILSVRC2012_val_00043040, 0.9999999999904801
n03976467_ILSVRC2012_val_00037321, 0.9987404428059237
n02002556_ILSVRC2012_val_00026139, 1.0
n01774750_ILSVRC2012_val_00035080, 0.8185736306645812
n03630383_ILSVRC2012_val_00045271, 0.9862821711024734
n02825657_ILSVRC2012_val_00002587, 0.9998887621089165
n04265275_ILSVRC2012_val_00031079, 0.0001697157846614523
n03000247_ILSVRC2012_val_00034857, 0.1449230096932604
n07695742_ILSVRC2012_val_00003416, 0.9999999999999991
n03047690_ILSVRC2012_val_00018631, 0.05063831104132609
n02979186_ILSVRC2012_val_00017775, 0.18089046454753158
n02113186_ILSVRC2012_val_00022712, 5.37802995004251e-07
n04266014_ILSVRC2012_val_00014262, 1.0
n03623198_ILSVRC2012_val_00017853, 0.0012746414413389933
n04330267_ILSVRC2012_val_00029749, 1.0
n03197337_ILSVRC2012_val_00038776, 0.4091863140208615
n01496331_ILSVRC2012_val_00045936, 0.44440424301228354
n03297495_ILSVRC2012_val_00022933, 0.001515093762942087
n04040759_ILSVRC2012_val_00012378, 0.9999991804758454
n02105056_ILSVRC2012_val_00036843, 0.001217738920888384
n04067472_ILSVRC2012_val_00012789, 0.0033497630603019314
n02088632_ILSVRC2012_val_00010982, 0.301938553624429
n04335435_ILSVRC2012_val_00044131, 0.9999969841900478
n03781244_ILSVRC2012_val_00028364, 0.07800849326097645
n01531178_ILSVRC2012_val_00015903, 0.9750002166104296
n02219486_ILSVRC2012_val_00043616, 0.32352335681255634
n07831146_ILSVRC2012_val_00029301, 0.6535723834399902
n01537544_ILSVRC2012_val_00043965, 0.9994224449223785
n03272010_ILSVRC2012_val_00001273, 0.0015221435161451033
n03670208_ILSVRC2012_val_00013054, 0.008980157817737845
n02096177_ILSVRC2012_val_00032177, 0.9974689334722554
n03710637_ILSVRC2012_val_00003825, 0.24327547602672323
n04479046_ILSVRC2012_val_00043741, 0.999999999239076
n02101006_ILSVRC2012_val_00039268, 0.9341147521712139
n03089624_ILSVRC2012_val_00041701, 0.4093486796018246
n01514668_ILSVRC2012_val_00047137, 2.4925758032788323e-07
n04428191_ILSVRC2012_val_00034195, 0.046967612405292423
n04606251_ILSVRC2012_val_00021959, 0.04632493077177087
n04355933_ILSVRC2012_val_00004932, 0.005615269135687424
n01514668_ILSVRC2012_val_00019721, 0.9999733173744546
