n01491361_ILSVRC2012_val_00029300, 0.19511594400015292
n03345487_ILSVRC2012_val_00008602, 0.0001781430294413515
n02363005_ILSVRC2012_val_00036380, 0.00018560032122587924
n04026417_ILSVRC2012_val_00019863, 0.09128737383381613
n02134418_ILSVRC2012_val_00022698, 0.0013396227738174523
n03032252_ILSVRC2012_val_00036856, 0.006131316308915832
n03661043_ILSVRC2012_val_00039081, 1.1847186586501246e-05
n09399592_ILSVRC2012_val_00039034, 0.0010536735297249759
n04311174_ILSVRC2012_val_00031667, 5.470666209305251e-15
n01532829_ILSVRC2012_val_00000873, 0.15049518847305748
n06785654_ILSVRC2012_val_00027470, 7.30050938170069e-09
n02927161_ILSVRC2012_val_00003463, 0.0010273849548042373
n02089078_ILSVRC2012_val_00023966, 0.11922874407827876
n03633091_ILSVRC2012_val_00006333, 0.004725956866483109
n03775071_ILSVRC2012_val_00022216, 0.008561072436440813
n03717622_ILSVRC2012_val_00049910, 6.682321646988573e-06
n02280649_ILSVRC2012_val_00035898, 3.245738323521165e-09
n02033041_ILSVRC2012_val_00035363, 3.017449324633592e-17
n03929660_ILSVRC2012_val_00035611, 0.059275542562148974
n04589890_ILSVRC2012_val_00005806, 0.4420551670256154
n02093647_ILSVRC2012_val_00033269, 0.00011534021588128198
n03016953_ILSVRC2012_val_00014557, 0.0005697598281225811
n01755581_ILSVRC2012_val_00038859, 3.389915522603625e-07
n04049303_ILSVRC2012_val_00010839, 0.05322676992607802
n02489166_ILSVRC2012_val_00019235, 2.2509417041823372e-10
n07753592_ILSVRC2012_val_00012444, 0.3436045871427465
n02526121_ILSVRC2012_val_00009459, 0.0059747788585660854
n02730930_ILSVRC2012_val_00003567, 0.012040616255797856
n02974003_ILSVRC2012_val_00023858, 0.071963856293257
n02109961_ILSVRC2012_val_00029313, 0.013799382614994063
n04141076_ILSVRC2012_val_00006682, 3.8838387166440256e-10
n11939491_ILSVRC2012_val_00034896, 0.13864125447566716
n07930864_ILSVRC2012_val_00009249, 0.07498110479659083
n01739381_ILSVRC2012_val_00046490, 4.784595553483713e-10
n01820546_ILSVRC2012_val_00005925, 0.002451261770903748
n04266014_ILSVRC2012_val_00049754, 1.6630139659294035e-06
n02088466_ILSVRC2012_val_00014631, 0.41290266055980335
n03930313_ILSVRC2012_val_00040562, 0.0002060273310562365
n02110627_ILSVRC2012_val_00006933, 0.05834993477861436
n02108422_ILSVRC2012_val_00029363, 0.06592904548207772
n02264363_ILSVRC2012_val_00011783, 0.052410522927776544
n07584110_ILSVRC2012_val_00006798, 0.06430505737360206
n03417042_ILSVRC2012_val_00004119, 0.32305485041158605
n04263257_ILSVRC2012_val_00008514, 0.4336334975702598
n01695060_ILSVRC2012_val_00022470, 6.072937412891786e-34
n03794056_ILSVRC2012_val_00000430, 0.00654051338076304
n04523525_ILSVRC2012_val_00049794, 0.001386234944639472
n02190166_ILSVRC2012_val_00038774, 0.005952181778556542
n12144580_ILSVRC2012_val_00038919, 0.002181984654965286
n02403003_ILSVRC2012_val_00013190, 1.357618000102384e-14
n03954731_ILSVRC2012_val_00039935, 3.5500837624215804e-13
n04004767_ILSVRC2012_val_00043636, 0.027382991192486734
n02814533_ILSVRC2012_val_00024318, 0.45646955166216685
n01614925_ILSVRC2012_val_00046564, 0.00015816074609176548
n04370456_ILSVRC2012_val_00018171, 0.017731846483803583
n03838899_ILSVRC2012_val_00017944, 0.060368450357028286
n02165105_ILSVRC2012_val_00031488, 0.009713245249518452
n04254680_ILSVRC2012_val_00008133, 9.012174369712015e-07
n02916936_ILSVRC2012_val_00012520, 0.1552350080830753
n02028035_ILSVRC2012_val_00019389, 1.965351098856638e-10
n02835271_ILSVRC2012_val_00009228, 1.2784996695579466e-08
n04389033_ILSVRC2012_val_00046843, 0.4290084900140516
n04228054_ILSVRC2012_val_00024679, 0.0001013824854561227
n02268853_ILSVRC2012_val_00004215, 1.0669737374402041e-06
n03717622_ILSVRC2012_val_00010030, 0.02315665258339175
n03877845_ILSVRC2012_val_00003937, 0.03763126819638831
n03041632_ILSVRC2012_val_00040170, 0.01540854315485281
n02219486_ILSVRC2012_val_00038010, 0.0012237010934586369
n03877845_ILSVRC2012_val_00014955, 0.0002945842214703189
n02437312_ILSVRC2012_val_00016586, 0.0007622746586610353
n02167151_ILSVRC2012_val_00032023, 3.773805006399717e-05
n12985857_ILSVRC2012_val_00004103, 0.20776126101491635
n03958227_ILSVRC2012_val_00015775, 8.591126999495804e-06
n03459775_ILSVRC2012_val_00004928, 3.9442960598613665e-09
n02107312_ILSVRC2012_val_00014780, 0.0005319851447748875
n03874293_ILSVRC2012_val_00017941, 0.3315881069149346
n03924679_ILSVRC2012_val_00022650, 6.439903107710462e-06
n02074367_ILSVRC2012_val_00033885, 0.11590825567817578
n02480495_ILSVRC2012_val_00017493, 0.08368003056596675
n03255030_ILSVRC2012_val_00010730, 0.2093689613691295
n02165105_ILSVRC2012_val_00000768, 0.051093155688172597
n03788195_ILSVRC2012_val_00044234, 4.5482808796834003e-07
n02927161_ILSVRC2012_val_00011432, 0.00011182225826126273
n02100583_ILSVRC2012_val_00018982, 0.0931419852925043
n02497673_ILSVRC2012_val_00011144, 0.00014061745706734111
n02841315_ILSVRC2012_val_00012679, 1.1936509823199488e-05
n07747607_ILSVRC2012_val_00033807, 0.010482762330042552
n03995372_ILSVRC2012_val_00048981, 0.0005376964510409772
n02107142_ILSVRC2012_val_00028584, 0.27257392443244505
n02504013_ILSVRC2012_val_00004882, 0.014185425428419534
n01641577_ILSVRC2012_val_00013974, 0.009736706926166733
n03223299_ILSVRC2012_val_00048302, 0.04884677638407449
n07697313_ILSVRC2012_val_00037389, 0.07189748726774718
n04540053_ILSVRC2012_val_00012002, 0.3536315781428724
n01530575_ILSVRC2012_val_00045172, 4.956275115834899e-06
n03673027_ILSVRC2012_val_00034696, 0.32477102423581883
n02077923_ILSVRC2012_val_00026593, 0.0008035337133616394
n04070727_ILSVRC2012_val_00005383, 0.0022116617195194603
n03384352_ILSVRC2012_val_00005128, 6.403432161465137e-06
n03876231_ILSVRC2012_val_00004827, 0.0010987690531651549
n03769881_ILSVRC2012_val_00031349, 0.13983973179572878
n01872401_ILSVRC2012_val_00030772, 3.4606074500448605e-29
n02843684_ILSVRC2012_val_00013138, 0.19735625681932475
n01910747_ILSVRC2012_val_00035964, 8.778955670963385e-06
n03764736_ILSVRC2012_val_00026080, 2.6784208348603818e-08
n04254120_ILSVRC2012_val_00044604, 0.00461922827636689
n02123394_ILSVRC2012_val_00031180, 0.18062148768203629
n03532672_ILSVRC2012_val_00005540, 0.0128500619499193
n02099712_ILSVRC2012_val_00009984, 0.27524260535194234
n02437312_ILSVRC2012_val_00019200, 6.493401594780821e-06
n02165456_ILSVRC2012_val_00036251, 2.7458491981026983e-05
n03871628_ILSVRC2012_val_00042417, 0.0024531008774467036
n04344873_ILSVRC2012_val_00014105, 0.3662562163576642
n02093754_ILSVRC2012_val_00004511, 0.004224574889073085
n07613480_ILSVRC2012_val_00004874, 6.142097705707632e-13
n03697007_ILSVRC2012_val_00002979, 1.1351072174066765e-09
n02108089_ILSVRC2012_val_00018604, 0.4195634657239484
n03733281_ILSVRC2012_val_00000118, 7.448179347344706e-06
n03133878_ILSVRC2012_val_00033981, 0.00011879049262645109
n02319095_ILSVRC2012_val_00045604, 0.0045263404835763936
n01728572_ILSVRC2012_val_00003569, 0.00026814917177331326
n03991062_ILSVRC2012_val_00024716, 0.43803464801593434
n02892767_ILSVRC2012_val_00000808, 0.009938957146224007
n02441942_ILSVRC2012_val_00007735, 1.059692424182342e-12
n04141076_ILSVRC2012_val_00008159, 3.002790359413627e-29
n02168699_ILSVRC2012_val_00000926, 0.06567106869443534
n02268853_ILSVRC2012_val_00002893, 8.833505308630114e-09
n02328150_ILSVRC2012_val_00029632, 0.08299585234556943
n03891251_ILSVRC2012_val_00034159, 7.019111889672273e-13
n04081281_ILSVRC2012_val_00045105, 0.03412670170235575
n02094433_ILSVRC2012_val_00025821, 0.22996125814836113
n03662601_ILSVRC2012_val_00014119, 3.144157405028154e-09
n04482393_ILSVRC2012_val_00029793, 0.20620399145281415
n03109150_ILSVRC2012_val_00045314, 1.0432207184475114e-15
n02978881_ILSVRC2012_val_00001437, 0.45341475162095074
n02281406_ILSVRC2012_val_00024754, 2.931846272981558e-06
n02443484_ILSVRC2012_val_00014233, 0.3947438044366825
n02128385_ILSVRC2012_val_00042868, 0.1416063855605064
n02799071_ILSVRC2012_val_00036898, 0.0026373787115493205
n03930630_ILSVRC2012_val_00023096, 0.06164541128906475
n01883070_ILSVRC2012_val_00045335, 2.9481589016513403e-06
n09246464_ILSVRC2012_val_00048191, 0.09381147837883455
n04599235_ILSVRC2012_val_00011864, 0.0008681330687391596
n04515003_ILSVRC2012_val_00018323, 8.14789926883378e-16
n01687978_ILSVRC2012_val_00046258, 3.4584678898316165e-13
n03710193_ILSVRC2012_val_00043368, 2.366584602562786e-06
n02423022_ILSVRC2012_val_00013750, 0.44784717682908093
n04487081_ILSVRC2012_val_00008255, 0.04121292709865129
n03775546_ILSVRC2012_val_00011309, 0.0014629465376904103
n04026417_ILSVRC2012_val_00002590, 0.2256063087930177
n03791053_ILSVRC2012_val_00010636, 0.001002102760764746
n04229816_ILSVRC2012_val_00008480, 0.07113093234824898
n03372029_ILSVRC2012_val_00025781, 0.0011626211389062834
n03877472_ILSVRC2012_val_00019632, 0.43530587845363955
n02843684_ILSVRC2012_val_00025965, 6.917224203027698e-14
n02086646_ILSVRC2012_val_00008198, 1.6871915843885923e-12
n02105641_ILSVRC2012_val_00005905, 0.003385822935281689
n03291819_ILSVRC2012_val_00048896, 0.0200486664001177
n02788148_ILSVRC2012_val_00049098, 0.08248212011965984
n07753113_ILSVRC2012_val_00032827, 0.4706384788470696
n02966687_ILSVRC2012_val_00021519, 0.010750455133074282
n02112018_ILSVRC2012_val_00039662, 2.9786685492931515e-14
n02280649_ILSVRC2012_val_00016780, 0.004116715995543386
n02089867_ILSVRC2012_val_00035767, 0.12501856178299378
n02790996_ILSVRC2012_val_00022044, 0.0001730996141859689
n03017168_ILSVRC2012_val_00020461, 0.09425804499592416
n02085936_ILSVRC2012_val_00034259, 0.0027710267512377753
n02437616_ILSVRC2012_val_00037380, 0.0005026671163674929
n02093754_ILSVRC2012_val_00020832, 0.06526727248941605
n02606052_ILSVRC2012_val_00033908, 3.1895458225235547e-18
n04074963_ILSVRC2012_val_00028651, 4.015546717284523e-05
n04525038_ILSVRC2012_val_00043142, 0.004182215704403816
n03838899_ILSVRC2012_val_00011452, 3.69968242534127e-06
n03709823_ILSVRC2012_val_00007848, 0.021834965676773486
n04332243_ILSVRC2012_val_00048376, 0.0024634197257973785
n01616318_ILSVRC2012_val_00040205, 0.002630644911733298
n07734744_ILSVRC2012_val_00019483, 0.48558822382662203
n02066245_ILSVRC2012_val_00015203, 1.6826442897512754e-19
n04192698_ILSVRC2012_val_00047516, 0.004139466236009659
n02105251_ILSVRC2012_val_00021946, 0.06953371456723473
n04009552_ILSVRC2012_val_00033020, 0.0005302691401168915
n02110627_ILSVRC2012_val_00029382, 0.12945221290591707
n02091635_ILSVRC2012_val_00041912, 0.009380308614712984
n03045698_ILSVRC2012_val_00000750, 5.783975626824433e-05
n07248320_ILSVRC2012_val_00034391, 0.012342897263798525
n02002724_ILSVRC2012_val_00006487, 2.5407860067592153e-06
n03832673_ILSVRC2012_val_00005161, 0.4529519136600591
n03775071_ILSVRC2012_val_00035830, 0.3762558166953304
n02892201_ILSVRC2012_val_00017464, 0.3921228219261386
n02025239_ILSVRC2012_val_00009210, 4.868699350436262e-16
n02457408_ILSVRC2012_val_00042228, 3.282013551523514e-05
n03124170_ILSVRC2012_val_00020143, 0.27726370647634363
n02106166_ILSVRC2012_val_00009862, 0.004106135664873568
n03843555_ILSVRC2012_val_00047130, 0.11745190798500148
n02105412_ILSVRC2012_val_00017056, 0.007053978554991849
n04263257_ILSVRC2012_val_00037205, 0.3654245801668337
n02687172_ILSVRC2012_val_00042849, 0.04353238634248686
n03133878_ILSVRC2012_val_00012686, 0.2966626501342613
n04154565_ILSVRC2012_val_00041073, 0.4485155003782586
n01981276_ILSVRC2012_val_00021241, 0.10903207724097928
n03947888_ILSVRC2012_val_00012447, 9.318982807289177e-09
n03930313_ILSVRC2012_val_00028528, 2.262729609833539e-06
n03249569_ILSVRC2012_val_00040561, 0.2974383075572154
n02277742_ILSVRC2012_val_00013386, 2.882367204440997e-06
n02437312_ILSVRC2012_val_00013553, 0.17818939037820736
n04317175_ILSVRC2012_val_00035258, 0.044418387941755906
n03868242_ILSVRC2012_val_00024045, 0.11273525136656756
n04456115_ILSVRC2012_val_00035180, 0.029762522486529754
n02092339_ILSVRC2012_val_00004974, 0.1150614544626682
n02486410_ILSVRC2012_val_00003454, 2.3813783948783744e-06
n02108422_ILSVRC2012_val_00008061, 0.007071252083956495
n03793489_ILSVRC2012_val_00013161, 1.569936295966776e-07
n02704792_ILSVRC2012_val_00006872, 0.015742228872175253
n09421951_ILSVRC2012_val_00046434, 0.023990976980311888
n01855032_ILSVRC2012_val_00039957, 0.3061984461601643
n02319095_ILSVRC2012_val_00029492, 0.39438407705422934
n04162706_ILSVRC2012_val_00011299, 0.00025756265047392226
n02782093_ILSVRC2012_val_00022462, 0.010204506275985351
n07718472_ILSVRC2012_val_00025124, 0.00872255838768679
n02840245_ILSVRC2012_val_00045462, 5.1824452467735016e-05
n02484975_ILSVRC2012_val_00037276, 2.8867757265506595e-07
n02951358_ILSVRC2012_val_00015044, 1.1597844223588927e-10
n02106550_ILSVRC2012_val_00049351, 0.9932499206787465
n03452741_ILSVRC2012_val_00028207, 0.34068269533572176
n02089867_ILSVRC2012_val_00033233, 0.31132109133710634
n02106550_ILSVRC2012_val_00045446, 1.4095717883358278e-06
n02114855_ILSVRC2012_val_00020256, 0.001819594727240752
n02799071_ILSVRC2012_val_00045333, 0.09011223044430872
n04065272_ILSVRC2012_val_00011890, 2.0881535604081844e-07
n02086646_ILSVRC2012_val_00004085, 0.0009269050989662082
n07583066_ILSVRC2012_val_00004206, 0.02892376011075301
n09428293_ILSVRC2012_val_00049343, 0.005471085466719415
n03825788_ILSVRC2012_val_00027341, 0.0247741713367353
n07875152_ILSVRC2012_val_00046458, 0.0924849209580866
n02086646_ILSVRC2012_val_00020031, 4.921354939918586e-16
n03676483_ILSVRC2012_val_00029251, 3.429685010778002e-11
n03197337_ILSVRC2012_val_00011421, 0.4956841714521736
n01775062_ILSVRC2012_val_00039854, 0.0021272950558267377
n02971356_ILSVRC2012_val_00018554, 0.013784344043305015
n02321529_ILSVRC2012_val_00021501, 0.00040958257463983303
n03937543_ILSVRC2012_val_00005967, 0.0001741944474242541
n01847000_ILSVRC2012_val_00019313, 0.03873226913650738
n03131574_ILSVRC2012_val_00022199, 0.014530412299813897
n02917067_ILSVRC2012_val_00022891, 0.009711728138803893
n03759954_ILSVRC2012_val_00012172, 0.0004371853709612683
n03933933_ILSVRC2012_val_00041214, 1.7272137753607683e-21
n01873310_ILSVRC2012_val_00007800, 0.06719844094044612
n02134084_ILSVRC2012_val_00042273, 0.03853491169242247
n02206856_ILSVRC2012_val_00038129, 1.3401010217952166e-06
n04239074_ILSVRC2012_val_00026414, 0.41025575288051386
n01855032_ILSVRC2012_val_00043899, 5.783461492333845e-10
n04254680_ILSVRC2012_val_00047298, 1.5851656471495855e-06
n02749479_ILSVRC2012_val_00018213, 0.13562036425600596
n03944341_ILSVRC2012_val_00030282, 0.05442778053617446
n01944390_ILSVRC2012_val_00008747, 3.4237112450030577e-06
n01440764_ILSVRC2012_val_00039905, 7.62745853521857e-05
n03291819_ILSVRC2012_val_00021245, 1.4131207700650574e-05
n03424325_ILSVRC2012_val_00027495, 5.745497113923423e-12
n01855032_ILSVRC2012_val_00006555, 0.17596831777550134
n02105412_ILSVRC2012_val_00006002, 0.013055794527427337
n04442312_ILSVRC2012_val_00009258, 0.1260119534182011
n02110958_ILSVRC2012_val_00001646, 6.5384007810466335e-06
n03930313_ILSVRC2012_val_00031316, 1.4199016836446728e-07
n02489166_ILSVRC2012_val_00018502, 0.003367696193152009
n04037443_ILSVRC2012_val_00049700, 0.4324245802632967
n04389033_ILSVRC2012_val_00047296, 0.14010906369439233
n03425413_ILSVRC2012_val_00029203, 0.35052399066189033
n04273569_ILSVRC2012_val_00001204, 9.206867321824166e-06
n03110669_ILSVRC2012_val_00013933, 6.711093574926797e-14
n02865351_ILSVRC2012_val_00025321, 9.681282270537472e-12
n03888605_ILSVRC2012_val_00000240, 0.002616542051612737
n07697537_ILSVRC2012_val_00029037, 0.039911500011148855
n12985857_ILSVRC2012_val_00008830, 3.4035589928671216e-19
n02091134_ILSVRC2012_val_00007933, 1.5007084517300136e-07
n02108422_ILSVRC2012_val_00004963, 4.488902315337865e-10
n03445924_ILSVRC2012_val_00007926, 1.6882732682106625e-07
n01945685_ILSVRC2012_val_00016138, 1.0626106161673363e-05
n01534433_ILSVRC2012_val_00021650, 0.0001067279891420582
n07932039_ILSVRC2012_val_00012666, 0.026792284391078867
n02963159_ILSVRC2012_val_00000061, 0.19747618136151662
n01677366_ILSVRC2012_val_00046407, 0.01454150104713941
n02687172_ILSVRC2012_val_00012111, 0.002412052772725354
n02113712_ILSVRC2012_val_00001234, 0.18083105064607177
n03763968_ILSVRC2012_val_00021649, 0.3311167525496076
n03450230_ILSVRC2012_val_00004145, 0.07389463083406979
n02492035_ILSVRC2012_val_00004190, 0.00832862147957881
n01729977_ILSVRC2012_val_00040468, 0.09619802682543709
n02423022_ILSVRC2012_val_00046413, 3.517856979228677e-07
n03459775_ILSVRC2012_val_00016475, 0.0003003117260503705
n03649909_ILSVRC2012_val_00001839, 1.1803692876485204e-09
n03089624_ILSVRC2012_val_00025257, 6.478286992838314e-06
n01819313_ILSVRC2012_val_00023805, 0.0005968289729903021
n02494079_ILSVRC2012_val_00024582, 3.2427809692269594e-11
n01770081_ILSVRC2012_val_00015566, 2.499584108345361e-09
n03400231_ILSVRC2012_val_00009309, 1.2102101238310034e-08
n04493381_ILSVRC2012_val_00020768, 0.4485195056542166
n02859443_ILSVRC2012_val_00019378, 0.2663149653527369
n02091467_ILSVRC2012_val_00029705, 0.00038886702203747416
n02666196_ILSVRC2012_val_00016236, 2.455754637857677e-25
n04380533_ILSVRC2012_val_00033933, 0.03849856612784267
n01532829_ILSVRC2012_val_00013456, 0.04601496979070985
n04554684_ILSVRC2012_val_00001704, 0.209864522598007
n01739381_ILSVRC2012_val_00036082, 0.4498986504210307
n04099969_ILSVRC2012_val_00001953, 0.39329806815726964
n04398044_ILSVRC2012_val_00022342, 0.058076649475256564
n04357314_ILSVRC2012_val_00031832, 0.1247706037510717
n01773797_ILSVRC2012_val_00018439, 0.07414791185196515
n01855032_ILSVRC2012_val_00011874, 3.128672293893781e-06
n04347754_ILSVRC2012_val_00004204, 0.00028035549585049677
n03109150_ILSVRC2012_val_00020055, 1.4577672925755e-13
n02895154_ILSVRC2012_val_00022803, 0.41977505068313203
n03759954_ILSVRC2012_val_00021431, 0.40005004647513215
n02666196_ILSVRC2012_val_00009486, 9.084230870987191e-07
n04435653_ILSVRC2012_val_00005098, 0.2364764449238556
n01797886_ILSVRC2012_val_00022110, 3.7239652703923777e-06
n02101556_ILSVRC2012_val_00026056, 0.007129336533525386
n03196217_ILSVRC2012_val_00010672, 0.00169449727315241
n03063689_ILSVRC2012_val_00014889, 0.029635636952021625
n09399592_ILSVRC2012_val_00038398, 0.025676329205693047
n03891251_ILSVRC2012_val_00027250, 0.06280962084971319
n02128385_ILSVRC2012_val_00027464, 0.23454736536718707
n03207941_ILSVRC2012_val_00045536, 0.13286023732065352
n03445777_ILSVRC2012_val_00040694, 0.0022689265658932894
n01534433_ILSVRC2012_val_00003878, 0.42960505105731545
n02687172_ILSVRC2012_val_00026474, 0.0003168033994836768
n02791270_ILSVRC2012_val_00018446, 0.11381252756673338
n02098105_ILSVRC2012_val_00041118, 0.3755161107035969
n04542943_ILSVRC2012_val_00015462, 1.2652740221685029e-11
n02504013_ILSVRC2012_val_00020120, 0.49183133328288
n02102177_ILSVRC2012_val_00006404, 0.016648025052401778
n01855032_ILSVRC2012_val_00027070, 0.061262770180391245
n04037443_ILSVRC2012_val_00022017, 0.14433072711605402
n01632458_ILSVRC2012_val_00010462, 2.827815440882581e-19
n03447721_ILSVRC2012_val_00002831, 0.0002138177403853279
n01990800_ILSVRC2012_val_00003738, 3.6328015786168145e-08
n02113023_ILSVRC2012_val_00035161, 1.212356552460139e-05
n02098105_ILSVRC2012_val_00016567, 0.04709688392988522
n02114367_ILSVRC2012_val_00031414, 0.392557539161186
n04228054_ILSVRC2012_val_00045586, 7.136534506236997e-14
n04592741_ILSVRC2012_val_00016728, 0.38508041932366827
n01860187_ILSVRC2012_val_00007423, 1.7071813752889613e-07
n01698640_ILSVRC2012_val_00011243, 1.3589214011541527e-07
n02892201_ILSVRC2012_val_00032820, 1.4453975667307798e-06
n03047690_ILSVRC2012_val_00015235, 3.680564959463038e-15
n02823750_ILSVRC2012_val_00046210, 6.145503683189786e-05
n07932039_ILSVRC2012_val_00015438, 0.3430544845651206
n02606052_ILSVRC2012_val_00045650, 2.3022135919394877e-39
n03160309_ILSVRC2012_val_00044900, 0.07310432803842766
n03355925_ILSVRC2012_val_00038515, 3.2560615694083716e-05
n02106382_ILSVRC2012_val_00011917, 0.06648985836661273
n02226429_ILSVRC2012_val_00000972, 0.004650988168963145
n04131690_ILSVRC2012_val_00011286, 5.462877470086327e-14
n03956157_ILSVRC2012_val_00039438, 0.00023695110777189414
n03876231_ILSVRC2012_val_00023132, 0.002265923253670113
n03240683_ILSVRC2012_val_00019875, 2.8290423835153434e-06
n02494079_ILSVRC2012_val_00005135, 0.11529964728621826
n04252077_ILSVRC2012_val_00035620, 3.9267902763126456e-10
n03314780_ILSVRC2012_val_00042169, 0.003191469505350943
n02066245_ILSVRC2012_val_00048116, 0.34362654961297523
n02097130_ILSVRC2012_val_00041568, 0.022083810618495802
n01693334_ILSVRC2012_val_00023753, 0.4908301335820369
n02398521_ILSVRC2012_val_00027472, 0.17511000922685072
n02814533_ILSVRC2012_val_00029057, 0.039044931262504044
n01914609_ILSVRC2012_val_00046254, 0.20356603629961564
n02497673_ILSVRC2012_val_00014914, 0.2664359316275217
n02965783_ILSVRC2012_val_00031605, 6.932491379153328e-15
n02085782_ILSVRC2012_val_00001225, 0.22308448477828335
n02481823_ILSVRC2012_val_00020869, 0.00045602272052433236
n04152593_ILSVRC2012_val_00041664, 0.006464159190141615
n02229544_ILSVRC2012_val_00016276, 0.0025878106025327145
n03481172_ILSVRC2012_val_00045395, 0.0069045412601018786
n03825788_ILSVRC2012_val_00026454, 0.041274528211260805
n01817953_ILSVRC2012_val_00028862, 3.082364444850023e-07
n02966193_ILSVRC2012_val_00030310, 1.0833129621614082e-11
n01749939_ILSVRC2012_val_00006403, 0.05060462224137369
n01990800_ILSVRC2012_val_00041213, 0.00014728683716086998
n04317175_ILSVRC2012_val_00029515, 4.5131326423475415e-14
n04141076_ILSVRC2012_val_00015586, 0.008931526606518043
n02119789_ILSVRC2012_val_00033561, 0.3710511614766323
n03759954_ILSVRC2012_val_00009296, 5.725941654303135e-11
n02504458_ILSVRC2012_val_00017097, 0.07219493302419132
n07873807_ILSVRC2012_val_00007709, 0.003600015041383668
n01484850_ILSVRC2012_val_00002338, 0.2199475033163494
n02128757_ILSVRC2012_val_00019816, 0.003923537656036292
n04347754_ILSVRC2012_val_00020107, 0.0013481314785174286
n03372029_ILSVRC2012_val_00048013, 4.528527805899518e-08
n03127925_ILSVRC2012_val_00034903, 0.09784430168169618
n01943899_ILSVRC2012_val_00010096, 0.013384195860936582
n02708093_ILSVRC2012_val_00002853, 0.31635250855953495
n01644900_ILSVRC2012_val_00004427, 0.00171312281573845
n04476259_ILSVRC2012_val_00034739, 0.4837732623341008
n02892767_ILSVRC2012_val_00005423, 0.0379985234917423
n04592741_ILSVRC2012_val_00019965, 1.5125109193826453e-06
n02123159_ILSVRC2012_val_00016000, 0.18903262863604406
n01819313_ILSVRC2012_val_00030734, 0.0009690714588302511
n02113624_ILSVRC2012_val_00044258, 0.044117110879735785
n03481172_ILSVRC2012_val_00021070, 0.36219678239064174
n03100240_ILSVRC2012_val_00022770, 2.0382264732817367e-27
n03180011_ILSVRC2012_val_00021924, 0.18703514052411577
n01443537_ILSVRC2012_val_00012880, 0.16715570516472672
n02086646_ILSVRC2012_val_00045683, 6.955577035854724e-05
n03240683_ILSVRC2012_val_00036010, 0.01740632457410764
n03602883_ILSVRC2012_val_00042275, 0.12442336428909494
n04548280_ILSVRC2012_val_00035461, 0.020238755696715544
n02999410_ILSVRC2012_val_00009078, 4.039453262713153e-05
n04428191_ILSVRC2012_val_00038893, 0.2038622795349168
n02835271_ILSVRC2012_val_00038409, 0.12302348558133175
n04423845_ILSVRC2012_val_00026002, 3.018818054272663e-14
n02129165_ILSVRC2012_val_00041380, 1.8962512628548476e-06
n04162706_ILSVRC2012_val_00004653, 0.34702316170673575
n03538406_ILSVRC2012_val_00010304, 0.38601764154930734
n04376876_ILSVRC2012_val_00028876, 0.0014138226296660983
n04033901_ILSVRC2012_val_00011060, 3.62570517202638e-08
n03218198_ILSVRC2012_val_00017861, 0.0004603296247831328
n03584254_ILSVRC2012_val_00039654, 0.4733270801593998
n01806567_ILSVRC2012_val_00035938, 2.6894578544280624e-16
n01644900_ILSVRC2012_val_00039996, 0.10377111033232916
n03047690_ILSVRC2012_val_00045240, 0.26072687749051704
n02870880_ILSVRC2012_val_00036412, 5.676692621527562e-15
n03425413_ILSVRC2012_val_00000732, 5.149790640388949e-11
n03873416_ILSVRC2012_val_00026884, 2.8276221725875726e-06
n03290653_ILSVRC2012_val_00028921, 0.034799670899461996
n02486410_ILSVRC2012_val_00014339, 2.8518325398786647e-08
n09229709_ILSVRC2012_val_00012252, 0.0037946890973935055
n03272010_ILSVRC2012_val_00015207, 5.2063476264568465e-15
n01664065_ILSVRC2012_val_00034795, 0.10397833297973125
n04423845_ILSVRC2012_val_00020705, 0.2729151615380943
n01797886_ILSVRC2012_val_00018626, 0.11906027588576833
n02807133_ILSVRC2012_val_00011615, 4.3102131884257645e-17
n02536864_ILSVRC2012_val_00029638, 0.02785454560657987
n04560804_ILSVRC2012_val_00043815, 0.3662249022153988
n04259630_ILSVRC2012_val_00032722, 0.11172638482885972
n04074963_ILSVRC2012_val_00040768, 5.932177111773193e-09
n02111129_ILSVRC2012_val_00018736, 0.0006502212943931861
n07716906_ILSVRC2012_val_00038602, 0.06971493675549954
n02091831_ILSVRC2012_val_00031817, 0.42284111011555414
n02930766_ILSVRC2012_val_00041065, 0.00037380977411333383
n03065424_ILSVRC2012_val_00001981, 3.906942517297702e-07
n02783161_ILSVRC2012_val_00010497, 0.16908684662088957
n02268443_ILSVRC2012_val_00031167, 7.465274348464127e-05
n01756291_ILSVRC2012_val_00001706, 4.1595403064183786e-05
n03743016_ILSVRC2012_val_00034079, 0.35987375429588186
n04153751_ILSVRC2012_val_00017334, 2.7893760049785326e-10
n02894605_ILSVRC2012_val_00013066, 0.07772235512733557
n03899768_ILSVRC2012_val_00017640, 0.009817508655456714
n02101388_ILSVRC2012_val_00017331, 0.005631001507229313
n03018349_ILSVRC2012_val_00047905, 0.20950496087093592
n01784675_ILSVRC2012_val_00047329, 0.029797345467679016
n03770439_ILSVRC2012_val_00046676, 0.3976437135146625
n02114855_ILSVRC2012_val_00039736, 5.652464425754015e-06
n03388549_ILSVRC2012_val_00016373, 0.0205212838301747
n02802426_ILSVRC2012_val_00038836, 1.0884633786985289e-05
n01945685_ILSVRC2012_val_00008468, 7.980457202453318e-12
n01644900_ILSVRC2012_val_00044288, 0.00022118809897848772
n03045698_ILSVRC2012_val_00040125, 0.4359014937884511
n03950228_ILSVRC2012_val_00028744, 0.00046319599010704145
n01616318_ILSVRC2012_val_00023247, 3.641204888048455e-11
n02094258_ILSVRC2012_val_00000922, 1.54773328218865e-05
n04200800_ILSVRC2012_val_00006159, 1.2204819969844797e-09
n04389033_ILSVRC2012_val_00034135, 0.009577605576435444
n03602883_ILSVRC2012_val_00022516, 0.0602928379233678
n03776460_ILSVRC2012_val_00026255, 0.0004391105468184491
n04515003_ILSVRC2012_val_00003521, 0.09816393178542536
n03291819_ILSVRC2012_val_00037426, 0.3174139135008989
n04209133_ILSVRC2012_val_00029797, 3.746263578309507e-09
n02966687_ILSVRC2012_val_00048395, 0.0637899114854889
n04392985_ILSVRC2012_val_00029362, 0.0005388283541436585
n03445924_ILSVRC2012_val_00013694, 0.0012549431406747335
n04254680_ILSVRC2012_val_00040853, 5.197139586276538e-06
n02093991_ILSVRC2012_val_00043404, 0.02581889466547308
n04370456_ILSVRC2012_val_00005163, 0.007304087826886661
n02364673_ILSVRC2012_val_00029982, 0.0007945255990991565
n03788365_ILSVRC2012_val_00001664, 5.8100031760023556e-08
n04336792_ILSVRC2012_val_00023176, 2.4446225722317737e-10
n02966687_ILSVRC2012_val_00007100, 0.005355812468977278
n02951585_ILSVRC2012_val_00023278, 7.412619155070362e-05
n07768694_ILSVRC2012_val_00012753, 0.009198112003012425
n04591713_ILSVRC2012_val_00027648, 5.0895097391075087e-08
n02051845_ILSVRC2012_val_00043668, 0.005733932584303824
n01981276_ILSVRC2012_val_00030504, 0.08420173421340736
n07697537_ILSVRC2012_val_00016179, 0.00045782193459857254
n02730930_ILSVRC2012_val_00000771, 0.3829055019003227
n03461385_ILSVRC2012_val_00026381, 0.030840128092315365
n01824575_ILSVRC2012_val_00011697, 0.011861423870133692
n04037443_ILSVRC2012_val_00012769, 0.00021313385130273507
n02279972_ILSVRC2012_val_00046963, 0.00011275094340979462
n02071294_ILSVRC2012_val_00033565, 0.25195833505352294
n02219486_ILSVRC2012_val_00036555, 0.020555787496201718
n02410509_ILSVRC2012_val_00028745, 0.00044523578126717394
n07579787_ILSVRC2012_val_00031538, 0.0002135275302842889
n03478589_ILSVRC2012_val_00028658, 1.9497617893338797e-08
n02692877_ILSVRC2012_val_00006977, 4.433066347902934e-06
n02092339_ILSVRC2012_val_00022824, 0.0006146321712347519
n04493381_ILSVRC2012_val_00031207, 0.3732296703838013
n02104029_ILSVRC2012_val_00014775, 0.37962244720461447
n01824575_ILSVRC2012_val_00002263, 4.0955307061922554e-18
n03884397_ILSVRC2012_val_00013954, 2.2095351304432726e-06
n03032252_ILSVRC2012_val_00031248, 3.9032710191560404e-12
n02825657_ILSVRC2012_val_00004291, 0.19821370618484294
n02808440_ILSVRC2012_val_00024866, 0.027273573069612707
n02259212_ILSVRC2012_val_00027387, 0.04868628695445332
n07613480_ILSVRC2012_val_00037294, 0.0004766194959825377
n02093256_ILSVRC2012_val_00036989, 0.0012257511841527729
n02123045_ILSVRC2012_val_00001341, 0.003312385443360411
n07753275_ILSVRC2012_val_00018941, 0.00482773272681878
n02096294_ILSVRC2012_val_00026475, 0.003073953764054213
n04557648_ILSVRC2012_val_00037544, 0.2798885911993521
n03544143_ILSVRC2012_val_00019475, 0.2312417197546543
n02457408_ILSVRC2012_val_00024501, 0.04994316300635118
n03063689_ILSVRC2012_val_00042455, 0.17100993905633605
n02486261_ILSVRC2012_val_00007174, 0.00012747030356914416
n02749479_ILSVRC2012_val_00016457, 0.11313439633042861
n02808440_ILSVRC2012_val_00013900, 1.4360670913546466e-05
n01744401_ILSVRC2012_val_00044580, 1.0635020669633147e-05
n01630670_ILSVRC2012_val_00021083, 0.03968612991129317
n07711569_ILSVRC2012_val_00015761, 5.600036568052698e-15
n01986214_ILSVRC2012_val_00024894, 3.072050283700827e-07
n09256479_ILSVRC2012_val_00007049, 6.741868586031987e-05
n04285008_ILSVRC2012_val_00007592, 0.14921413908082284
n02948072_ILSVRC2012_val_00012453, 0.00012543425522195737
n04560804_ILSVRC2012_val_00011758, 1.1096753209659762e-05
n07760859_ILSVRC2012_val_00039541, 0.00013102905308076123
n02123045_ILSVRC2012_val_00044027, 0.025475332365716283
n03630383_ILSVRC2012_val_00004537, 0.023185008747072723
n04557648_ILSVRC2012_val_00012968, 0.019339583494634535
n03888605_ILSVRC2012_val_00028863, 0.005594632667177559
n03393912_ILSVRC2012_val_00036114, 0.0022990893140389496
n04039381_ILSVRC2012_val_00028105, 2.7248785429762145e-15
n04141076_ILSVRC2012_val_00046661, 0.0003347181583768554
n01860187_ILSVRC2012_val_00033733, 0.008616138085779546
n01984695_ILSVRC2012_val_00004219, 0.14391140908538433
n04596742_ILSVRC2012_val_00042268, 0.19162173418216522
n02025239_ILSVRC2012_val_00026556, 2.3028923409356246e-05
n03584829_ILSVRC2012_val_00012032, 0.09226006461009378
n04584207_ILSVRC2012_val_00040311, 0.010396336893564713
n03297495_ILSVRC2012_val_00007396, 0.20997595190159754
n01675722_ILSVRC2012_val_00005647, 1.1439801034039852e-23
n01729977_ILSVRC2012_val_00010545, 2.2195373981991197e-06
n03902125_ILSVRC2012_val_00019465, 0.05352696382174251
n02113978_ILSVRC2012_val_00046981, 1.6426173235984572e-06
n01843065_ILSVRC2012_val_00044268, 0.017244655579978275
n03337140_ILSVRC2012_val_00028423, 0.3700618823444675
n04005630_ILSVRC2012_val_00017246, 0.0003393056663375692
n01855032_ILSVRC2012_val_00031879, 0.0005896187895609647
n03131574_ILSVRC2012_val_00040407, 2.2853524068524583e-08
n07715103_ILSVRC2012_val_00048429, 0.024955298676212732
n03976657_ILSVRC2012_val_00025930, 0.19295608409181988
n03874599_ILSVRC2012_val_00024366, 7.16350235130298e-13
n04336792_ILSVRC2012_val_00005839, 0.26923752701289116
n03657121_ILSVRC2012_val_00017890, 0.0003487332654492759
n04049303_ILSVRC2012_val_00040866, 0.001554325274230489
n02486261_ILSVRC2012_val_00041861, 0.0002753624483662501
n02860847_ILSVRC2012_val_00037897, 0.0002908606011226484
n02165456_ILSVRC2012_val_00017406, 2.1028090768955502e-08
n04517823_ILSVRC2012_val_00028443, 9.352054501665476e-09
n03954731_ILSVRC2012_val_00037757, 3.6008706909817376e-19
n01773549_ILSVRC2012_val_00029496, 2.9494045677617116e-06
n02086240_ILSVRC2012_val_00042523, 7.141388394661073e-14
n02099601_ILSVRC2012_val_00013611, 0.00847563279442426
n02128925_ILSVRC2012_val_00031686, 1.6755286965222087e-27
n03773504_ILSVRC2012_val_00016766, 0.3387401508428396
n02454379_ILSVRC2012_val_00002448, 0.08553627749072157
n04523525_ILSVRC2012_val_00041517, 0.4098581176431965
n03724870_ILSVRC2012_val_00009544, 0.41240905621043517
n01847000_ILSVRC2012_val_00011584, 0.07224349862074028
n04346328_ILSVRC2012_val_00000522, 2.2951864474232273e-09
n01817953_ILSVRC2012_val_00017242, 4.134745386854794e-08
n02106550_ILSVRC2012_val_00019107, 0.9990395474717002
n01910747_ILSVRC2012_val_00000063, 1.3835246678341987e-05
n02441942_ILSVRC2012_val_00042483, 1.7099972510527111e-12
n03124170_ILSVRC2012_val_00039750, 0.20977003124215582
n03796401_ILSVRC2012_val_00025674, 0.0016287704789955284
n07717410_ILSVRC2012_val_00010479, 0.22920101796891582
n04483307_ILSVRC2012_val_00049859, 0.3843681684274777
n02423022_ILSVRC2012_val_00003125, 0.23467854592705228
n02066245_ILSVRC2012_val_00004755, 0.000375378627089455
n07831146_ILSVRC2012_val_00007802, 0.047679574211130095
n02817516_ILSVRC2012_val_00031320, 0.00010702053060577839
n04599235_ILSVRC2012_val_00015111, 4.845861651858763e-06
n01882714_ILSVRC2012_val_00015072, 0.273227093000667
n03724870_ILSVRC2012_val_00031381, 0.45058717453656955
n07745940_ILSVRC2012_val_00004428, 0.0020669375216435908
n03961711_ILSVRC2012_val_00019084, 0.0014398378195843646
n01641577_ILSVRC2012_val_00003748, 8.25046363460537e-19
n04532670_ILSVRC2012_val_00022338, 1.1390982588144431e-11
n03372029_ILSVRC2012_val_00046205, 0.04115159849841207
n12768682_ILSVRC2012_val_00031830, 4.8088273977665334e-05
n01795545_ILSVRC2012_val_00028545, 1.736072616840834e-16
n04579432_ILSVRC2012_val_00001734, 0.0015338870876296538
n02834397_ILSVRC2012_val_00035630, 0.0017843630688772747
n03388043_ILSVRC2012_val_00024660, 8.01609592733797e-11
n04033901_ILSVRC2012_val_00002345, 6.145152626879637e-05
n04542943_ILSVRC2012_val_00028926, 0.03168682640799813
n03873416_ILSVRC2012_val_00016980, 0.0091133735915604
n07742313_ILSVRC2012_val_00046718, 0.004249809391235044
n11879895_ILSVRC2012_val_00003137, 0.0024353907108423337
n01944390_ILSVRC2012_val_00022381, 4.41224518045203e-17
n02264363_ILSVRC2012_val_00001466, 0.0006897997014863707
n02011460_ILSVRC2012_val_00042193, 3.0578632430456043e-07
n02123159_ILSVRC2012_val_00039553, 0.2908654564484538
n03146219_ILSVRC2012_val_00034509, 0.21089640959363146
n02492035_ILSVRC2012_val_00041232, 0.14494224018750718
n04515003_ILSVRC2012_val_00002400, 4.778758474089324e-07
n03459775_ILSVRC2012_val_00025067, 0.023234439428842533
n04589890_ILSVRC2012_val_00010471, 0.020937561156009896
n03290653_ILSVRC2012_val_00010346, 0.05660033229354596
n02058221_ILSVRC2012_val_00040987, 6.683982621956754e-12
n02497673_ILSVRC2012_val_00030131, 0.001592717608649248
n04380533_ILSVRC2012_val_00019316, 0.0353296680711785
n03127747_ILSVRC2012_val_00041350, 2.3111205040554056e-07
n02412080_ILSVRC2012_val_00048771, 0.11213779357995551
n02797295_ILSVRC2012_val_00023355, 0.08620728324183746
n02483708_ILSVRC2012_val_00037156, 0.23609079664915478
n03937543_ILSVRC2012_val_00043001, 0.0008171598275684869
n04604644_ILSVRC2012_val_00024728, 0.0005813873368870384
n01665541_ILSVRC2012_val_00022588, 0.0035863682229198375
n03325584_ILSVRC2012_val_00018101, 0.014123633389797255
n01955084_ILSVRC2012_val_00024870, 0.026009351795635658
n02092339_ILSVRC2012_val_00044611, 0.2778402241625624
n04133789_ILSVRC2012_val_00037599, 2.8675381750540112e-06
n04146614_ILSVRC2012_val_00005166, 0.1271209849243197
n02165105_ILSVRC2012_val_00003852, 0.1330364393907271
n02415577_ILSVRC2012_val_00012720, 1.0277988204070231e-06
n02108000_ILSVRC2012_val_00049574, 3.789707017186339e-08
n04372370_ILSVRC2012_val_00036463, 0.001407122340171876
n04552348_ILSVRC2012_val_00047865, 0.07980824365197141
n02500267_ILSVRC2012_val_00003500, 1.5309091386641073e-10
n02492660_ILSVRC2012_val_00008878, 0.001485460720776023
n01675722_ILSVRC2012_val_00031103, 3.0356739138388094e-19
n03788365_ILSVRC2012_val_00015159, 8.880672384069959e-09
n03160309_ILSVRC2012_val_00031189, 0.0024656201035630804
n03630383_ILSVRC2012_val_00019735, 0.4968323040190998
n02825657_ILSVRC2012_val_00018146, 0.30933615122367836
n03649909_ILSVRC2012_val_00022230, 0.3109083083611189
n02094114_ILSVRC2012_val_00019305, 0.0009238109463055806
n04553703_ILSVRC2012_val_00003795, 5.035532248225076e-08
n02095570_ILSVRC2012_val_00024464, 0.0016997027920678844
n02112350_ILSVRC2012_val_00014547, 0.013953610799579385
n04238763_ILSVRC2012_val_00028688, 0.06586492403022502
n03065424_ILSVRC2012_val_00020368, 4.1055693198024256e-05
n02231487_ILSVRC2012_val_00047601, 2.5590695535836554e-10
n04254680_ILSVRC2012_val_00038483, 8.459545072949525e-07
n07715103_ILSVRC2012_val_00005776, 0.06652487038292053
n04005630_ILSVRC2012_val_00031106, 0.26328501205239624
n01950731_ILSVRC2012_val_00011651, 0.3944325588808699
n04483307_ILSVRC2012_val_00048457, 0.08915739215763059
n03777754_ILSVRC2012_val_00022796, 0.09519357395639315
n09428293_ILSVRC2012_val_00002544, 0.016643974098297508
n03930313_ILSVRC2012_val_00004063, 0.08400474763197788
n02927161_ILSVRC2012_val_00043322, 1.0306824473083557e-06
n07831146_ILSVRC2012_val_00034117, 1.4620815880471047e-08
n04612504_ILSVRC2012_val_00045388, 3.273282119873882e-10
n03649909_ILSVRC2012_val_00049371, 1.4396765981793414e-05
n01817953_ILSVRC2012_val_00012003, 0.00042313744863481444
n02834397_ILSVRC2012_val_00043290, 0.37076594156354603
n04311174_ILSVRC2012_val_00013300, 0.48937660305028347
n02814860_ILSVRC2012_val_00005131, 9.446307897214116e-16
n02093428_ILSVRC2012_val_00039832, 0.00012645792386438914
n02807133_ILSVRC2012_val_00016691, 1.0619125555710735e-05
n04023962_ILSVRC2012_val_00010977, 0.9976959340505863
n02814533_ILSVRC2012_val_00016314, 7.734426698391646e-06
n02124075_ILSVRC2012_val_00010417, 0.048944612488768316
n01818515_ILSVRC2012_val_00048027, 0.03302278259269695
n01729977_ILSVRC2012_val_00021750, 2.726124216873264e-05
n03220513_ILSVRC2012_val_00044722, 0.16881510575188596
n01784675_ILSVRC2012_val_00004136, 0.029340521718063062
n01692333_ILSVRC2012_val_00036849, 8.855094187269593e-29
n01667114_ILSVRC2012_val_00026202, 1.0125024054295434e-12
n02804610_ILSVRC2012_val_00011135, 0.04445660439684457
n04263257_ILSVRC2012_val_00025811, 0.09887850075701794
n04591713_ILSVRC2012_val_00024147, 0.47541518053832266
n02006656_ILSVRC2012_val_00013110, 0.004671304517496268
n07760859_ILSVRC2012_val_00047777, 0.00014490546163040778
n02110806_ILSVRC2012_val_00030771, 0.003419618941056989
n04147183_ILSVRC2012_val_00015783, 0.09512842179518094
n04141327_ILSVRC2012_val_00038141, 0.05922315378839134
n01882714_ILSVRC2012_val_00046155, 0.1401543390268575
n13040303_ILSVRC2012_val_00025446, 6.637498991081089e-09
n04266014_ILSVRC2012_val_00048263, 0.0612671237849912
n03633091_ILSVRC2012_val_00002347, 6.108073609859134e-11
n01748264_ILSVRC2012_val_00014620, 0.07453595518399797
n03787032_ILSVRC2012_val_00044851, 0.13569466580666803
n01498041_ILSVRC2012_val_00042175, 3.8022170292884445e-05
n04147183_ILSVRC2012_val_00009142, 4.36481530329101e-05
n02835271_ILSVRC2012_val_00026292, 0.0001127078065339857
n03950228_ILSVRC2012_val_00034799, 0.02155474923280581
n04591157_ILSVRC2012_val_00022572, 0.001045589652186267
n03404251_ILSVRC2012_val_00038511, 4.4742597824710693e-07
n01518878_ILSVRC2012_val_00039355, 9.299166894649046e-06
n01698640_ILSVRC2012_val_00003688, 1.8930752239352422e-13
n07875152_ILSVRC2012_val_00022876, 9.84765902488345e-06
n07860988_ILSVRC2012_val_00019221, 0.3658721896021525
n03908618_ILSVRC2012_val_00008762, 0.0001811846213398174
n02091467_ILSVRC2012_val_00004996, 4.17064523245065e-06
n01494475_ILSVRC2012_val_00035367, 0.46452331359320875
n04599235_ILSVRC2012_val_00027561, 0.0011890546798637679
n01697457_ILSVRC2012_val_00008146, 0.07824354859121685
n01739381_ILSVRC2012_val_00029979, 2.1263963796262565e-06
n04099969_ILSVRC2012_val_00017631, 0.0002504614221418877
n03372029_ILSVRC2012_val_00008240, 1.0586970524782552e-07
n03825788_ILSVRC2012_val_00048248, 0.49264402596837537
n03594734_ILSVRC2012_val_00048648, 3.2589825630548437e-10
n07836838_ILSVRC2012_val_00030686, 4.643349949182971e-16
n07920052_ILSVRC2012_val_00028753, 0.0017606666580912054
n03617480_ILSVRC2012_val_00035822, 0.05283367923706614
n03929660_ILSVRC2012_val_00036654, 0.325910924761586
n03125729_ILSVRC2012_val_00019971, 5.635585178525695e-06
n04442312_ILSVRC2012_val_00021748, 1.511180472418411e-08
n04325704_ILSVRC2012_val_00032664, 0.006492469769715878
n02089867_ILSVRC2012_val_00037305, 7.807847430340858e-11
n03530642_ILSVRC2012_val_00025146, 0.0006953612373294848
n01784675_ILSVRC2012_val_00039488, 2.3379198596873223e-17
n04252077_ILSVRC2012_val_00033043, 4.876750014789714e-11
n13037406_ILSVRC2012_val_00030151, 8.23049544974888e-15
n03706229_ILSVRC2012_val_00046324, 3.018199704459031e-06
n03961711_ILSVRC2012_val_00027431, 0.00028661038598960955
n02229544_ILSVRC2012_val_00003997, 0.21959481029372296
n01608432_ILSVRC2012_val_00033214, 0.0005736633418465508
n02123045_ILSVRC2012_val_00047911, 0.04837098322462716
n03529860_ILSVRC2012_val_00025630, 0.18631811069184098
n03372029_ILSVRC2012_val_00021414, 5.773848405108946e-17
n01484850_ILSVRC2012_val_00028028, 1.7342317132705468e-07
n01843383_ILSVRC2012_val_00014068, 0.014024774322396015
n03633091_ILSVRC2012_val_00014264, 0.08064765620450397
n01631663_ILSVRC2012_val_00016864, 0.00239878887721327
n02002556_ILSVRC2012_val_00041881, 1.7909585638001704e-28
n03874293_ILSVRC2012_val_00035353, 0.07298437797125953
n01843065_ILSVRC2012_val_00011605, 0.0629102296858533
n03733131_ILSVRC2012_val_00022473, 2.7909248984110573e-10
n04162706_ILSVRC2012_val_00005165, 0.3503056080218714
n02526121_ILSVRC2012_val_00041627, 0.00029129013698790093
n01950731_ILSVRC2012_val_00039974, 4.479338842170613e-05
n03109150_ILSVRC2012_val_00033008, 0.1494357460043637
n02442845_ILSVRC2012_val_00040698, 1.0292680928333009e-10
n03903868_ILSVRC2012_val_00024519, 0.031628474308748177
n03179701_ILSVRC2012_val_00012239, 0.0726482508406824
n02102040_ILSVRC2012_val_00004553, 4.107789274052307e-05
n03710721_ILSVRC2012_val_00041966, 0.04339142674862662
n04009552_ILSVRC2012_val_00045112, 0.13218513165932222
n01855672_ILSVRC2012_val_00025667, 0.08916309775038135
n06596364_ILSVRC2012_val_00029846, 0.31807407790924835
n03733281_ILSVRC2012_val_00016418, 0.0004903530431450093
n03388043_ILSVRC2012_val_00028934, 0.33910242833077786
n03447447_ILSVRC2012_val_00012445, 3.57802564484302e-13
n07875152_ILSVRC2012_val_00015388, 0.011875189120216238
n01491361_ILSVRC2012_val_00030658, 0.009569659540955905
n02988304_ILSVRC2012_val_00003491, 0.45171769885638485
n02500267_ILSVRC2012_val_00007243, 0.4534990138095952
n03791053_ILSVRC2012_val_00039358, 0.08208300912710557
n02325366_ILSVRC2012_val_00013352, 1.2605965622618214e-20
n03642806_ILSVRC2012_val_00048251, 0.2655076602962341
n01443537_ILSVRC2012_val_00013513, 0.028225086502222184
n02825657_ILSVRC2012_val_00015150, 0.24975615646563643
n03788365_ILSVRC2012_val_00042450, 0.05249942369259602
n04613696_ILSVRC2012_val_00007854, 0.0004556020602888876
n01735189_ILSVRC2012_val_00046440, 0.0009518481183789671
n03764736_ILSVRC2012_val_00005478, 0.1478446430834522
n02129165_ILSVRC2012_val_00012343, 0.017096020473202293
n02454379_ILSVRC2012_val_00018686, 0.11111953047175584
n02113978_ILSVRC2012_val_00011202, 6.083090545932344e-08
n02342885_ILSVRC2012_val_00015181, 6.0022502999668734e-05
n02088094_ILSVRC2012_val_00015990, 8.670298397058347e-07
n02089078_ILSVRC2012_val_00019462, 0.2590947322738698
n02727426_ILSVRC2012_val_00039440, 3.263002758254447e-12
n03983396_ILSVRC2012_val_00033968, 0.42176668236833575
n02799071_ILSVRC2012_val_00012189, 2.4327274913787066e-08
n02843684_ILSVRC2012_val_00006780, 5.893699804320141e-12
n02085782_ILSVRC2012_val_00043201, 6.901082992091034e-16
n01514668_ILSVRC2012_val_00028712, 0.24475683814027743
n04019541_ILSVRC2012_val_00009756, 0.49318545710442857
n01751748_ILSVRC2012_val_00033903, 0.023850289815046867
n03461385_ILSVRC2012_val_00042117, 0.11056742157045645
n03649909_ILSVRC2012_val_00013162, 0.03055440536243084
n02493509_ILSVRC2012_val_00040269, 0.012600089054041105
n03770679_ILSVRC2012_val_00007374, 0.3771828488840055
n02100735_ILSVRC2012_val_00019050, 0.056806316426605
n02066245_ILSVRC2012_val_00037778, 0.0004925852158884172
n02087394_ILSVRC2012_val_00000077, 0.11366012592151645
n02109047_ILSVRC2012_val_00042206, 7.0500815648924814e-06
n02096437_ILSVRC2012_val_00003380, 3.3609978050063018e-15
n03961711_ILSVRC2012_val_00042539, 1.9468846858197093e-19
n03467068_ILSVRC2012_val_00049891, 0.34011516110148543
n03803284_ILSVRC2012_val_00027961, 0.2905882285877273
n02025239_ILSVRC2012_val_00028187, 6.853746002208607e-05
n04485082_ILSVRC2012_val_00035926, 0.009548137161130947
n03028079_ILSVRC2012_val_00033509, 3.8446027273215134e-11
n02172182_ILSVRC2012_val_00011085, 6.452902409726915e-06
n01558993_ILSVRC2012_val_00007667, 3.2394028440983726e-07
n01729977_ILSVRC2012_val_00040950, 0.17987072741677643
n03967562_ILSVRC2012_val_00041970, 0.0008370042522017068
n03769881_ILSVRC2012_val_00036750, 0.0846175152238985
n02106550_ILSVRC2012_val_00034771, 0.10449768240325925
n02190166_ILSVRC2012_val_00036434, 2.4344276875266136e-06
n02006656_ILSVRC2012_val_00008978, 0.0031024765282080843
n01664065_ILSVRC2012_val_00020141, 0.12608530085129221
n03127747_ILSVRC2012_val_00025383, 0.009413903747731569
n04509417_ILSVRC2012_val_00017279, 0.3962103813825012
n04560804_ILSVRC2012_val_00034852, 0.22290765914496521
n02109525_ILSVRC2012_val_00049356, 0.0007681640575332251
n02699494_ILSVRC2012_val_00013048, 0.007353172605987251
n02120505_ILSVRC2012_val_00043421, 0.05294288225753947
n03977966_ILSVRC2012_val_00007655, 0.28564138691096685
n01728920_ILSVRC2012_val_00047852, 0.001766697284397103
n03720891_ILSVRC2012_val_00047710, 5.189637627866727e-12
n03126707_ILSVRC2012_val_00038795, 0.0029278958077414512
n03840681_ILSVRC2012_val_00023297, 1.1933131488131001e-07
n02403003_ILSVRC2012_val_00009046, 0.0041915877389609646
n03187595_ILSVRC2012_val_00029045, 8.227348590009458e-15
n02342885_ILSVRC2012_val_00039968, 1.3998870427609205e-05
n02417914_ILSVRC2012_val_00003685, 5.477119485556126e-10
n04532670_ILSVRC2012_val_00044782, 0.040107051945488754
n02676566_ILSVRC2012_val_00005467, 0.007139561485585074
n09428293_ILSVRC2012_val_00043977, 0.01695360536009213
n03127925_ILSVRC2012_val_00027797, 0.22748034239282783
n03065424_ILSVRC2012_val_00040791, 1.6344302472753338e-09
n02107312_ILSVRC2012_val_00034324, 0.01032338993033273
n02087394_ILSVRC2012_val_00001651, 0.019076129815430908
n04127249_ILSVRC2012_val_00002068, 2.0239155821811147e-05
n09246464_ILSVRC2012_val_00019597, 0.0084498718132591
n02910353_ILSVRC2012_val_00046056, 0.004500027359965761
n02013706_ILSVRC2012_val_00045911, 8.555731303021657e-07
n04125021_ILSVRC2012_val_00001169, 9.107071852921082e-07
n02259212_ILSVRC2012_val_00028692, 0.000654627576507603
n04264628_ILSVRC2012_val_00044098, 0.28016729571350646
n03355925_ILSVRC2012_val_00012078, 6.579464522113761e-05
n03042490_ILSVRC2012_val_00033943, 0.48728652771177833
n01985128_ILSVRC2012_val_00003119, 0.0026999293164566523
n02417914_ILSVRC2012_val_00023489, 2.595557122033787e-07
n03325584_ILSVRC2012_val_00034182, 0.9998723341200255
n04116512_ILSVRC2012_val_00015288, 4.175331658543504e-08
n01753488_ILSVRC2012_val_00034461, 0.016148790074876664
n02992529_ILSVRC2012_val_00005705, 0.00013569897931485763
n03085013_ILSVRC2012_val_00044090, 8.876466144994554e-14
n03908618_ILSVRC2012_val_00012965, 0.0551732077872202
n03743016_ILSVRC2012_val_00020640, 0.05799128575545298
n02509815_ILSVRC2012_val_00012980, 0.07714531593083776
n02860847_ILSVRC2012_val_00003099, 0.001076890706534209
n04336792_ILSVRC2012_val_00016751, 5.869264362596053e-05
n02676566_ILSVRC2012_val_00019450, 0.006497868838051223
n03706229_ILSVRC2012_val_00016942, 0.0020181989581632676
n02492660_ILSVRC2012_val_00047185, 0.0001262484113188053
n07880968_ILSVRC2012_val_00031146, 0.29997353709219077
n01737021_ILSVRC2012_val_00009042, 0.006619003330352519
n04548362_ILSVRC2012_val_00003108, 4.177016379291188e-13
n02086079_ILSVRC2012_val_00041109, 0.032674524272568575
n01443537_ILSVRC2012_val_00022138, 0.9996418196580249
n02837789_ILSVRC2012_val_00036936, 6.601062012060565e-07
n02892201_ILSVRC2012_val_00033978, 0.03052287263291188
n02099267_ILSVRC2012_val_00019226, 6.849618475258838e-07
n02112018_ILSVRC2012_val_00044585, 0.002001887933197083
n02111500_ILSVRC2012_val_00029490, 0.12731219600285618
n03666591_ILSVRC2012_val_00009465, 0.47881818093607664
n04041544_ILSVRC2012_val_00008193, 0.11188140554856078
n02823750_ILSVRC2012_val_00037744, 0.002285810532498785
n04263257_ILSVRC2012_val_00034989, 0.19436503640721778
n02110063_ILSVRC2012_val_00005575, 1.6317169500891098e-10
n01806567_ILSVRC2012_val_00026021, 4.167756660057017e-10
n04350905_ILSVRC2012_val_00030307, 9.81753107102384e-06
n03661043_ILSVRC2012_val_00000715, 0.011793039089987497
n04200800_ILSVRC2012_val_00048329, 1.0906628808887941e-05
n03658185_ILSVRC2012_val_00008145, 0.012681427159663748
n09288635_ILSVRC2012_val_00030256, 0.0008461374487756857
n02823750_ILSVRC2012_val_00010130, 0.06190130505983993
n02108000_ILSVRC2012_val_00002492, 0.005611211695015393
n02807133_ILSVRC2012_val_00006861, 0.0463673087977489
n03188531_ILSVRC2012_val_00014675, 7.176008531180497e-06
n02056570_ILSVRC2012_val_00011062, 0.019437747257576795
n03445777_ILSVRC2012_val_00022792, 0.04434538395265048
n07697537_ILSVRC2012_val_00042412, 0.01650785877835813
n02415577_ILSVRC2012_val_00019055, 0.0007163523697194335
n03899768_ILSVRC2012_val_00011183, 0.2487522220281747
n01773797_ILSVRC2012_val_00007677, 0.10615711561872503
n03485407_ILSVRC2012_val_00036135, 0.2535392139627606
n02361337_ILSVRC2012_val_00038028, 0.13152434239398517
n01558993_ILSVRC2012_val_00019038, 9.582351158419173e-11
n04252077_ILSVRC2012_val_00029893, 5.7387066640516996e-05
n03483316_ILSVRC2012_val_00043382, 0.0004091706752624311
n04041544_ILSVRC2012_val_00047817, 1.1782484998766378e-05
n02037110_ILSVRC2012_val_00002738, 0.2531662310661613
n04398044_ILSVRC2012_val_00030441, 0.037408351528388444
n01795545_ILSVRC2012_val_00035601, 7.173619188095692e-13
n02814533_ILSVRC2012_val_00027081, 6.793514433466953e-10
n03291819_ILSVRC2012_val_00003352, 0.22452773294168563
n02124075_ILSVRC2012_val_00007023, 0.002249356500553097
n02804414_ILSVRC2012_val_00017317, 3.7608533082230016e-06
n02112018_ILSVRC2012_val_00019822, 2.7914944325787523e-12
n03325584_ILSVRC2012_val_00007741, 3.628810820885011e-10
n03457902_ILSVRC2012_val_00014654, 1.532007229709214e-05
n01748264_ILSVRC2012_val_00035976, 0.31178045315181274
n03709823_ILSVRC2012_val_00032247, 0.049341472279346245
n02007558_ILSVRC2012_val_00019951, 6.08944135340346e-07
n02128925_ILSVRC2012_val_00041267, 1.9252319129583516e-11
n02033041_ILSVRC2012_val_00020205, 2.424247101894101e-07
n03888605_ILSVRC2012_val_00008363, 0.052896403910799604
n03131574_ILSVRC2012_val_00016407, 2.951206928155914e-05
n07873807_ILSVRC2012_val_00047524, 0.26564869297871924
n01843383_ILSVRC2012_val_00015673, 2.987111989468512e-34
n04428191_ILSVRC2012_val_00003316, 1.4817036561470871e-10
n03777754_ILSVRC2012_val_00007543, 0.37276947559248597
n02097130_ILSVRC2012_val_00003758, 0.0017640917167159073
n03764736_ILSVRC2012_val_00002470, 4.140176085611185e-07
n02487347_ILSVRC2012_val_00022040, 2.1217618467520502e-07
n03710721_ILSVRC2012_val_00047553, 0.38016877941618177
n01855032_ILSVRC2012_val_00025130, 0.0798766845948598
n02113023_ILSVRC2012_val_00044237, 5.0947435849884447e-08
n04009552_ILSVRC2012_val_00001253, 0.00011856858387738743
n04591713_ILSVRC2012_val_00039657, 0.19279793165962697
n01943899_ILSVRC2012_val_00012672, 1.906091442032724e-06
n02130308_ILSVRC2012_val_00031348, 0.1632337196236177
n11939491_ILSVRC2012_val_00004514, 6.259351715028326e-06
n12620546_ILSVRC2012_val_00029292, 0.031237037723643526
n01530575_ILSVRC2012_val_00037116, 1.0237746333448443e-22
n02094114_ILSVRC2012_val_00014810, 9.827322799441586e-11
n01641577_ILSVRC2012_val_00019578, 5.973168871747513e-06
n02107574_ILSVRC2012_val_00001302, 1.0693414994461839e-08
n02749479_ILSVRC2012_val_00002719, 0.2984395431313699
n03109150_ILSVRC2012_val_00040330, 0.00019530364910876188
n02113186_ILSVRC2012_val_00025691, 9.031338614024516e-05
n03623198_ILSVRC2012_val_00009826, 0.012041246958304665
n02787622_ILSVRC2012_val_00010207, 1.3224744835294735e-11
n02098286_ILSVRC2012_val_00008945, 2.336589405985276e-13
n01944390_ILSVRC2012_val_00002602, 0.014872938859159416
n03903868_ILSVRC2012_val_00010953, 1.0841865204990908e-15
n03026506_ILSVRC2012_val_00040934, 7.182014364808678e-05
n02104365_ILSVRC2012_val_00042768, 0.14673842866916567
n02708093_ILSVRC2012_val_00013244, 0.3762470448743853
n13052670_ILSVRC2012_val_00039616, 5.587022157329901e-07
n04366367_ILSVRC2012_val_00004429, 0.14705834513710314
n01843383_ILSVRC2012_val_00005901, 2.9270898848680967e-10
n03530642_ILSVRC2012_val_00041787, 0.2499898661087148
n03384352_ILSVRC2012_val_00018473, 0.14690689615274855
n04081281_ILSVRC2012_val_00047007, 0.13000921715974068
n04125021_ILSVRC2012_val_00041163, 0.4565086575955321
n04584207_ILSVRC2012_val_00039917, 0.14531141187214658
n01930112_ILSVRC2012_val_00026452, 0.023126038196985266
n04229816_ILSVRC2012_val_00020818, 5.278052997232191e-09
n02776631_ILSVRC2012_val_00039610, 0.2752268036952321
n02095570_ILSVRC2012_val_00046610, 0.05227401043965382
n03133878_ILSVRC2012_val_00004670, 1.8583566806986823e-13
n03733131_ILSVRC2012_val_00003505, 0.0004401335188675217
n03028079_ILSVRC2012_val_00049943, 2.2548645858029525e-06
n07584110_ILSVRC2012_val_00032735, 0.33240730397303353
n02094433_ILSVRC2012_val_00043233, 8.3165800222983e-10
n04204238_ILSVRC2012_val_00015859, 0.41458520432267026
n04486054_ILSVRC2012_val_00040446, 0.007734490524136266
n10148035_ILSVRC2012_val_00022168, 1.1993794314084756e-06
n12267677_ILSVRC2012_val_00024975, 4.417908522083198e-17
n03494278_ILSVRC2012_val_00021005, 0.00028016216697955007
n02963159_ILSVRC2012_val_00049556, 9.794373343959925e-05
n06785654_ILSVRC2012_val_00004597, 5.983651843741621e-18
n03733281_ILSVRC2012_val_00039998, 0.0012698370423138445
n09256479_ILSVRC2012_val_00008164, 0.00320487287371055
n04536866_ILSVRC2012_val_00046990, 0.32715798919460193
n04398044_ILSVRC2012_val_00014880, 0.31792409880570377
n07753275_ILSVRC2012_val_00030047, 0.2541298943374434
n02363005_ILSVRC2012_val_00023296, 0.008975391628435709
n01491361_ILSVRC2012_val_00013484, 1.7212172181539206e-07
n03133878_ILSVRC2012_val_00041085, 0.004029213036472593
n04596742_ILSVRC2012_val_00018350, 0.04192736236325863
n02480855_ILSVRC2012_val_00041155, 0.19229297590664363
n04532106_ILSVRC2012_val_00043040, 7.264945113803662e-07
n03976467_ILSVRC2012_val_00037321, 1.4186406078512182e-05
n02002556_ILSVRC2012_val_00026139, 6.984342519239663e-11
n01774750_ILSVRC2012_val_00035080, 1.6356965613215188e-07
n03630383_ILSVRC2012_val_00045271, 1.6378104614905252e-08
n02825657_ILSVRC2012_val_00002587, 0.0007199156861355553
n04265275_ILSVRC2012_val_00031079, 0.0001697157846614523
n03000247_ILSVRC2012_val_00034857, 0.1449230096932604
n07695742_ILSVRC2012_val_00003416, 0.010880409397438036
n03047690_ILSVRC2012_val_00018631, 0.05063831104132609
n02979186_ILSVRC2012_val_00017775, 0.18089046454753158
n02113186_ILSVRC2012_val_00022712, 5.37802995004251e-07
n04266014_ILSVRC2012_val_00014262, 1.2997325770248517e-08
n03623198_ILSVRC2012_val_00017853, 0.0012746414413389933
n04330267_ILSVRC2012_val_00029749, 0.006458015339730221
n03197337_ILSVRC2012_val_00038776, 0.4091863140208615
n01496331_ILSVRC2012_val_00045936, 0.44440424301228354
n03297495_ILSVRC2012_val_00022933, 0.001515093762942087
n04040759_ILSVRC2012_val_00012378, 0.0008128993994126278
n02105056_ILSVRC2012_val_00036843, 0.001217738920888384
n04067472_ILSVRC2012_val_00012789, 0.0033497630603019314
n02088632_ILSVRC2012_val_00010982, 0.301938553624429
n04335435_ILSVRC2012_val_00044131, 4.409552916478695e-07
n03781244_ILSVRC2012_val_00028364, 0.07800849326097645
n01531178_ILSVRC2012_val_00015903, 4.510083791740326e-11
n02219486_ILSVRC2012_val_00043616, 0.32352335681255634
n07831146_ILSVRC2012_val_00029301, 8.970927395347865e-11
n01537544_ILSVRC2012_val_00043965, 9.851059623610675e-08
n03272010_ILSVRC2012_val_00001273, 0.0015221435161451033
n03670208_ILSVRC2012_val_00013054, 0.008980157817737845
n02096177_ILSVRC2012_val_00032177, 2.184825320352677e-05
n03710637_ILSVRC2012_val_00003825, 0.24327547602672323
n04479046_ILSVRC2012_val_00043741, 0.06737067022041783
n02101006_ILSVRC2012_val_00039268, 3.0460133326716954e-09
n03089624_ILSVRC2012_val_00041701, 0.4093486796018246
n01514668_ILSVRC2012_val_00047137, 2.4925758032788323e-07
n04428191_ILSVRC2012_val_00034195, 0.046967612405292423
n04606251_ILSVRC2012_val_00021959, 0.04632493077177087
n04355933_ILSVRC2012_val_00004932, 0.005615269135687424
n01514668_ILSVRC2012_val_00019721, 7.87644767920555e-05
