n01491361_ILSVRC2012_val_00029300, 0.8048840559814505
n03345487_ILSVRC2012_val_00008602, 0.9998218569692031
n02363005_ILSVRC2012_val_00036380, 0.9986760692626306
n04026417_ILSVRC2012_val_00019863, 0.0
n02134418_ILSVRC2012_val_00022698, 0.0
n03032252_ILSVRC2012_val_00036856, 0.0
n03661043_ILSVRC2012_val_00039081, 0.0
n09399592_ILSVRC2012_val_00039034, 0.9989447675263373
n04311174_ILSVRC2012_val_00031667, 0.999999999999926
n01532829_ILSVRC2012_val_00000873, 0.0
n06785654_ILSVRC2012_val_00027470, 0.8302892035494119
n02927161_ILSVRC2012_val_00003463, 0.0
n02089078_ILSVRC2012_val_00023966, 0.0
n03633091_ILSVRC2012_val_00006333, 0.0
n03775071_ILSVRC2012_val_00022216, 0.0
n03717622_ILSVRC2012_val_00049910, 0.9349854305917482
n02280649_ILSVRC2012_val_00035898, 0.9999999967542592
n02033041_ILSVRC2012_val_00035363, 1.0
n03929660_ILSVRC2012_val_00035611, 0.0
n04589890_ILSVRC2012_val_00005806, 0.0
n02093647_ILSVRC2012_val_00033269, 0.9994028105283912
n03016953_ILSVRC2012_val_00014557, 0.9994302355875443
n01755581_ILSVRC2012_val_00038859, 0.9999996610084197
n04049303_ILSVRC2012_val_00010839, 0.0
n02489166_ILSVRC2012_val_00019235, 0.9999999997749058
n07753592_ILSVRC2012_val_00012444, 0.0
n02526121_ILSVRC2012_val_00009459, 0.0
n02730930_ILSVRC2012_val_00003567, 0.9879593601124155
n02974003_ILSVRC2012_val_00023858, 0.0
n02109961_ILSVRC2012_val_00029313, 0.8452680021614927
n04141076_ILSVRC2012_val_00006682, 0.9999999996116161
n11939491_ILSVRC2012_val_00034896, 0.0
n07930864_ILSVRC2012_val_00009249, 0.0
n01739381_ILSVRC2012_val_00046490, 0.9999999995097814
n01820546_ILSVRC2012_val_00005925, 0.0
n04266014_ILSVRC2012_val_00049754, 0.999998336986034
n02088466_ILSVRC2012_val_00014631, 0.0
n03930313_ILSVRC2012_val_00040562, 0.9997939683700665
n02110627_ILSVRC2012_val_00006933, 0.9416500652213856
n02108422_ILSVRC2012_val_00029363, 0.9328022610744915
n02264363_ILSVRC2012_val_00011783, 0.0
n07584110_ILSVRC2012_val_00006798, 0.4434639973957405
n03417042_ILSVRC2012_val_00004119, 0.0
n04263257_ILSVRC2012_val_00008514, 0.5663416963281209
n01695060_ILSVRC2012_val_00022470, 0.9999999999975937
n03794056_ILSVRC2012_val_00000430, 0.8761822273429383
n04523525_ILSVRC2012_val_00049794, 0.0
n02190166_ILSVRC2012_val_00038774, 0.9940478182214435
n12144580_ILSVRC2012_val_00038919, 0.9977919134482136
n02403003_ILSVRC2012_val_00013190, 0.9999846466980921
n03954731_ILSVRC2012_val_00039935, 0.999997925426813
n04004767_ILSVRC2012_val_00043636, 0.0
n02814533_ILSVRC2012_val_00024318, 0.0
n01614925_ILSVRC2012_val_00046564, 0.9998418392516425
n04370456_ILSVRC2012_val_00018171, 0.0
n03838899_ILSVRC2012_val_00017944, 0.0
n02165105_ILSVRC2012_val_00031488, 0.9902867547504816
n04254680_ILSVRC2012_val_00008133, 0.999999098782563
n02916936_ILSVRC2012_val_00012520, 0.0
n02028035_ILSVRC2012_val_00019389, 0.9999999998034649
n02835271_ILSVRC2012_val_00009228, 0.9999999688304355
n04389033_ILSVRC2012_val_00046843, 0.5017914779291174
n04228054_ILSVRC2012_val_00024679, 0.9998986175145186
n02268853_ILSVRC2012_val_00004215, 0.9999778475866783
n03717622_ILSVRC2012_val_00010030, 0.0
n03877845_ILSVRC2012_val_00003937, 0.0
n03041632_ILSVRC2012_val_00040170, 0.0
n02219486_ILSVRC2012_val_00038010, 0.9956259499099965
n03877845_ILSVRC2012_val_00014955, 0.0
n02437312_ILSVRC2012_val_00016586, 0.9961636053655074
n02167151_ILSVRC2012_val_00032023, 0.999962261949936
n12985857_ILSVRC2012_val_00004103, 0.7825255333060369
n03958227_ILSVRC2012_val_00015775, 0.0
n03459775_ILSVRC2012_val_00004928, 0.9666010891447069
n02107312_ILSVRC2012_val_00014780, 0.9991598983187063
n03874293_ILSVRC2012_val_00017941, 0.6669992370408369
n03924679_ILSVRC2012_val_00022650, 0.9950605461349935
n02074367_ILSVRC2012_val_00033885, 0.8840917443218242
n02480495_ILSVRC2012_val_00017493, 0.0
n03255030_ILSVRC2012_val_00010730, 0.0
n02165105_ILSVRC2012_val_00000768, 0.0
n03788195_ILSVRC2012_val_00044234, 0.9999995434837073
n02927161_ILSVRC2012_val_00011432, 0.0
n02100583_ILSVRC2012_val_00018982, 0.0
n02497673_ILSVRC2012_val_00011144, 0.999857364731112
n02841315_ILSVRC2012_val_00012679, 0.0
n07747607_ILSVRC2012_val_00033807, 0.0
n03995372_ILSVRC2012_val_00048981, 0.0
n02107142_ILSVRC2012_val_00028584, 0.0
n02504013_ILSVRC2012_val_00004882, 0.9513287067903534
n01641577_ILSVRC2012_val_00013974, 0.9902632930738333
n03223299_ILSVRC2012_val_00048302, 0.0
n07697313_ILSVRC2012_val_00037389, 0.0
n04540053_ILSVRC2012_val_00012002, 0.0
n01530575_ILSVRC2012_val_00045172, 0.9818913778271942
n03673027_ILSVRC2012_val_00034696, 0.0
n02077923_ILSVRC2012_val_00026593, 0.9600916147701741
n04070727_ILSVRC2012_val_00005383, 0.9977622984088741
n03384352_ILSVRC2012_val_00005128, 0.9999935964645844
n03876231_ILSVRC2012_val_00004827, 0.0
n03769881_ILSVRC2012_val_00031349, 0.0
n01872401_ILSVRC2012_val_00030772, 0.9975038563982196
n02843684_ILSVRC2012_val_00013138, 0.0
n01910747_ILSVRC2012_val_00035964, 0.9999912209562943
n03764736_ILSVRC2012_val_00026080, 0.0
n04254120_ILSVRC2012_val_00044604, 0.0
n02123394_ILSVRC2012_val_00031180, 0.8193785123179638
n03532672_ILSVRC2012_val_00005540, 0.0
n02099712_ILSVRC2012_val_00009984, 0.0
n02437312_ILSVRC2012_val_00019200, 0.5362854417049661
n02165456_ILSVRC2012_val_00036251, 0.9999725415026592
n03871628_ILSVRC2012_val_00042417, 0.0
n04344873_ILSVRC2012_val_00014105, 0.0
n02093754_ILSVRC2012_val_00004511, 0.8013224721399892
n07613480_ILSVRC2012_val_00004874, 0.5846658931883473
n03697007_ILSVRC2012_val_00002979, 0.916993008153911
n02108089_ILSVRC2012_val_00018604, 0.0
n03733281_ILSVRC2012_val_00000118, 0.7890934592640663
n03133878_ILSVRC2012_val_00033981, 0.9998812031105108
n02319095_ILSVRC2012_val_00045604, 0.9954547655359298
n01728572_ILSVRC2012_val_00003569, 0.9997318508282267
n03991062_ILSVRC2012_val_00024716, 0.5614264256676442
n02892767_ILSVRC2012_val_00000808, 0.0
n02441942_ILSVRC2012_val_00007735, 0.9999988259071396
n04141076_ILSVRC2012_val_00008159, 1.0
n02168699_ILSVRC2012_val_00000926, 0.0
n02268853_ILSVRC2012_val_00002893, 0.9999999911664947
n02328150_ILSVRC2012_val_00029632, 0.0
n03891251_ILSVRC2012_val_00034159, 0.9999999536170058
n04081281_ILSVRC2012_val_00045105, 0.0
n02094433_ILSVRC2012_val_00025821, 0.0
n03662601_ILSVRC2012_val_00014119, 0.9999999968558426
n04482393_ILSVRC2012_val_00029793, 0.0
n03109150_ILSVRC2012_val_00045314, 0.9997085809983702
n02978881_ILSVRC2012_val_00001437, 0.0
n02281406_ILSVRC2012_val_00024754, 0.999997068153727
n02443484_ILSVRC2012_val_00014233, 0.0
n02128385_ILSVRC2012_val_00042868, 0.0
n02799071_ILSVRC2012_val_00036898, 0.9944600488434441
n03930630_ILSVRC2012_val_00023096, 0.9383167950376355
n01883070_ILSVRC2012_val_00045335, 0.9999389466305008
n09246464_ILSVRC2012_val_00048191, 0.0
n04599235_ILSVRC2012_val_00011864, 0.0
n04515003_ILSVRC2012_val_00018323, 0.999999976696476
n01687978_ILSVRC2012_val_00046258, 0.9999999999821533
n03710193_ILSVRC2012_val_00043368, 0.9653869284573836
n02423022_ILSVRC2012_val_00013750, 0.5521528231709191
n04487081_ILSVRC2012_val_00008255, 0.9581604163320362
n03775546_ILSVRC2012_val_00011309, 0.6138344108403506
n04026417_ILSVRC2012_val_00002590, 0.0
n03791053_ILSVRC2012_val_00010636, 0.9989978759495879
n04229816_ILSVRC2012_val_00008480, 0.0
n03372029_ILSVRC2012_val_00025781, 0.0
n03877472_ILSVRC2012_val_00019632, 0.0
n02843684_ILSVRC2012_val_00025965, 0.9999994777677641
n02086646_ILSVRC2012_val_00008198, 0.6076924515628941
n02105641_ILSVRC2012_val_00005905, 0.9966141770091339
n03291819_ILSVRC2012_val_00048896, 0.0
n02788148_ILSVRC2012_val_00049098, 0.0
n07753113_ILSVRC2012_val_00032827, 0.5293615211526694
n02966687_ILSVRC2012_val_00021519, 0.0
n02112018_ILSVRC2012_val_00039662, 0.9999999999999702
n02280649_ILSVRC2012_val_00016780, 0.995883284004122
n02089867_ILSVRC2012_val_00035767, 0.0
n02790996_ILSVRC2012_val_00022044, 0.0
n03017168_ILSVRC2012_val_00020461, 0.0
n02085936_ILSVRC2012_val_00034259, 0.0
n02437616_ILSVRC2012_val_00037380, 0.9817857099207331
n02093754_ILSVRC2012_val_00020832, 0.0
n02606052_ILSVRC2012_val_00033908, 0.9999991166512201
n04074963_ILSVRC2012_val_00028651, 0.9999598445328272
n04525038_ILSVRC2012_val_00043142, 0.0
n03838899_ILSVRC2012_val_00011452, 0.9999963003175747
n03709823_ILSVRC2012_val_00007848, 0.971210456044987
n04332243_ILSVRC2012_val_00048376, 0.0
n01616318_ILSVRC2012_val_00040205, 0.9794242086014228
n07734744_ILSVRC2012_val_00019483, 0.0
n02066245_ILSVRC2012_val_00015203, 0.8363046022997495
n04192698_ILSVRC2012_val_00047516, 0.0
n02105251_ILSVRC2012_val_00021946, 0.0
n04009552_ILSVRC2012_val_00033020, 0.9994697308598325
n02110627_ILSVRC2012_val_00029382, 0.0
n02091635_ILSVRC2012_val_00041912, 0.0
n03045698_ILSVRC2012_val_00000750, 0.0
n07248320_ILSVRC2012_val_00034391, 0.0
n02002724_ILSVRC2012_val_00006487, 0.9794992494118496
n03832673_ILSVRC2012_val_00005161, 0.32576581865411275
n03775071_ILSVRC2012_val_00035830, 0.0
n02892201_ILSVRC2012_val_00017464, 0.6078771728337153
n02025239_ILSVRC2012_val_00009210, 0.880735993122821
n02457408_ILSVRC2012_val_00042228, 0.94763895305139
n03124170_ILSVRC2012_val_00020143, 0.7227357537238337
n02106166_ILSVRC2012_val_00009862, 0.9517514997625872
n03843555_ILSVRC2012_val_00047130, 0.7202184587706367
n02105412_ILSVRC2012_val_00017056, 0.9929194910788306
n04263257_ILSVRC2012_val_00037205, 0.49790669616930344
n02687172_ILSVRC2012_val_00042849, 0.0
n03133878_ILSVRC2012_val_00012686, 0.7033373498657387
n04154565_ILSVRC2012_val_00041073, 0.0
n01981276_ILSVRC2012_val_00021241, 0.0
n03947888_ILSVRC2012_val_00012447, 0.999998492657679
n03930313_ILSVRC2012_val_00028528, 0.9999650536476522
n03249569_ILSVRC2012_val_00040561, 0.7025579781787328
n02277742_ILSVRC2012_val_00013386, 0.9999971176114075
n02437312_ILSVRC2012_val_00013553, 0.0
n04317175_ILSVRC2012_val_00035258, 0.0
n03868242_ILSVRC2012_val_00024045, 0.0
n04456115_ILSVRC2012_val_00035180, 0.9702374775134702
n02092339_ILSVRC2012_val_00004974, 0.0
n02486410_ILSVRC2012_val_00003454, 0.667178380663443
n02108422_ILSVRC2012_val_00008061, 0.9929287479160435
n03793489_ILSVRC2012_val_00013161, 0.0
n02704792_ILSVRC2012_val_00006872, 0.0
n09421951_ILSVRC2012_val_00046434, 0.9755621569007897
n01855032_ILSVRC2012_val_00039957, 0.3918197466136813
n02319095_ILSVRC2012_val_00029492, 0.6056159229440736
n04162706_ILSVRC2012_val_00011299, 0.9996864793458516
n02782093_ILSVRC2012_val_00022462, 0.9897954937240147
n07718472_ILSVRC2012_val_00025124, 0.9911921930909802
n02840245_ILSVRC2012_val_00045462, 0.9849590792417107
n02484975_ILSVRC2012_val_00037276, 0.7498814286835263
n02951358_ILSVRC2012_val_00015044, 0.9999999998681736
n02106550_ILSVRC2012_val_00049351, 0.0
n03452741_ILSVRC2012_val_00028207, 0.0
n02089867_ILSVRC2012_val_00033233, 0.0
n02106550_ILSVRC2012_val_00045446, 0.9984361547392658
n02114855_ILSVRC2012_val_00020256, 0.0
n02799071_ILSVRC2012_val_00045333, 0.0
n04065272_ILSVRC2012_val_00011890, 0.999999791184644
n02086646_ILSVRC2012_val_00004085, 0.998853272332183
n07583066_ILSVRC2012_val_00004206, 0.0
n09428293_ILSVRC2012_val_00049343, 0.0
n03825788_ILSVRC2012_val_00027341, 0.9751648733952875
n07875152_ILSVRC2012_val_00046458, 0.9075150790418797
n02086646_ILSVRC2012_val_00020031, 0.9999999999999996
n03676483_ILSVRC2012_val_00029251, 0.9999999999657031
n03197337_ILSVRC2012_val_00011421, 0.0
n01775062_ILSVRC2012_val_00039854, 0.9978727049441621
n02971356_ILSVRC2012_val_00018554, 0.0
n02321529_ILSVRC2012_val_00021501, 0.9995882739003805
n03937543_ILSVRC2012_val_00005967, 0.9732049485626058
n01847000_ILSVRC2012_val_00019313, 0.0
n03131574_ILSVRC2012_val_00022199, 0.0
n02917067_ILSVRC2012_val_00022891, 0.0
n03759954_ILSVRC2012_val_00012172, 0.0
n03933933_ILSVRC2012_val_00041214, 0.9930383406935106
n01873310_ILSVRC2012_val_00007800, 0.0
n02134084_ILSVRC2012_val_00042273, 0.0
n02206856_ILSVRC2012_val_00038129, 0.9999986598005673
n04239074_ILSVRC2012_val_00026414, 0.5887779492128808
n01855032_ILSVRC2012_val_00043899, 0.9985195998871018
n04254680_ILSVRC2012_val_00047298, 0.9999984148343528
n02749479_ILSVRC2012_val_00018213, 0.0
n03944341_ILSVRC2012_val_00030282, 0.9302772233954977
n01944390_ILSVRC2012_val_00008747, 0.9999965756051665
n01440764_ILSVRC2012_val_00039905, 0.9284824572247051
n03291819_ILSVRC2012_val_00021245, 0.9932379743373035
n03424325_ILSVRC2012_val_00027495, 0.9999999999942545
n01855032_ILSVRC2012_val_00006555, 0.775073253251108
n02105412_ILSVRC2012_val_00006002, 0.0
n04442312_ILSVRC2012_val_00009258, 0.5502477507914567
n02110958_ILSVRC2012_val_00001646, 0.9538821779226768
n03930313_ILSVRC2012_val_00031316, 0.9999998580098314
n02489166_ILSVRC2012_val_00018502, 0.5405036922050442
n04037443_ILSVRC2012_val_00049700, 0.5654816988474938
n04389033_ILSVRC2012_val_00047296, 0.3788749376109736
n03425413_ILSVRC2012_val_00029203, 0.0
n04273569_ILSVRC2012_val_00001204, 0.9999892982697536
n03110669_ILSVRC2012_val_00013933, 0.999999996596276
n02865351_ILSVRC2012_val_00025321, 0.9999999999903019
n03888605_ILSVRC2012_val_00000240, 0.0
n07697537_ILSVRC2012_val_00029037, 0.0
n12985857_ILSVRC2012_val_00008830, 0.9999996392549602
n02091134_ILSVRC2012_val_00007933, 0.9999998499291548
n02108422_ILSVRC2012_val_00004963, 0.9935009013015479
n03445924_ILSVRC2012_val_00007926, 0.9999998311726728
n01945685_ILSVRC2012_val_00016138, 0.999989373893148
n01534433_ILSVRC2012_val_00021650, 0.999893272010858
n07932039_ILSVRC2012_val_00012666, 0.0
n02963159_ILSVRC2012_val_00000061, 0.0
n01677366_ILSVRC2012_val_00046407, 0.9854584984286324
n02687172_ILSVRC2012_val_00012111, 0.9780060285740015
n02113712_ILSVRC2012_val_00001234, 0.0
n03763968_ILSVRC2012_val_00021649, 0.6688832474438745
n03450230_ILSVRC2012_val_00004145, 0.0
n02492035_ILSVRC2012_val_00004190, 0.9916712720296472
n01729977_ILSVRC2012_val_00040468, 0.9023604185398805
n02423022_ILSVRC2012_val_00046413, 0.9999996249367517
n03459775_ILSVRC2012_val_00016475, 0.9995003779747318
n03649909_ILSVRC2012_val_00001839, 0.9999981058571455
n03089624_ILSVRC2012_val_00025257, 0.0
n01819313_ILSVRC2012_val_00023805, 0.9829749046578699
n02494079_ILSVRC2012_val_00024582, 0.8773044244113928
n01770081_ILSVRC2012_val_00015566, 0.991472838072014
n03400231_ILSVRC2012_val_00009309, 0.9999924458910171
n04493381_ILSVRC2012_val_00020768, 0.0
n02859443_ILSVRC2012_val_00019378, 0.0
n02091467_ILSVRC2012_val_00029705, 0.9995837955425593
n02666196_ILSVRC2012_val_00016236, 1.0
n04380533_ILSVRC2012_val_00033933, 0.0
n01532829_ILSVRC2012_val_00013456, 0.0
n04554684_ILSVRC2012_val_00001704, 0.0
n01739381_ILSVRC2012_val_00036082, 0.0
n04099969_ILSVRC2012_val_00001953, 0.0
n04398044_ILSVRC2012_val_00022342, 0.0
n04357314_ILSVRC2012_val_00031832, 0.0
n01773797_ILSVRC2012_val_00018439, 0.9257731084571261
n01855032_ILSVRC2012_val_00011874, 0.9999968713277059
n04347754_ILSVRC2012_val_00004204, 0.9996934353054409
n03109150_ILSVRC2012_val_00020055, 0.9999999999998542
n02895154_ILSVRC2012_val_00022803, 0.0
n03759954_ILSVRC2012_val_00021431, 0.0
n02666196_ILSVRC2012_val_00009486, 0.9999990915769129
n04435653_ILSVRC2012_val_00005098, 0.5092592255902977
n01797886_ILSVRC2012_val_00022110, 0.9999962760347296
n02101556_ILSVRC2012_val_00026056, 0.9912761198914648
n03196217_ILSVRC2012_val_00010672, 0.0
n03063689_ILSVRC2012_val_00014889, 0.9269127291252861
n09399592_ILSVRC2012_val_00038398, 0.0
n03891251_ILSVRC2012_val_00027250, 0.0
n02128385_ILSVRC2012_val_00027464, 0.7653371187070463
n03207941_ILSVRC2012_val_00045536, 0.8671397251976437
n03445777_ILSVRC2012_val_00040694, 0.9624301912194688
n01534433_ILSVRC2012_val_00003878, 0.0
n02687172_ILSVRC2012_val_00026474, 0.8750681079821321
n02791270_ILSVRC2012_val_00018446, 0.0
n02098105_ILSVRC2012_val_00041118, 0.263654783520215
n04542943_ILSVRC2012_val_00015462, 0.9997777684397571
n02504013_ILSVRC2012_val_00020120, 0.45844845523146394
n02102177_ILSVRC2012_val_00006404, 0.9833519747817051
n01855032_ILSVRC2012_val_00027070, 0.0
n04037443_ILSVRC2012_val_00022017, 0.0
n01632458_ILSVRC2012_val_00010462, 0.9999982241708855
n03447721_ILSVRC2012_val_00002831, 0.0
n01990800_ILSVRC2012_val_00003738, 0.5265811101677401
n02113023_ILSVRC2012_val_00035161, 0.9999878764344752
n02098105_ILSVRC2012_val_00016567, 0.9529030334710085
n02114367_ILSVRC2012_val_00031414, 0.6073502155747079
n04228054_ILSVRC2012_val_00045586, 0.9999999999992241
n04592741_ILSVRC2012_val_00016728, 0.0
n01860187_ILSVRC2012_val_00007423, 0.9999998292818618
n01698640_ILSVRC2012_val_00011243, 0.9999998641077813
n02892201_ILSVRC2012_val_00032820, 0.9995378507264502
n03047690_ILSVRC2012_val_00015235, 0.9999078679201449
n02823750_ILSVRC2012_val_00046210, 0.9999385427591998
n07932039_ILSVRC2012_val_00015438, 0.0
n02606052_ILSVRC2012_val_00045650, 1.0
n03160309_ILSVRC2012_val_00044900, 0.0
n03355925_ILSVRC2012_val_00038515, 0.9999568123275674
n02106382_ILSVRC2012_val_00011917, 0.0
n02226429_ILSVRC2012_val_00000972, 0.9943695783957425
n04131690_ILSVRC2012_val_00011286, 0.9999999999999454
n03956157_ILSVRC2012_val_00039438, 0.9997630488922281
n03876231_ILSVRC2012_val_00023132, 0.9977340752519419
n03240683_ILSVRC2012_val_00019875, 0.9990301038852634
n02494079_ILSVRC2012_val_00005135, 0.8846957267602202
n04252077_ILSVRC2012_val_00035620, 0.9859132084786336
n03314780_ILSVRC2012_val_00042169, 0.0
n02066245_ILSVRC2012_val_00048116, 0.0
n02097130_ILSVRC2012_val_00041568, 0.0
n01693334_ILSVRC2012_val_00023753, 0.0
n02398521_ILSVRC2012_val_00027472, 0.0
n02814533_ILSVRC2012_val_00029057, 0.0
n01914609_ILSVRC2012_val_00046254, 0.0
n02497673_ILSVRC2012_val_00014914, 0.0
n02965783_ILSVRC2012_val_00031605, 0.9993753417311686
n02085782_ILSVRC2012_val_00001225, 0.7769113216043212
n02481823_ILSVRC2012_val_00020869, 0.9553866823753153
n04152593_ILSVRC2012_val_00041664, 0.0
n02229544_ILSVRC2012_val_00016276, 0.9974066194682376
n03481172_ILSVRC2012_val_00045395, 0.0
n03825788_ILSVRC2012_val_00026454, 0.9587254717887392
n01817953_ILSVRC2012_val_00028862, 0.9999950339205415
n02966193_ILSVRC2012_val_00030310, 0.9999999999873996
n01749939_ILSVRC2012_val_00006403, 0.0
n01990800_ILSVRC2012_val_00041213, 0.0
n04317175_ILSVRC2012_val_00029515, 0.999999999999933
n04141076_ILSVRC2012_val_00015586, 0.9910654138863573
n02119789_ILSVRC2012_val_00033561, 0.6289488385233677
n03759954_ILSVRC2012_val_00009296, 0.9999999999379333
n02504458_ILSVRC2012_val_00017097, 0.9254669874512822
n07873807_ILSVRC2012_val_00007709, 0.994721320574143
n01484850_ILSVRC2012_val_00002338, 0.7795669677495116
n02128757_ILSVRC2012_val_00019816, 0.9954726852799779
n04347754_ILSVRC2012_val_00020107, 0.0
n03372029_ILSVRC2012_val_00048013, 0.0
n03127925_ILSVRC2012_val_00034903, 0.0
n01943899_ILSVRC2012_val_00010096, 0.0
n02708093_ILSVRC2012_val_00002853, 0.6829257181159953
n01644900_ILSVRC2012_val_00004427, 0.0
n04476259_ILSVRC2012_val_00034739, 0.0
n02892767_ILSVRC2012_val_00005423, 0.0
n04592741_ILSVRC2012_val_00019965, 0.9906965418322157
n02123159_ILSVRC2012_val_00016000, 0.0
n01819313_ILSVRC2012_val_00030734, 0.9990244321655916
n02113624_ILSVRC2012_val_00044258, 0.0
n03481172_ILSVRC2012_val_00021070, 0.32327360122059906
n03100240_ILSVRC2012_val_00022770, 0.5829279542582576
n03180011_ILSVRC2012_val_00021924, 0.0
n01443537_ILSVRC2012_val_00012880, 0.8293076703443008
n02086646_ILSVRC2012_val_00045683, 0.9999304442296415
n03240683_ILSVRC2012_val_00036010, 0.9825936754258924
n03602883_ILSVRC2012_val_00042275, 0.0
n04548280_ILSVRC2012_val_00035461, 0.0
n02999410_ILSVRC2012_val_00009078, 0.9999596054015735
n04428191_ILSVRC2012_val_00038893, 0.0
n02835271_ILSVRC2012_val_00038409, 0.8769765144186683
n04423845_ILSVRC2012_val_00026002, 0.9999999999921971
n02129165_ILSVRC2012_val_00041380, 0.9876050739169896
n04162706_ILSVRC2012_val_00004653, 0.6259798840633244
n03538406_ILSVRC2012_val_00010304, 0.0
n04376876_ILSVRC2012_val_00028876, 0.9985861615396703
n04033901_ILSVRC2012_val_00011060, 0.9999999611252434
n03218198_ILSVRC2012_val_00017861, 0.9995337967075184
n03584254_ILSVRC2012_val_00039654, 0.5266451513814518
n01806567_ILSVRC2012_val_00035938, 0.9992000303490306
n01644900_ILSVRC2012_val_00039996, 0.0
n03047690_ILSVRC2012_val_00045240, 0.0
n02870880_ILSVRC2012_val_00036412, 0.9908914550656294
n03425413_ILSVRC2012_val_00000732, 0.6084713110957183
n03873416_ILSVRC2012_val_00026884, 0.0
n03290653_ILSVRC2012_val_00028921, 0.9651816451722072
n02486410_ILSVRC2012_val_00014339, 0.9999999714816746
n09229709_ILSVRC2012_val_00012252, 0.9962053109026064
n03272010_ILSVRC2012_val_00015207, 0.9976044696582063
n01664065_ILSVRC2012_val_00034795, 0.0
n04423845_ILSVRC2012_val_00020705, 0.0
n01797886_ILSVRC2012_val_00018626, 0.8809397240007867
n02807133_ILSVRC2012_val_00011615, 1.0
n02536864_ILSVRC2012_val_00029638, 0.9721454543934201
n04560804_ILSVRC2012_val_00043815, 0.0
n04259630_ILSVRC2012_val_00032722, 0.8882736151711197
n04074963_ILSVRC2012_val_00040768, 0.9999999940678229
n02111129_ILSVRC2012_val_00018736, 0.8337888299333927
n07716906_ILSVRC2012_val_00038602, 0.6956376503026126
n02091831_ILSVRC2012_val_00031817, 0.0
n02930766_ILSVRC2012_val_00041065, 0.0
n03065424_ILSVRC2012_val_00001981, 0.9999799671538665
n02783161_ILSVRC2012_val_00010497, 0.0
n02268443_ILSVRC2012_val_00031167, 0.9999205925478516
n01756291_ILSVRC2012_val_00001706, 0.0
n03743016_ILSVRC2012_val_00034079, 0.6401262456830019
n04153751_ILSVRC2012_val_00017334, 0.9999999997210623
n02894605_ILSVRC2012_val_00013066, 0.0
n03899768_ILSVRC2012_val_00017640, 0.0
n02101388_ILSVRC2012_val_00017331, 0.9943688524841056
n03018349_ILSVRC2012_val_00047905, 0.6437368128219401
n01784675_ILSVRC2012_val_00047329, 0.0
n03770439_ILSVRC2012_val_00046676, 0.0
n02114855_ILSVRC2012_val_00039736, 0.9263348355981897
n03388549_ILSVRC2012_val_00016373, 0.0
n02802426_ILSVRC2012_val_00038836, 0.9999891134692247
n01945685_ILSVRC2012_val_00008468, 0.9911724035376571
n01644900_ILSVRC2012_val_00044288, 0.0
n03045698_ILSVRC2012_val_00040125, 0.2259304615340607
n03950228_ILSVRC2012_val_00028744, 0.0
n01616318_ILSVRC2012_val_00023247, 0.9999832786295536
n02094258_ILSVRC2012_val_00000922, 0.9999845226671781
n04200800_ILSVRC2012_val_00006159, 0.9999999987795002
n04389033_ILSVRC2012_val_00034135, 0.9904149799087558
n03602883_ILSVRC2012_val_00022516, 0.0
n03776460_ILSVRC2012_val_00026255, 0.9995608894531816
n04515003_ILSVRC2012_val_00003521, 0.0
n03291819_ILSVRC2012_val_00037426, 0.2643511990244595
n04209133_ILSVRC2012_val_00029797, 0.0
n02966687_ILSVRC2012_val_00048395, 0.0
n04392985_ILSVRC2012_val_00029362, 0.0
n03445924_ILSVRC2012_val_00013694, 0.9987303809377573
n04254680_ILSVRC2012_val_00040853, 0.9999948028604138
n02093991_ILSVRC2012_val_00043404, 0.0
n04370456_ILSVRC2012_val_00005163, 0.0
n02364673_ILSVRC2012_val_00029982, 0.9992054744009008
n03788365_ILSVRC2012_val_00001664, 0.9960558852023246
n04336792_ILSVRC2012_val_00023176, 0.9939652168534333
n02966687_ILSVRC2012_val_00007100, 0.0
n02951585_ILSVRC2012_val_00023278, 0.0
n07768694_ILSVRC2012_val_00012753, 0.9850124855677935
n04591713_ILSVRC2012_val_00027648, 0.0
n02051845_ILSVRC2012_val_00043668, 0.9942660674156962
n01981276_ILSVRC2012_val_00030504, 0.9157925002107854
n07697537_ILSVRC2012_val_00016179, 0.751555771120877
n02730930_ILSVRC2012_val_00000771, 0.34743291391526543
n03461385_ILSVRC2012_val_00026381, 0.0
n01824575_ILSVRC2012_val_00011697, 0.0
n04037443_ILSVRC2012_val_00012769, 0.0
n02279972_ILSVRC2012_val_00046963, 0.0
n02071294_ILSVRC2012_val_00033565, 0.0
n02219486_ILSVRC2012_val_00036555, 0.0
n02410509_ILSVRC2012_val_00028745, 0.9995544798427491
n07579787_ILSVRC2012_val_00031538, 0.0
n03478589_ILSVRC2012_val_00028658, 0.9999999805023795
n02692877_ILSVRC2012_val_00006977, 0.9999483444957106
n02092339_ILSVRC2012_val_00022824, 0.9993853678109402
n04493381_ILSVRC2012_val_00031207, 0.0
n02104029_ILSVRC2012_val_00014775, 0.0
n01824575_ILSVRC2012_val_00002263, 1.0
n03884397_ILSVRC2012_val_00013954, 0.9999977902788482
n03032252_ILSVRC2012_val_00031248, 0.6003503492992796
n02825657_ILSVRC2012_val_00004291, 0.7800022338973488
n02808440_ILSVRC2012_val_00024866, 0.0
n02259212_ILSVRC2012_val_00027387, 0.0
n07613480_ILSVRC2012_val_00037294, 0.9995233804990146
n02093256_ILSVRC2012_val_00036989, 0.9987742488158432
n02123045_ILSVRC2012_val_00001341, 0.0
n07753275_ILSVRC2012_val_00018941, 0.9951722672658551
n02096294_ILSVRC2012_val_00026475, 0.0
n04557648_ILSVRC2012_val_00037544, 0.6433370178888356
n03544143_ILSVRC2012_val_00019475, 0.7687582802453456
n02457408_ILSVRC2012_val_00024501, 0.9500568368486895
n03063689_ILSVRC2012_val_00042455, 0.0
n02486261_ILSVRC2012_val_00007174, 0.9998280020152007
n02749479_ILSVRC2012_val_00016457, 0.0
n02808440_ILSVRC2012_val_00013900, 0.0
n01744401_ILSVRC2012_val_00044580, 0.9999893386280585
n01630670_ILSVRC2012_val_00021083, 0.9599942237205665
n07711569_ILSVRC2012_val_00015761, 0.9999720323555807
n01986214_ILSVRC2012_val_00024894, 0.6671100600113195
n09256479_ILSVRC2012_val_00007049, 0.8869799728991271
n04285008_ILSVRC2012_val_00007592, 0.0
n02948072_ILSVRC2012_val_00012453, 0.0
n04560804_ILSVRC2012_val_00011758, 0.0
n07760859_ILSVRC2012_val_00039541, 0.9709474824229564
n02123045_ILSVRC2012_val_00044027, 0.0
n03630383_ILSVRC2012_val_00004537, 0.9768149912529273
n04557648_ILSVRC2012_val_00012968, 0.0
n03888605_ILSVRC2012_val_00028863, 0.0
n03393912_ILSVRC2012_val_00036114, 0.8922149212803414
n04039381_ILSVRC2012_val_00028105, 0.9999999999999919
n04141076_ILSVRC2012_val_00046661, 0.0
n01860187_ILSVRC2012_val_00033733, 0.9913029046989642
n01984695_ILSVRC2012_val_00004219, 0.8560878720783445
n04596742_ILSVRC2012_val_00042268, 0.0
n02025239_ILSVRC2012_val_00026556, 0.9999769710765907
n03584829_ILSVRC2012_val_00012032, 0.9077396429226956
n04584207_ILSVRC2012_val_00040311, 0.9896036630989147
n03297495_ILSVRC2012_val_00007396, 0.0
n01675722_ILSVRC2012_val_00005647, 0.999585633884601
n01729977_ILSVRC2012_val_00010545, 0.6124111786140013
n03902125_ILSVRC2012_val_00019465, 0.9464449904231877
n02113978_ILSVRC2012_val_00046981, 0.9999970352703301
n01843065_ILSVRC2012_val_00044268, 0.9827553444200215
n03337140_ILSVRC2012_val_00028423, 0.6079362383636446
n04005630_ILSVRC2012_val_00017246, 0.0
n01855032_ILSVRC2012_val_00031879, 0.9941390298527695
n03131574_ILSVRC2012_val_00040407, 0.999873790385456
n07715103_ILSVRC2012_val_00048429, 0.9750447013237873
n03976657_ILSVRC2012_val_00025930, 0.0
n03874599_ILSVRC2012_val_00024366, 0.0
n04336792_ILSVRC2012_val_00005839, 0.0
n03657121_ILSVRC2012_val_00017890, 0.9996512667345507
n04049303_ILSVRC2012_val_00040866, 0.7935846247236499
n02486261_ILSVRC2012_val_00041861, 0.9997171465981661
n02860847_ILSVRC2012_val_00037897, 0.9969971536646901
n02165456_ILSVRC2012_val_00017406, 0.999997245723024
n04517823_ILSVRC2012_val_00028443, 0.9999999906479455
n03954731_ILSVRC2012_val_00037757, 0.8805035653893166
n01773549_ILSVRC2012_val_00029496, 0.999398130699561
n02086240_ILSVRC2012_val_00042523, 0.9988789394113152
n02099601_ILSVRC2012_val_00013611, 0.0
n02128925_ILSVRC2012_val_00031686, 0.999999986126584
n03773504_ILSVRC2012_val_00016766, 0.0
n02454379_ILSVRC2012_val_00002448, 0.9092645921260051
n04523525_ILSVRC2012_val_00041517, 0.5900161358831322
n03724870_ILSVRC2012_val_00009544, 0.0
n01847000_ILSVRC2012_val_00011584, 0.0
n04346328_ILSVRC2012_val_00000522, 0.9999999977048135
n01817953_ILSVRC2012_val_00017242, 0.9999998673387361
n02106550_ILSVRC2012_val_00019107, 0.0
n01910747_ILSVRC2012_val_00000063, 0.9994038947812796
n02441942_ILSVRC2012_val_00042483, 0.9217933306954696
n03124170_ILSVRC2012_val_00039750, 0.32904809658368744
n03796401_ILSVRC2012_val_00025674, 0.0
n07717410_ILSVRC2012_val_00010479, 0.7707989820310842
n04483307_ILSVRC2012_val_00049859, 0.5604490934037741
n02423022_ILSVRC2012_val_00003125, 0.0
n02066245_ILSVRC2012_val_00004755, 0.9996246213729094
n07831146_ILSVRC2012_val_00007802, 0.9523204257888699
n02817516_ILSVRC2012_val_00031320, 0.9998921820488941
n04599235_ILSVRC2012_val_00015111, 0.0
n01882714_ILSVRC2012_val_00015072, 0.7267729069036071
n03724870_ILSVRC2012_val_00031381, 0.0
n07745940_ILSVRC2012_val_00004428, 0.9979330624783564
n03961711_ILSVRC2012_val_00019084, 0.0
n01641577_ILSVRC2012_val_00003748, 0.9999967442578467
n04532670_ILSVRC2012_val_00022338, 0.9999999999886032
n03372029_ILSVRC2012_val_00046205, 0.0
n12768682_ILSVRC2012_val_00031830, 0.9999519117260124
n01795545_ILSVRC2012_val_00028545, 0.9204966246614978
n04579432_ILSVRC2012_val_00001734, 0.9945250102841061
n02834397_ILSVRC2012_val_00035630, 0.9982156369311143
n03388043_ILSVRC2012_val_00024660, 0.9874472600585907
n04033901_ILSVRC2012_val_00002345, 0.9999385484737312
n04542943_ILSVRC2012_val_00028926, 0.0
n03873416_ILSVRC2012_val_00016980, 0.0
n07742313_ILSVRC2012_val_00046718, 0.9957501389755417
n11879895_ILSVRC2012_val_00003137, 0.9975646092891577
n01944390_ILSVRC2012_val_00022381, 1.0
n02264363_ILSVRC2012_val_00001466, 0.9973255834155658
n02011460_ILSVRC2012_val_00042193, 0.9999996311068646
n02123159_ILSVRC2012_val_00039553, 0.0
n03146219_ILSVRC2012_val_00034509, 0.0
n02492035_ILSVRC2012_val_00041232, 0.8550577585280033
n04515003_ILSVRC2012_val_00002400, 0.9999947027841141
n03459775_ILSVRC2012_val_00025067, 0.0
n04589890_ILSVRC2012_val_00010471, 0.0
n03290653_ILSVRC2012_val_00010346, 0.9168689519446952
n02058221_ILSVRC2012_val_00040987, 0.9992183132866195
n02497673_ILSVRC2012_val_00030131, 0.0
n04380533_ILSVRC2012_val_00019316, 0.9633518923950004
n03127747_ILSVRC2012_val_00041350, 0.9944063571847339
n02412080_ILSVRC2012_val_00048771, 0.0
n02797295_ILSVRC2012_val_00023355, 0.0
n02483708_ILSVRC2012_val_00037156, 0.7639091007402551
n03937543_ILSVRC2012_val_00043001, 0.9991828401652781
n04604644_ILSVRC2012_val_00024728, 0.999153048876423
n01665541_ILSVRC2012_val_00022588, 0.0
n03325584_ILSVRC2012_val_00018101, 0.9858763665995377
n01955084_ILSVRC2012_val_00024870, 0.0
n02092339_ILSVRC2012_val_00044611, 0.7221597758374341
n04133789_ILSVRC2012_val_00037599, 0.9999971263282416
n04146614_ILSVRC2012_val_00005166, 0.8728737975277163
n02165105_ILSVRC2012_val_00003852, 0.8669634379875698
n02415577_ILSVRC2012_val_00012720, 0.9951605010229738
n02108000_ILSVRC2012_val_00049574, 0.9999999621014208
n04372370_ILSVRC2012_val_00036463, 0.0
n04552348_ILSVRC2012_val_00047865, 0.9201834314821894
n02500267_ILSVRC2012_val_00003500, 0.9997489116333357
n02492660_ILSVRC2012_val_00008878, 0.0
n01675722_ILSVRC2012_val_00031103, 1.0
n03788365_ILSVRC2012_val_00015159, 0.9937538584423764
n03160309_ILSVRC2012_val_00031189, 0.9971799313377946
n03630383_ILSVRC2012_val_00019735, 0.0
n02825657_ILSVRC2012_val_00018146, 0.0
n03649909_ILSVRC2012_val_00022230, 0.0
n02094114_ILSVRC2012_val_00019305, 0.0
n04553703_ILSVRC2012_val_00003795, 0.9999999496446775
n02095570_ILSVRC2012_val_00024464, 0.9982890634194028
n02112350_ILSVRC2012_val_00014547, 0.9860463892004184
n04238763_ILSVRC2012_val_00028688, 0.934135075969775
n03065424_ILSVRC2012_val_00020368, 0.0
n02231487_ILSVRC2012_val_00047601, 0.9995964870013532
n04254680_ILSVRC2012_val_00038483, 0.9997618441054696
n07715103_ILSVRC2012_val_00005776, 0.0
n04005630_ILSVRC2012_val_00031106, 0.0
n01950731_ILSVRC2012_val_00011651, 0.0
n04483307_ILSVRC2012_val_00048457, 0.9080438268800575
n03777754_ILSVRC2012_val_00022796, 0.9048064249628007
n09428293_ILSVRC2012_val_00002544, 0.0
n03930313_ILSVRC2012_val_00004063, 0.0
n02927161_ILSVRC2012_val_00043322, 0.0
n07831146_ILSVRC2012_val_00034117, 0.9948736515322979
n04612504_ILSVRC2012_val_00045388, 0.9915744848143591
n03649909_ILSVRC2012_val_00049371, 0.9999640891315659
n01817953_ILSVRC2012_val_00012003, 0.9995768625513651
n02834397_ILSVRC2012_val_00043290, 0.6292338575187026
n04311174_ILSVRC2012_val_00013300, 0.0
n02814860_ILSVRC2012_val_00005131, 0.999999999999999
n02093428_ILSVRC2012_val_00039832, 0.0
n02807133_ILSVRC2012_val_00016691, 0.9991933366352201
n04023962_ILSVRC2012_val_00010977, 0.0
n02814533_ILSVRC2012_val_00016314, 0.9999896594458022
n02124075_ILSVRC2012_val_00010417, 0.0
n01818515_ILSVRC2012_val_00048027, 0.0
n01729977_ILSVRC2012_val_00021750, 0.7668693747580202
n03220513_ILSVRC2012_val_00044722, 0.0
n01784675_ILSVRC2012_val_00004136, 0.0
n01692333_ILSVRC2012_val_00036849, 0.9990510477189792
n01667114_ILSVRC2012_val_00026202, 0.9719642716360353
n02804610_ILSVRC2012_val_00011135, 0.0
n04263257_ILSVRC2012_val_00025811, 0.0
n04591713_ILSVRC2012_val_00024147, 0.17417503645685384
n02006656_ILSVRC2012_val_00013110, 0.9950779338251808
n07760859_ILSVRC2012_val_00047777, 0.9998550945383696
n02110806_ILSVRC2012_val_00030771, 0.0
n04147183_ILSVRC2012_val_00015783, 0.0
n04141327_ILSVRC2012_val_00038141, 0.0
n01882714_ILSVRC2012_val_00046155, 0.0
n13040303_ILSVRC2012_val_00025446, 0.999999993362501
n04266014_ILSVRC2012_val_00048263, 0.9387319258580449
n03633091_ILSVRC2012_val_00002347, 0.9999243765854247
n01748264_ILSVRC2012_val_00014620, 0.9254640440618811
n03787032_ILSVRC2012_val_00044851, 0.0
n01498041_ILSVRC2012_val_00042175, 0.0
n04147183_ILSVRC2012_val_00009142, 0.9666428910313459
n02835271_ILSVRC2012_val_00026292, 0.9998872921934661
n03950228_ILSVRC2012_val_00034799, 0.0
n04591157_ILSVRC2012_val_00022572, 0.0
n03404251_ILSVRC2012_val_00038511, 0.9999995525711685
n01518878_ILSVRC2012_val_00039355, 0.9999905184933016
n01698640_ILSVRC2012_val_00003688, 0.9999999999996659
n07875152_ILSVRC2012_val_00022876, 0.9679528059183079
n07860988_ILSVRC2012_val_00019221, 0.0
n03908618_ILSVRC2012_val_00008762, 0.9998188153786601
n02091467_ILSVRC2012_val_00004996, 0.0
n01494475_ILSVRC2012_val_00035367, 0.0
n04599235_ILSVRC2012_val_00027561, 0.0
n01697457_ILSVRC2012_val_00008146, 0.9217564514087827
n01739381_ILSVRC2012_val_00029979, 0.9988752447201809
n04099969_ILSVRC2012_val_00017631, 0.9997495384330284
n03372029_ILSVRC2012_val_00008240, 0.9999998941302948
n03825788_ILSVRC2012_val_00048248, 0.4485437901089128
n03594734_ILSVRC2012_val_00048648, 0.9999999969967276
n07836838_ILSVRC2012_val_00030686, 0.9999999999999645
n07920052_ILSVRC2012_val_00028753, 0.0
n03617480_ILSVRC2012_val_00035822, 0.0
n03929660_ILSVRC2012_val_00036654, 0.6457153463831456
n03125729_ILSVRC2012_val_00019971, 0.0
n04442312_ILSVRC2012_val_00021748, 0.9999999848881953
n04325704_ILSVRC2012_val_00032664, 0.0
n02089867_ILSVRC2012_val_00037305, 0.9999999999214673
n03530642_ILSVRC2012_val_00025146, 0.0
n01784675_ILSVRC2012_val_00039488, 1.0
n04252077_ILSVRC2012_val_00033043, 0.9999999980335653
n13037406_ILSVRC2012_val_00030151, 0.9999999999424802
n03706229_ILSVRC2012_val_00046324, 0.0
n03961711_ILSVRC2012_val_00027431, 0.9997133787472294
n02229544_ILSVRC2012_val_00003997, 0.0
n01608432_ILSVRC2012_val_00033214, 0.9994262554600387
n02123045_ILSVRC2012_val_00047911, 0.0
n03529860_ILSVRC2012_val_00025630, 0.0
n03372029_ILSVRC2012_val_00021414, 0.9999999999999999
n01484850_ILSVRC2012_val_00028028, 0.9254311680858277
n01843383_ILSVRC2012_val_00014068, 0.985975225677604
n03633091_ILSVRC2012_val_00014264, 0.0
n01631663_ILSVRC2012_val_00016864, 0.0
n02002556_ILSVRC2012_val_00041881, 0.9999999999999383
n03874293_ILSVRC2012_val_00035353, 0.9270156215699974
n01843065_ILSVRC2012_val_00011605, 0.9370749813586556
n03733131_ILSVRC2012_val_00022473, 0.9712231074598411
n04162706_ILSVRC2012_val_00005165, 0.0
n02526121_ILSVRC2012_val_00041627, 0.755800275199516
n01950731_ILSVRC2012_val_00039974, 0.999954753914433
n03109150_ILSVRC2012_val_00033008, 0.0
n02442845_ILSVRC2012_val_00040698, 0.9999999980417829
n03903868_ILSVRC2012_val_00024519, 0.0
n03179701_ILSVRC2012_val_00012239, 0.0
n02102040_ILSVRC2012_val_00004553, 0.9991877880217497
n03710721_ILSVRC2012_val_00041966, 0.0
n04009552_ILSVRC2012_val_00045112, 0.0
n01855672_ILSVRC2012_val_00025667, 0.0
n06596364_ILSVRC2012_val_00029846, 0.0
n03733281_ILSVRC2012_val_00016418, 0.999509646956855
n03388043_ILSVRC2012_val_00028934, 0.43262274658130706
n03447447_ILSVRC2012_val_00012445, 0.9999999999642885
n07875152_ILSVRC2012_val_00015388, 0.9881220263563799
n01491361_ILSVRC2012_val_00030658, 0.0
n02988304_ILSVRC2012_val_00003491, 0.0
n02500267_ILSVRC2012_val_00007243, 0.5448149332601151
n03791053_ILSVRC2012_val_00039358, 0.9179169904154595
n02325366_ILSVRC2012_val_00013352, 1.0
n03642806_ILSVRC2012_val_00048251, 0.0
n01443537_ILSVRC2012_val_00013513, 0.9717426038641205
n02825657_ILSVRC2012_val_00015150, 0.0
n03788365_ILSVRC2012_val_00042450, 0.9475005758166222
n04613696_ILSVRC2012_val_00007854, 0.9995443979365451
n01735189_ILSVRC2012_val_00046440, 0.999048151881621
n03764736_ILSVRC2012_val_00005478, 0.0
n02129165_ILSVRC2012_val_00012343, 0.9829038294174356
n02454379_ILSVRC2012_val_00018686, 0.0
n02113978_ILSVRC2012_val_00011202, 0.9999997228443649
n02342885_ILSVRC2012_val_00015181, 0.998137838819085
n02088094_ILSVRC2012_val_00015990, 0.9999991329658655
n02089078_ILSVRC2012_val_00019462, 0.0
n02727426_ILSVRC2012_val_00039440, 0.9603878537003393
n03983396_ILSVRC2012_val_00033968, 0.576801546462663
n02799071_ILSVRC2012_val_00012189, 0.9999999756727251
n02843684_ILSVRC2012_val_00006780, 0.9987270309000617
n02085782_ILSVRC2012_val_00043201, 0.9999999999999993
n01514668_ILSVRC2012_val_00028712, 0.0
n04019541_ILSVRC2012_val_00009756, 0.5068145428955715
n01751748_ILSVRC2012_val_00033903, 0.9761396179695264
n03461385_ILSVRC2012_val_00042117, 0.0
n03649909_ILSVRC2012_val_00013162, 0.0
n02493509_ILSVRC2012_val_00040269, 0.0
n03770679_ILSVRC2012_val_00007374, 0.0
n02100735_ILSVRC2012_val_00019050, 0.0
n02066245_ILSVRC2012_val_00037778, 0.0
n02087394_ILSVRC2012_val_00000077, 0.8857228192023572
n02109047_ILSVRC2012_val_00042206, 0.9943555301262803
n02096437_ILSVRC2012_val_00003380, 0.9999999961133654
n03961711_ILSVRC2012_val_00042539, 0.9998969856053251
n03467068_ILSVRC2012_val_00049891, 0.4825205023410666
n03803284_ILSVRC2012_val_00027961, 0.0
n02025239_ILSVRC2012_val_00028187, 0.999924076886622
n04485082_ILSVRC2012_val_00035926, 0.0
n03028079_ILSVRC2012_val_00033509, 0.999999999961554
n02172182_ILSVRC2012_val_00011085, 0.9999831427635358
n01558993_ILSVRC2012_val_00007667, 0.9999996760597154
n01729977_ILSVRC2012_val_00040950, 0.0
n03967562_ILSVRC2012_val_00041970, 0.9991629949043155
n03769881_ILSVRC2012_val_00036750, 0.0
n02106550_ILSVRC2012_val_00034771, 0.8955023175407291
n02190166_ILSVRC2012_val_00036434, 0.9999975655723125
n02006656_ILSVRC2012_val_00008978, 0.996897523471792
n01664065_ILSVRC2012_val_00020141, 0.8739145031045322
n03127747_ILSVRC2012_val_00025383, 0.0
n04509417_ILSVRC2012_val_00017279, 0.0
n04560804_ILSVRC2012_val_00034852, 0.0
n02109525_ILSVRC2012_val_00049356, 0.9992318359420833
n02699494_ILSVRC2012_val_00013048, 0.9926408625851254
n02120505_ILSVRC2012_val_00043421, 0.9449597431670345
n03977966_ILSVRC2012_val_00007655, 0.0
n01728920_ILSVRC2012_val_00047852, 0.9982333023074345
n03720891_ILSVRC2012_val_00047710, 0.8511019764087009
n03126707_ILSVRC2012_val_00038795, 0.9965821393835997
n03840681_ILSVRC2012_val_00023297, 0.9720901767948862
n02403003_ILSVRC2012_val_00009046, 0.995808412261039
n03187595_ILSVRC2012_val_00029045, 0.9999999999999918
n02342885_ILSVRC2012_val_00039968, 0.9950983157177286
n02417914_ILSVRC2012_val_00003685, 0.9999999965467029
n04532670_ILSVRC2012_val_00044782, 0.0
n02676566_ILSVRC2012_val_00005467, 0.0
n09428293_ILSVRC2012_val_00043977, 0.9666799895565105
n03127925_ILSVRC2012_val_00027797, 0.0
n03065424_ILSVRC2012_val_00040791, 0.9999999983642186
n02107312_ILSVRC2012_val_00034324, 0.0
n02087394_ILSVRC2012_val_00001651, 0.9809238701845691
n04127249_ILSVRC2012_val_00002068, 0.9999797608441782
n09246464_ILSVRC2012_val_00019597, 0.8835523018486364
n02910353_ILSVRC2012_val_00046056, 0.0
n02013706_ILSVRC2012_val_00045911, 0.9999991444268697
n04125021_ILSVRC2012_val_00001169, 0.9888323591603545
n02259212_ILSVRC2012_val_00028692, 0.0
n04264628_ILSVRC2012_val_00044098, 0.0
n03355925_ILSVRC2012_val_00012078, 0.967340744362963
n03042490_ILSVRC2012_val_00033943, 0.0
n01985128_ILSVRC2012_val_00003119, 0.0
n02417914_ILSVRC2012_val_00023489, 0.9999907753300766
n03325584_ILSVRC2012_val_00034182, 0.0
n04116512_ILSVRC2012_val_00015288, 0.9959401560620122
n01753488_ILSVRC2012_val_00034461, 0.0
n02992529_ILSVRC2012_val_00005705, 0.9998626793818506
n03085013_ILSVRC2012_val_00044090, 0.9166508324834078
n03908618_ILSVRC2012_val_00012965, 0.0
n03743016_ILSVRC2012_val_00020640, 0.942008714244547
n02509815_ILSVRC2012_val_00012980, 0.9228546195223573
n02860847_ILSVRC2012_val_00003099, 0.7775642579326119
n04336792_ILSVRC2012_val_00016751, 0.0
n02676566_ILSVRC2012_val_00019450, 0.0
n03706229_ILSVRC2012_val_00016942, 0.7505102623260527
n02492660_ILSVRC2012_val_00047185, 0.9998655028659206
n07880968_ILSVRC2012_val_00031146, 0.7000264626903885
n01737021_ILSVRC2012_val_00009042, 0.0
n04548362_ILSVRC2012_val_00003108, 0.9999741066608248
n02086079_ILSVRC2012_val_00041109, 0.0
n01443537_ILSVRC2012_val_00022138, 0.0
n02837789_ILSVRC2012_val_00036936, 0.999999282955815
n02892201_ILSVRC2012_val_00033978, 0.9694771273609917
n02099267_ILSVRC2012_val_00019226, 0.9992096703421631
n02112018_ILSVRC2012_val_00044585, 0.9979354450897415
n02111500_ILSVRC2012_val_00029490, 0.8726878039923637
n03666591_ILSVRC2012_val_00009465, 0.520760338762775
n04041544_ILSVRC2012_val_00008193, 0.0
n02823750_ILSVRC2012_val_00037744, 0.9975855454381044
n04263257_ILSVRC2012_val_00034989, 0.0
n02110063_ILSVRC2012_val_00005575, 0.9999999998368263
n01806567_ILSVRC2012_val_00026021, 0.9999999995832244
n04350905_ILSVRC2012_val_00030307, 0.9692057939033206
n03661043_ILSVRC2012_val_00000715, 0.0
n04200800_ILSVRC2012_val_00048329, 0.7049404647431131
n03658185_ILSVRC2012_val_00008145, 0.0
n09288635_ILSVRC2012_val_00030256, 0.9923770691425066
n02823750_ILSVRC2012_val_00010130, 0.9380986949401523
n02108000_ILSVRC2012_val_00002492, 0.9943887806585425
n02807133_ILSVRC2012_val_00006861, 0.0
n03188531_ILSVRC2012_val_00014675, 0.7998176574095945
n02056570_ILSVRC2012_val_00011062, 0.9805622527424195
n03445777_ILSVRC2012_val_00022792, 0.9556546160473455
n07697537_ILSVRC2012_val_00042412, 0.9825225379488806
n02415577_ILSVRC2012_val_00019055, 0.9992836475954515
n03899768_ILSVRC2012_val_00011183, 0.7512469052329527
n01773797_ILSVRC2012_val_00007677, 0.0
n03485407_ILSVRC2012_val_00036135, 0.7453477793079414
n02361337_ILSVRC2012_val_00038028, 0.868459844725985
n01558993_ILSVRC2012_val_00019038, 0.9999999999041765
n04252077_ILSVRC2012_val_00029893, 0.6778240926039605
n03483316_ILSVRC2012_val_00043382, 0.0
n04041544_ILSVRC2012_val_00047817, 0.7802312909375115
n02037110_ILSVRC2012_val_00002738, 0.0
n04398044_ILSVRC2012_val_00030441, 0.0
n01795545_ILSVRC2012_val_00035601, 0.9999997955579575
n02814533_ILSVRC2012_val_00027081, 0.9999999993039705
n03291819_ILSVRC2012_val_00003352, 0.0
n02124075_ILSVRC2012_val_00007023, 0.9571425877196348
n02804414_ILSVRC2012_val_00017317, 0.0
n02112018_ILSVRC2012_val_00019822, 0.9999999999807849
n03325584_ILSVRC2012_val_00007741, 0.9999991497783283
n03457902_ILSVRC2012_val_00014654, 0.9999846799277029
n01748264_ILSVRC2012_val_00035976, 0.2756551350827717
n03709823_ILSVRC2012_val_00032247, 0.0
n02007558_ILSVRC2012_val_00019951, 0.9999992930127656
n02128925_ILSVRC2012_val_00041267, 0.9999999999807477
n02033041_ILSVRC2012_val_00020205, 0.9958174540439828
n03888605_ILSVRC2012_val_00008363, 0.9471035915754996
n03131574_ILSVRC2012_val_00016407, 0.9999704583113899
n07873807_ILSVRC2012_val_00047524, 0.0
n01843383_ILSVRC2012_val_00015673, 0.9999999999999998
n04428191_ILSVRC2012_val_00003316, 0.9999999998518296
n03777754_ILSVRC2012_val_00007543, 0.0
n02097130_ILSVRC2012_val_00003758, 0.9960021240064715
n03764736_ILSVRC2012_val_00002470, 0.9968681337011507
n02487347_ILSVRC2012_val_00022040, 0.999996865514268
n03710721_ILSVRC2012_val_00047553, 0.0
n01855032_ILSVRC2012_val_00025130, 0.8941724653071328
n02113023_ILSVRC2012_val_00044237, 0.9999999490525642
n04009552_ILSVRC2012_val_00001253, 0.9998812520225464
n04591713_ILSVRC2012_val_00039657, 0.0
n01943899_ILSVRC2012_val_00012672, 0.0
n02130308_ILSVRC2012_val_00031348, 0.0
n11939491_ILSVRC2012_val_00004514, 0.6639730679792332
n12620546_ILSVRC2012_val_00029292, 0.9673774016815267
n01530575_ILSVRC2012_val_00037116, 0.9867853004347231
n02094114_ILSVRC2012_val_00014810, 0.9948588749733085
n01641577_ILSVRC2012_val_00019578, 0.9999939491881535
n02107574_ILSVRC2012_val_00001302, 0.999999989306585
n02749479_ILSVRC2012_val_00002719, 0.0
n03109150_ILSVRC2012_val_00040330, 0.9998046963508912
n02113186_ILSVRC2012_val_00025691, 0.9999096865696497
n03623198_ILSVRC2012_val_00009826, 0.0
n02787622_ILSVRC2012_val_00010207, 0.9999999999867752
n02098286_ILSVRC2012_val_00008945, 0.9999999999997647
n01944390_ILSVRC2012_val_00002602, 0.9851270611408406
n03903868_ILSVRC2012_val_00010953, 0.9999980604955614
n03026506_ILSVRC2012_val_00040934, 0.9999281798506108
n02104365_ILSVRC2012_val_00042768, 0.0
n02708093_ILSVRC2012_val_00013244, 0.6237528681986235
n13052670_ILSVRC2012_val_00039616, 0.9999994412025875
n04366367_ILSVRC2012_val_00004429, 0.0
n01843383_ILSVRC2012_val_00005901, 0.9964734418833634
n03530642_ILSVRC2012_val_00041787, 0.7500101331248867
n03384352_ILSVRC2012_val_00018473, 0.0
n04081281_ILSVRC2012_val_00047007, 0.0
n04125021_ILSVRC2012_val_00041163, 0.269144133598109
n04584207_ILSVRC2012_val_00039917, 0.0
n01930112_ILSVRC2012_val_00026452, 0.0
n04229816_ILSVRC2012_val_00020818, 0.999999994721947
n02776631_ILSVRC2012_val_00039610, 0.0
n02095570_ILSVRC2012_val_00046610, 0.0
n03133878_ILSVRC2012_val_00004670, 0.994756832125921
n03733131_ILSVRC2012_val_00003505, 0.9995598664811325
n03028079_ILSVRC2012_val_00049943, 0.9999977451353445
n07584110_ILSVRC2012_val_00032735, 0.6675926960269665
n02094433_ILSVRC2012_val_00043233, 0.9999999991124572
n04204238_ILSVRC2012_val_00015859, 0.0
n04486054_ILSVRC2012_val_00040446, 0.9922654621547448
n10148035_ILSVRC2012_val_00022168, 0.9999988001585637
n12267677_ILSVRC2012_val_00024975, 0.9998619359615122
n03494278_ILSVRC2012_val_00021005, 0.9997198322273547
n02963159_ILSVRC2012_val_00049556, 0.0
n06785654_ILSVRC2012_val_00004597, 0.8493809911639459
n03733281_ILSVRC2012_val_00039998, 0.0
n09256479_ILSVRC2012_val_00008164, 0.0
n04536866_ILSVRC2012_val_00046990, 0.0
n04398044_ILSVRC2012_val_00014880, 0.0
n07753275_ILSVRC2012_val_00030047, 0.7458701056625566
n02363005_ILSVRC2012_val_00023296, 0.9910246083715643
n01491361_ILSVRC2012_val_00013484, 0.7513493802910814
n03133878_ILSVRC2012_val_00041085, 0.8824898307092874
n04596742_ILSVRC2012_val_00018350, 0.0
n02480855_ILSVRC2012_val_00041155, 0.0
n04532106_ILSVRC2012_val_00043040, 0.9999992734959687
n03976467_ILSVRC2012_val_00037321, 0.9987262563998451
n02002556_ILSVRC2012_val_00026139, 0.9999999999301565
n01774750_ILSVRC2012_val_00035080, 0.8185734670949251
n03630383_ILSVRC2012_val_00045271, 0.9862821547243688
n02825657_ILSVRC2012_val_00002587, 0.9991688464227809
n04265275_ILSVRC2012_val_00031079, 0.0
n03000247_ILSVRC2012_val_00034857, 0.0
n07695742_ILSVRC2012_val_00003416, 0.989119590602561
n03047690_ILSVRC2012_val_00018631, 0.0
n02979186_ILSVRC2012_val_00017775, 0.0
n02113186_ILSVRC2012_val_00022712, 0.0
n04266014_ILSVRC2012_val_00014262, 0.9999999870026742
n03623198_ILSVRC2012_val_00017853, 0.0
n04330267_ILSVRC2012_val_00029749, 0.9935419846602698
n03197337_ILSVRC2012_val_00038776, 0.0
n01496331_ILSVRC2012_val_00045936, 0.0
n03297495_ILSVRC2012_val_00022933, 0.0
n04040759_ILSVRC2012_val_00012378, 0.9991862810764327
n02105056_ILSVRC2012_val_00036843, 0.0
n04067472_ILSVRC2012_val_00012789, 0.0
n02088632_ILSVRC2012_val_00010982, 0.0
n04335435_ILSVRC2012_val_00044131, 0.9999965432347562
n03781244_ILSVRC2012_val_00028364, 0.0
n01531178_ILSVRC2012_val_00015903, 0.9750002165653288
n02219486_ILSVRC2012_val_00043616, 0.0
n07831146_ILSVRC2012_val_00029301, 0.653572383350281
n01537544_ILSVRC2012_val_00043965, 0.9994223464117823
n03272010_ILSVRC2012_val_00001273, 0.0
n03670208_ILSVRC2012_val_00013054, 0.0
n02096177_ILSVRC2012_val_00032177, 0.9974470852190519
n03710637_ILSVRC2012_val_00003825, 0.0
n04479046_ILSVRC2012_val_00043741, 0.9326293290186581
n02101006_ILSVRC2012_val_00039268, 0.9341147491252005
n03089624_ILSVRC2012_val_00041701, 0.0
n01514668_ILSVRC2012_val_00047137, 0.0
n04428191_ILSVRC2012_val_00034195, 0.0
n04606251_ILSVRC2012_val_00021959, 0.0
n04355933_ILSVRC2012_val_00004932, 0.0
n01514668_ILSVRC2012_val_00019721, 0.9998945528976626
