n01491361_ILSVRC2012_val_00029300, 0.4180434074680599
n03345487_ILSVRC2012_val_00008602, 1.1388441849325747e-08
n02363005_ILSVRC2012_val_00036380, 0.2872864359517885
n04026417_ILSVRC2012_val_00019863, 0.09128713068038971
n02134418_ILSVRC2012_val_00022698, 0.0013396638473763016
n03032252_ILSVRC2012_val_00036856, 0.006131327708276713
n03661043_ILSVRC2012_val_00039081, 1.184705519647847e-05
n09399592_ILSVRC2012_val_00039034, 0.16248769196036772
n04311174_ILSVRC2012_val_00031667, 1.0026822911073736e-05
n01532829_ILSVRC2012_val_00000873, 0.1504932724628429
n06785654_ILSVRC2012_val_00027470, 0.013191515148724417
n02927161_ILSVRC2012_val_00003463, 0.0010273820779147084
n02089078_ILSVRC2012_val_00023966, 0.11922779231399744
n03633091_ILSVRC2012_val_00006333, 0.004726010143209073
n03775071_ILSVRC2012_val_00022216, 0.008560949869938711
n03717622_ILSVRC2012_val_00049910, 2.744828287273732e-10
n02280649_ILSVRC2012_val_00035898, 3.776296126898095e-13
n02033041_ILSVRC2012_val_00035363, 2.4710339623641197e-11
n03929660_ILSVRC2012_val_00035611, 0.05927569361688929
n04589890_ILSVRC2012_val_00005806, 0.4420567349508119
n02093647_ILSVRC2012_val_00033269, 2.2708574417046342e-06
n03016953_ILSVRC2012_val_00014557, 0.005173582659102902
n01755581_ILSVRC2012_val_00038859, 0.2287045859007708
n04049303_ILSVRC2012_val_00010839, 0.05322671284510374
n02489166_ILSVRC2012_val_00019235, 0.00019467131518087055
n07753592_ILSVRC2012_val_00012444, 0.34359807563387623
n02526121_ILSVRC2012_val_00009459, 0.00597478449042517
n02730930_ILSVRC2012_val_00003567, 0.0013516966007714956
n02974003_ILSVRC2012_val_00023858, 0.07196414561611342
n02109961_ILSVRC2012_val_00029313, 0.4300013744829122
n04141076_ILSVRC2012_val_00006682, 5.689930269916403e-08
n11939491_ILSVRC2012_val_00034896, 0.13863992627454155
n07930864_ILSVRC2012_val_00009249, 0.0749797890777748
n01739381_ILSVRC2012_val_00046490, 8.674954716875268e-11
n01820546_ILSVRC2012_val_00005925, 0.00245127688252392
n04266014_ILSVRC2012_val_00049754, 5.684093636056952e-09
n02088466_ILSVRC2012_val_00014631, 0.4129030337317192
n03930313_ILSVRC2012_val_00040562, 9.811412208930995e-09
n02110627_ILSVRC2012_val_00006933, 0.02086586660185697
n02108422_ILSVRC2012_val_00029363, 4.666806231396639e-14
n02264363_ILSVRC2012_val_00011783, 0.05240942246336016
n07584110_ILSVRC2012_val_00006798, 0.2857558913433068
n03417042_ILSVRC2012_val_00004119, 0.32305837245741315
n04263257_ILSVRC2012_val_00008514, 3.4786376711737182e-12
n01695060_ILSVRC2012_val_00022470, 3.0852368288346153e-07
n03794056_ILSVRC2012_val_00000430, 0.05936222385086206
n04523525_ILSVRC2012_val_00049794, 0.0013862085274467236
n02190166_ILSVRC2012_val_00038774, 7.77673230520753e-11
n12144580_ILSVRC2012_val_00038919, 0.42722808128648276
n02403003_ILSVRC2012_val_00013190, 0.13529555474136584
n03954731_ILSVRC2012_val_00039935, 0.01678855211125475
n04004767_ILSVRC2012_val_00043636, 0.027383138972559912
n02814533_ILSVRC2012_val_00024318, 0.4564706458436916
n01614925_ILSVRC2012_val_00046564, 7.858569252844776e-13
n04370456_ILSVRC2012_val_00018171, 0.017731911826722097
n03838899_ILSVRC2012_val_00017944, 0.06036815966802192
n02165105_ILSVRC2012_val_00031488, 0.00018440749000503694
n04254680_ILSVRC2012_val_00008133, 2.927908096377558e-09
n02916936_ILSVRC2012_val_00012520, 0.15523774347796732
n02028035_ILSVRC2012_val_00019389, 4.2536590214978057e-10
n02835271_ILSVRC2012_val_00009228, 3.817292605686196e-05
n04389033_ILSVRC2012_val_00046843, 0.011113544090875766
n04228054_ILSVRC2012_val_00024679, 7.640626362139428e-12
n02268853_ILSVRC2012_val_00004215, 0.0007708982856865414
n03717622_ILSVRC2012_val_00010030, 0.023156644964446676
n03877845_ILSVRC2012_val_00003937, 0.03763128507223586
n03041632_ILSVRC2012_val_00040170, 0.015408429025225793
n02219486_ILSVRC2012_val_00038010, 9.544653934331714e-05
n03877845_ILSVRC2012_val_00014955, 0.0002945793593259556
n02437312_ILSVRC2012_val_00016586, 9.111120446577272e-08
n02167151_ILSVRC2012_val_00032023, 1.7571031194914172e-06
n12985857_ILSVRC2012_val_00004103, 1.5488432460818005e-05
n03958227_ILSVRC2012_val_00015775, 8.59113454095987e-06
n03459775_ILSVRC2012_val_00004928, 1.4210673043524967e-07
n02107312_ILSVRC2012_val_00014780, 7.485731921649531e-07
n03874293_ILSVRC2012_val_00017941, 2.2181653404180466e-05
n03924679_ILSVRC2012_val_00022650, 0.0015752309637467928
n02074367_ILSVRC2012_val_00033885, 2.922281316145264e-07
n02480495_ILSVRC2012_val_00017493, 0.08368016407193506
n03255030_ILSVRC2012_val_00010730, 0.2093696938964277
n02165105_ILSVRC2012_val_00000768, 0.05109352430642854
n03788195_ILSVRC2012_val_00044234, 0.00576531410548875
n02927161_ILSVRC2012_val_00011432, 0.0001118260254379548
n02100583_ILSVRC2012_val_00018982, 0.0931444655256953
n02497673_ILSVRC2012_val_00011144, 8.951770715723357e-23
n02841315_ILSVRC2012_val_00012679, 1.1936473553282805e-05
n07747607_ILSVRC2012_val_00033807, 0.010482760649097008
n03995372_ILSVRC2012_val_00048981, 0.0005377052117881676
n02107142_ILSVRC2012_val_00028584, 0.2725745429067725
n02504013_ILSVRC2012_val_00004882, 0.18083182033243728
n01641577_ILSVRC2012_val_00013974, 2.875130141633496e-17
n03223299_ILSVRC2012_val_00048302, 0.048846614013090345
n07697313_ILSVRC2012_val_00037389, 0.0718971477444666
n04540053_ILSVRC2012_val_00012002, 0.35362979898662994
n01530575_ILSVRC2012_val_00045172, 3.84452583391523e-07
n03673027_ILSVRC2012_val_00034696, 0.32477190523548
n02077923_ILSVRC2012_val_00026593, 1.3082487914622245e-08
n04070727_ILSVRC2012_val_00005383, 3.656956197106247e-09
n03384352_ILSVRC2012_val_00005128, 0.07150909360929703
n03876231_ILSVRC2012_val_00004827, 0.0010987819144433445
n03769881_ILSVRC2012_val_00031349, 0.13984086312450422
n01872401_ILSVRC2012_val_00030772, 1.0985079073873875e-05
n02843684_ILSVRC2012_val_00013138, 0.19735490104515535
n01910747_ILSVRC2012_val_00035964, 0.08104391971621279
n03764736_ILSVRC2012_val_00026080, 2.6785030176673557e-08
n04254120_ILSVRC2012_val_00044604, 0.0046191367874979855
n02123394_ILSVRC2012_val_00031180, 1.860162662059977e-06
n03532672_ILSVRC2012_val_00005540, 0.012849920658137995
n02099712_ILSVRC2012_val_00009984, 0.27524410208489847
n02437312_ILSVRC2012_val_00019200, 0.03838851974667041
n02165456_ILSVRC2012_val_00036251, 5.081932747049005e-12
n03871628_ILSVRC2012_val_00042417, 0.0024530914002955703
n04344873_ILSVRC2012_val_00014105, 0.3662590209361688
n02093754_ILSVRC2012_val_00004511, 1.4903394398226883e-09
n07613480_ILSVRC2012_val_00004874, 0.0011854017418920421
n03697007_ILSVRC2012_val_00002979, 0.0018925512827948627
n02108089_ILSVRC2012_val_00018604, 0.41956266262017256
n03733281_ILSVRC2012_val_00000118, 0.04707507664371084
n03133878_ILSVRC2012_val_00033981, 7.925276263175039e-05
n02319095_ILSVRC2012_val_00045604, 0.40957616143200254
n01728572_ILSVRC2012_val_00003569, 0.0003274721398000313
n03991062_ILSVRC2012_val_00024716, 0.0007420169370744681
n02892767_ILSVRC2012_val_00000808, 0.009938908793390076
n02441942_ILSVRC2012_val_00007735, 1.1002011601880958e-12
n04141076_ILSVRC2012_val_00008159, 1.623743177923577e-14
n02168699_ILSVRC2012_val_00000926, 0.06567123671750512
n02268853_ILSVRC2012_val_00002893, 7.138775776860897e-13
n02328150_ILSVRC2012_val_00029632, 0.08299617095345402
n03891251_ILSVRC2012_val_00034159, 1.0387758037264835e-14
n04081281_ILSVRC2012_val_00045105, 0.034126664844300346
n02094433_ILSVRC2012_val_00025821, 0.2299627579831381
n03662601_ILSVRC2012_val_00014119, 0.00012561898499488183
n04482393_ILSVRC2012_val_00029793, 0.2062023924410277
n03109150_ILSVRC2012_val_00045314, 2.3757087435147958e-14
n02978881_ILSVRC2012_val_00001437, 0.4534136349436599
n02281406_ILSVRC2012_val_00024754, 0.000611491675629357
n02443484_ILSVRC2012_val_00014233, 0.3947437216876008
n02128385_ILSVRC2012_val_00042868, 0.14160577483055437
n02799071_ILSVRC2012_val_00036898, 0.4238956020786284
n03930630_ILSVRC2012_val_00023096, 0.3566490532958564
n01883070_ILSVRC2012_val_00045335, 0.29127372224368664
n09246464_ILSVRC2012_val_00048191, 0.09381113885915977
n04599235_ILSVRC2012_val_00011864, 0.0008681372649121891
n04515003_ILSVRC2012_val_00018323, 5.1585083683701726e-11
n01687978_ILSVRC2012_val_00046258, 0.00424578959347133
n03710193_ILSVRC2012_val_00043368, 0.3407405600560059
n02423022_ILSVRC2012_val_00013750, 1.39193804517703e-16
n04487081_ILSVRC2012_val_00008255, 0.24062245386715456
n03775546_ILSVRC2012_val_00011309, 0.03698762782396199
n04026417_ILSVRC2012_val_00002590, 0.2256108381317815
n03791053_ILSVRC2012_val_00010636, 0.021907177661546207
n04229816_ILSVRC2012_val_00008480, 0.07112896358348406
n03372029_ILSVRC2012_val_00025781, 0.0011626236656003227
n03877472_ILSVRC2012_val_00019632, 0.4353067562891955
n02843684_ILSVRC2012_val_00025965, 0.36772322328679946
n02086646_ILSVRC2012_val_00008198, 5.069928326710058e-10
n02105641_ILSVRC2012_val_00005905, 1.8395316462558617e-32
n03291819_ILSVRC2012_val_00048896, 0.020048939708914446
n02788148_ILSVRC2012_val_00049098, 0.08248306525362757
n07753113_ILSVRC2012_val_00032827, 0.0692358851344122
n02966687_ILSVRC2012_val_00021519, 0.010750589304643704
n02112018_ILSVRC2012_val_00039662, 0.0005214812504618059
n02280649_ILSVRC2012_val_00016780, 6.238521208212789e-11
n02089867_ILSVRC2012_val_00035767, 0.12501832998223017
n02790996_ILSVRC2012_val_00022044, 0.00017310084478781694
n03017168_ILSVRC2012_val_00020461, 0.09425769584081206
n02085936_ILSVRC2012_val_00034259, 0.0027710936735807316
n02437616_ILSVRC2012_val_00037380, 3.5401491168660058e-12
n02093754_ILSVRC2012_val_00020832, 0.06526730490380316
n02606052_ILSVRC2012_val_00033908, 1.8001832132755266e-13
n04074963_ILSVRC2012_val_00028651, 0.0010048757596877913
n04525038_ILSVRC2012_val_00043142, 0.004182207582608305
n03838899_ILSVRC2012_val_00011452, 2.3112138428122357e-08
n03709823_ILSVRC2012_val_00007848, 0.0018038040305181744
n04332243_ILSVRC2012_val_00048376, 0.002463428959082913
n01616318_ILSVRC2012_val_00040205, 0.1437050547638322
n07734744_ILSVRC2012_val_00019483, 0.4855875310357231
n02066245_ILSVRC2012_val_00015203, 2.7573683812563817e-14
n04192698_ILSVRC2012_val_00047516, 0.004139426814202422
n02105251_ILSVRC2012_val_00021946, 0.06953366821937124
n04009552_ILSVRC2012_val_00033020, 0.08337987750123643
n02110627_ILSVRC2012_val_00029382, 0.12945197423452215
n02091635_ILSVRC2012_val_00041912, 0.009380100618952482
n03045698_ILSVRC2012_val_00000750, 5.783922087094425e-05
n07248320_ILSVRC2012_val_00034391, 0.012342966921550357
n02002724_ILSVRC2012_val_00006487, 1.2940194901079684e-09
n03832673_ILSVRC2012_val_00005161, 0.3623823033057502
n03775071_ILSVRC2012_val_00035830, 0.37625866730232643
n02892201_ILSVRC2012_val_00017464, 0.05412776673930099
n02025239_ILSVRC2012_val_00009210, 2.0462476177320455e-06
n02457408_ILSVRC2012_val_00042228, 9.675044135384849e-08
n03124170_ILSVRC2012_val_00020143, 2.2000763679285387e-12
n02106166_ILSVRC2012_val_00009862, 0.0008925925675177542
n03843555_ILSVRC2012_val_00047130, 0.36258399072708003
n02105412_ILSVRC2012_val_00017056, 4.218805435821707e-06
n04263257_ILSVRC2012_val_00037205, 0.49746959282980013
n02687172_ILSVRC2012_val_00042849, 0.04353267646474277
n03133878_ILSVRC2012_val_00012686, 9.911540761447824e-08
n04154565_ILSVRC2012_val_00041073, 0.44851673732759284
n01981276_ILSVRC2012_val_00021241, 0.10903123352300373
n03947888_ILSVRC2012_val_00012447, 1.1122695526866208e-38
n03930313_ILSVRC2012_val_00028528, 1.4921703976751472e-05
n03249569_ILSVRC2012_val_00040561, 0.02103408802096119
n02277742_ILSVRC2012_val_00013386, 0.37560386688745545
n02437312_ILSVRC2012_val_00013553, 0.17818998608900022
n04317175_ILSVRC2012_val_00035258, 0.04441845299533196
n03868242_ILSVRC2012_val_00024045, 0.11273533723155708
n04456115_ILSVRC2012_val_00035180, 2.3937132567619423e-05
n02092339_ILSVRC2012_val_00004974, 0.11505973368540891
n02486410_ILSVRC2012_val_00003454, 0.0058700442002354546
n02108422_ILSVRC2012_val_00008061, 2.422745191761209e-05
n03793489_ILSVRC2012_val_00013161, 1.5699786091706432e-07
n02704792_ILSVRC2012_val_00006872, 0.01574215296023698
n09421951_ILSVRC2012_val_00046434, 0.4991188703572827
n01855032_ILSVRC2012_val_00039957, 0.30619719618817076
n02319095_ILSVRC2012_val_00029492, 3.8608351212021644e-08
n04162706_ILSVRC2012_val_00011299, 6.741366704524527e-05
n02782093_ILSVRC2012_val_00022462, 2.0816898162905185e-14
n07718472_ILSVRC2012_val_00025124, 2.680112505055415e-05
n02840245_ILSVRC2012_val_00045462, 0.003385179254215802
n02484975_ILSVRC2012_val_00037276, 2.1431274192475888e-10
n02951358_ILSVRC2012_val_00015044, 5.917474750169975e-07
n02106550_ILSVRC2012_val_00049351, 0.005877056660023788
n03452741_ILSVRC2012_val_00028207, 0.34068657388199813
n02089867_ILSVRC2012_val_00033233, 0.3113212371829257
n02106550_ILSVRC2012_val_00045446, 0.030991970269193213
n02114855_ILSVRC2012_val_00020256, 0.0018196278652621934
n02799071_ILSVRC2012_val_00045333, 0.0901128290767922
n04065272_ILSVRC2012_val_00011890, 1.7070151457817015e-08
n02086646_ILSVRC2012_val_00004085, 8.017269464544317e-12
n07583066_ILSVRC2012_val_00004206, 0.028923064752297972
n09428293_ILSVRC2012_val_00049343, 0.005471054549808693
n03825788_ILSVRC2012_val_00027341, 0.05811841808839688
n07875152_ILSVRC2012_val_00046458, 2.2981908596213766e-11
n02086646_ILSVRC2012_val_00020031, 0.21018614865374843
n03676483_ILSVRC2012_val_00029251, 7.056765032128711e-09
n03197337_ILSVRC2012_val_00011421, 0.4956836196968717
n01775062_ILSVRC2012_val_00039854, 0.012819862369877694
n02971356_ILSVRC2012_val_00018554, 0.013784433508287836
n02321529_ILSVRC2012_val_00021501, 1.1801582165970794e-06
n03937543_ILSVRC2012_val_00005967, 0.020473960523485095
n01847000_ILSVRC2012_val_00019313, 0.03873051680892235
n03131574_ILSVRC2012_val_00022199, 0.014530502189817461
n02917067_ILSVRC2012_val_00022891, 0.009711676750291257
n03759954_ILSVRC2012_val_00012172, 0.0004371820375253523
n03933933_ILSVRC2012_val_00041214, 1.2471650625751852e-09
n01873310_ILSVRC2012_val_00007800, 0.06719637272298916
n02134084_ILSVRC2012_val_00042273, 0.038534528648946124
n02206856_ILSVRC2012_val_00038129, 0.013563024670314179
n04239074_ILSVRC2012_val_00026414, 0.4804387955140033
n01855032_ILSVRC2012_val_00043899, 2.5240984911848854e-08
n04254680_ILSVRC2012_val_00047298, 9.761774673472665e-18
n02749479_ILSVRC2012_val_00018213, 0.1356206788079846
n03944341_ILSVRC2012_val_00030282, 0.06734069524043762
n01944390_ILSVRC2012_val_00008747, 7.874965169080593e-06
n01440764_ILSVRC2012_val_00039905, 0.018141256542028226
n03291819_ILSVRC2012_val_00021245, 2.345486155976623e-06
n03424325_ILSVRC2012_val_00027495, 0.058615604494501886
n01855032_ILSVRC2012_val_00006555, 9.4496454366277e-06
n02105412_ILSVRC2012_val_00006002, 0.0130558187742599
n04442312_ILSVRC2012_val_00009258, 0.2657785547841961
n02110958_ILSVRC2012_val_00001646, 0.0011408996255378849
n03930313_ILSVRC2012_val_00031316, 4.355102861332239e-14
n02489166_ILSVRC2012_val_00018502, 0.01270101814107971
n04037443_ILSVRC2012_val_00049700, 0.47269928683162193
n04389033_ILSVRC2012_val_00047296, 5.430523814079569e-06
n03425413_ILSVRC2012_val_00029203, 0.35052132825247273
n04273569_ILSVRC2012_val_00001204, 0.000220741460301128
n03110669_ILSVRC2012_val_00013933, 0.011093732822416446
n02865351_ILSVRC2012_val_00025321, 2.194676149102586e-07
n03888605_ILSVRC2012_val_00000240, 0.002616579591316017
n07697537_ILSVRC2012_val_00029037, 0.03991307008406471
n12985857_ILSVRC2012_val_00008830, 0.46470683754173814
n02091134_ILSVRC2012_val_00007933, 2.1773637529073466e-47
n02108422_ILSVRC2012_val_00004963, 4.950095521517539e-09
n03445924_ILSVRC2012_val_00007926, 0.352306561541731
n01945685_ILSVRC2012_val_00016138, 1.4051272365885006e-05
n01534433_ILSVRC2012_val_00021650, 0.33314230137164635
n07932039_ILSVRC2012_val_00012666, 0.026791942590247184
n02963159_ILSVRC2012_val_00000061, 0.19747562370984761
n01677366_ILSVRC2012_val_00046407, 3.21610876544233e-10
n02687172_ILSVRC2012_val_00012111, 0.3715965247846281
n02113712_ILSVRC2012_val_00001234, 0.18083085684632816
n03763968_ILSVRC2012_val_00021649, 0.032021637363258484
n03450230_ILSVRC2012_val_00004145, 0.07389481445035313
n02492035_ILSVRC2012_val_00004190, 0.0007570442718056341
n01729977_ILSVRC2012_val_00040468, 1.0906890953264684e-05
n02423022_ILSVRC2012_val_00046413, 0.30087188556985306
n03459775_ILSVRC2012_val_00016475, 0.08172531148642065
n03649909_ILSVRC2012_val_00001839, 0.0013713579381609458
n03089624_ILSVRC2012_val_00025257, 6.47782311425911e-06
n01819313_ILSVRC2012_val_00023805, 0.0017020402521481263
n02494079_ILSVRC2012_val_00024582, 0.06754092499808625
n01770081_ILSVRC2012_val_00015566, 0.0018408896399258682
n03400231_ILSVRC2012_val_00009309, 1.3139989977631758e-07
n04493381_ILSVRC2012_val_00020768, 0.4485193720507957
n02859443_ILSVRC2012_val_00019378, 0.26631389453820403
n02091467_ILSVRC2012_val_00029705, 0.012378663953807085
n02666196_ILSVRC2012_val_00016236, 1.722646665036385e-14
n04380533_ILSVRC2012_val_00033933, 0.038498867232755606
n01532829_ILSVRC2012_val_00013456, 0.04601442127846661
n04554684_ILSVRC2012_val_00001704, 0.20986305810858805
n01739381_ILSVRC2012_val_00036082, 0.44990194663746014
n04099969_ILSVRC2012_val_00001953, 0.3932959102972804
n04398044_ILSVRC2012_val_00022342, 0.058079517540677215
n04357314_ILSVRC2012_val_00031832, 0.1247706353486971
n01773797_ILSVRC2012_val_00018439, 0.018801422844464743
n01855032_ILSVRC2012_val_00011874, 3.2075464987525415e-08
n04347754_ILSVRC2012_val_00004204, 0.062170439727708145
n03109150_ILSVRC2012_val_00020055, 0.026133854708497273
n02895154_ILSVRC2012_val_00022803, 0.41977489246650757
n03759954_ILSVRC2012_val_00021431, 0.4000533293386397
n02666196_ILSVRC2012_val_00009486, 5.041532562474088e-12
n04435653_ILSVRC2012_val_00005098, 0.005808044095950908
n01797886_ILSVRC2012_val_00022110, 2.250868811065132e-05
n02101556_ILSVRC2012_val_00026056, 5.449439655138585e-10
n03196217_ILSVRC2012_val_00010672, 0.0016945078719749766
n03063689_ILSVRC2012_val_00014889, 0.002924482713170097
n09399592_ILSVRC2012_val_00038398, 0.025676453845245518
n03891251_ILSVRC2012_val_00027250, 0.06280980966944744
n02128385_ILSVRC2012_val_00027464, 0.09239003680218806
n03207941_ILSVRC2012_val_00045536, 2.4017464902193756e-07
n03445777_ILSVRC2012_val_00040694, 0.0015202919971665113
n01534433_ILSVRC2012_val_00003878, 0.42959836482388425
n02687172_ILSVRC2012_val_00026474, 0.050342007658459774
n02791270_ILSVRC2012_val_00018446, 0.11381382581412089
n02098105_ILSVRC2012_val_00041118, 0.2612518734545403
n04542943_ILSVRC2012_val_00015462, 0.00017302130731145198
n02504013_ILSVRC2012_val_00020120, 0.023378200552344935
n02102177_ILSVRC2012_val_00006404, 1.5737444224322628e-06
n01855032_ILSVRC2012_val_00027070, 0.061263312731997734
n04037443_ILSVRC2012_val_00022017, 0.1443311501707731
n01632458_ILSVRC2012_val_00010462, 7.699572782054168e-14
n03447721_ILSVRC2012_val_00002831, 0.00021382274420508033
n01990800_ILSVRC2012_val_00003738, 0.022397562819288272
n02113023_ILSVRC2012_val_00035161, 5.054047907490147e-07
n02098105_ILSVRC2012_val_00016567, 0.05754835628925067
n02114367_ILSVRC2012_val_00031414, 0.0002651838973130486
n04228054_ILSVRC2012_val_00045586, 1.7322678844305323e-10
n04592741_ILSVRC2012_val_00016728, 0.38507869650637444
n01860187_ILSVRC2012_val_00007423, 1.062045186648995e-09
n01698640_ILSVRC2012_val_00011243, 0.10173599013569024
n02892201_ILSVRC2012_val_00032820, 1.894679098765785e-05
n03047690_ILSVRC2012_val_00015235, 5.674530949664614e-10
n02823750_ILSVRC2012_val_00046210, 0.17153705639959968
n07932039_ILSVRC2012_val_00015438, 0.3430514166954826
n02606052_ILSVRC2012_val_00045650, 0.9994853781199945
n03160309_ILSVRC2012_val_00044900, 0.07310585964151003
n03355925_ILSVRC2012_val_00038515, 0.00010904145529382521
n02106382_ILSVRC2012_val_00011917, 0.06649042380617379
n02226429_ILSVRC2012_val_00000972, 1.5859600594780593e-05
n04131690_ILSVRC2012_val_00011286, 9.911409134803538e-25
n03956157_ILSVRC2012_val_00039438, 4.723951416116516e-13
n03876231_ILSVRC2012_val_00023132, 0.0003522745066276748
n03240683_ILSVRC2012_val_00019875, 0.0027537420025569954
n02494079_ILSVRC2012_val_00005135, 0.0069599400947236755
n04252077_ILSVRC2012_val_00035620, 0.4589207087267689
n03314780_ILSVRC2012_val_00042169, 0.0031915188325827735
n02066245_ILSVRC2012_val_00048116, 0.3436239128532193
n02097130_ILSVRC2012_val_00041568, 0.022083753543868677
n01693334_ILSVRC2012_val_00023753, 0.4908308623040213
n02398521_ILSVRC2012_val_00027472, 0.17510599935250282
n02814533_ILSVRC2012_val_00029057, 0.03904437814373789
n01914609_ILSVRC2012_val_00046254, 0.2035652779695379
n02497673_ILSVRC2012_val_00014914, 0.26643429434832716
n02965783_ILSVRC2012_val_00031605, 0.44746853432421496
n02085782_ILSVRC2012_val_00001225, 2.8073893260545147e-10
n02481823_ILSVRC2012_val_00020869, 2.0717647431662767e-06
n04152593_ILSVRC2012_val_00041664, 0.006464107959049476
n02229544_ILSVRC2012_val_00016276, 2.04422558454239e-06
n03481172_ILSVRC2012_val_00045395, 0.006904566449743835
n03825788_ILSVRC2012_val_00026454, 0.010988335310818345
n01817953_ILSVRC2012_val_00028862, 7.740218988837106e-08
n02966193_ILSVRC2012_val_00030310, 1.8156759932231904e-07
n01749939_ILSVRC2012_val_00006403, 0.05060517874970128
n01990800_ILSVRC2012_val_00041213, 0.0001472866299997011
n04317175_ILSVRC2012_val_00029515, 0.00041630542321343544
n04141076_ILSVRC2012_val_00015586, 4.427641373886138e-05
n02119789_ILSVRC2012_val_00033561, 4.613589559595216e-07
n03759954_ILSVRC2012_val_00009296, 0.00439700797400083
n02504458_ILSVRC2012_val_00017097, 0.12246142200521071
n07873807_ILSVRC2012_val_00007709, 7.591457362258976e-08
n01484850_ILSVRC2012_val_00002338, 2.870612503333481e-05
n02128757_ILSVRC2012_val_00019816, 0.011481880772073808
n04347754_ILSVRC2012_val_00020107, 0.0013481284338550958
n03372029_ILSVRC2012_val_00048013, 4.5285664353459065e-08
n03127925_ILSVRC2012_val_00034903, 0.09784300516903627
n01943899_ILSVRC2012_val_00010096, 0.013384054485102315
n02708093_ILSVRC2012_val_00002853, 0.47574365710849
n01644900_ILSVRC2012_val_00004427, 0.0017131165917094726
n04476259_ILSVRC2012_val_00034739, 0.4837764987830955
n02892767_ILSVRC2012_val_00005423, 0.037998332280156935
n04592741_ILSVRC2012_val_00019965, 6.440806279979137e-13
n02123159_ILSVRC2012_val_00016000, 0.18903017423367793
n01819313_ILSVRC2012_val_00030734, 0.0018393435214869457
n02113624_ILSVRC2012_val_00044258, 0.04411695015987451
n03481172_ILSVRC2012_val_00021070, 0.06374550983211744
n03100240_ILSVRC2012_val_00022770, 0.1736924432108841
n03180011_ILSVRC2012_val_00021924, 0.1870349338299821
n01443537_ILSVRC2012_val_00012880, 0.18085595200461863
n02086646_ILSVRC2012_val_00045683, 3.2956895627429863e-15
n03240683_ILSVRC2012_val_00036010, 4.699744203712903e-06
n03602883_ILSVRC2012_val_00042275, 0.12442357010908851
n04548280_ILSVRC2012_val_00035461, 0.020238775148845776
n02999410_ILSVRC2012_val_00009078, 1.4011854616498237e-06
n04428191_ILSVRC2012_val_00038893, 0.20386159418994176
n02835271_ILSVRC2012_val_00038409, 1.3752658656713268e-09
n04423845_ILSVRC2012_val_00026002, 4.084184099606359e-12
n02129165_ILSVRC2012_val_00041380, 0.0017213434521474098
n04162706_ILSVRC2012_val_00004653, 0.020223241004322014
n03538406_ILSVRC2012_val_00010304, 0.3860158259138866
n04376876_ILSVRC2012_val_00028876, 2.5207841548998123e-07
n04033901_ILSVRC2012_val_00011060, 3.444498564182704e-06
n03218198_ILSVRC2012_val_00017861, 4.1418485840930423e-10
n03584254_ILSVRC2012_val_00039654, 7.078653712417094e-08
n01806567_ILSVRC2012_val_00035938, 4.991035791543843e-10
n01644900_ILSVRC2012_val_00039996, 0.10377138114417751
n03047690_ILSVRC2012_val_00045240, 0.2607285064353475
n02870880_ILSVRC2012_val_00036412, 1.046225272103298e-21
n03425413_ILSVRC2012_val_00000732, 1.1283069175510118e-09
n03873416_ILSVRC2012_val_00026884, 2.827696860177427e-06
n03290653_ILSVRC2012_val_00028921, 0.32010095466726113
n02486410_ILSVRC2012_val_00014339, 0.04909572807582691
n09229709_ILSVRC2012_val_00012252, 1.1560841455499342e-14
n03272010_ILSVRC2012_val_00015207, 0.14240033854400394
n01664065_ILSVRC2012_val_00034795, 0.10397767050842448
n04423845_ILSVRC2012_val_00020705, 0.27290979885186023
n01797886_ILSVRC2012_val_00018626, 0.0032685878249816224
n02807133_ILSVRC2012_val_00011615, 2.947113164756307e-14
n02536864_ILSVRC2012_val_00029638, 0.4321562854021352
n04560804_ILSVRC2012_val_00043815, 0.3662300291278929
n04259630_ILSVRC2012_val_00032722, 7.140253966001663e-05
n04074963_ILSVRC2012_val_00040768, 8.676821904921686e-15
n02111129_ILSVRC2012_val_00018736, 0.08633723053963598
n07716906_ILSVRC2012_val_00038602, 0.3929845087433412
n02091831_ILSVRC2012_val_00031817, 0.42284669315394696
n02930766_ILSVRC2012_val_00041065, 0.000373829076657138
n03065424_ILSVRC2012_val_00001981, 0.0005694890462872064
n02783161_ILSVRC2012_val_00010497, 0.16908778917712144
n02268443_ILSVRC2012_val_00031167, 7.882999667013661e-05
n01756291_ILSVRC2012_val_00001706, 4.159371059083709e-05
n03743016_ILSVRC2012_val_00034079, 1.0415886919914335e-05
n04153751_ILSVRC2012_val_00017334, 5.4268687321287764e-05
n02894605_ILSVRC2012_val_00013066, 0.07772186096606905
n03899768_ILSVRC2012_val_00017640, 0.009817419935278507
n02101388_ILSVRC2012_val_00017331, 0.3173832881516901
n03018349_ILSVRC2012_val_00047905, 0.02444456002483778
n01784675_ILSVRC2012_val_00047329, 0.029797462405663656
n03770439_ILSVRC2012_val_00046676, 0.39764413724669234
n02114855_ILSVRC2012_val_00039736, 0.31046069831172635
n03388549_ILSVRC2012_val_00016373, 0.02052124388516056
n02802426_ILSVRC2012_val_00038836, 7.802307001899202e-13
n01945685_ILSVRC2012_val_00008468, 0.13982404214809996
n01644900_ILSVRC2012_val_00044288, 0.00022118751818771325
n03045698_ILSVRC2012_val_00040125, 0.14255956268084713
n03950228_ILSVRC2012_val_00028744, 0.00046320455134211453
n01616318_ILSVRC2012_val_00023247, 6.4521014282055045e-09
n02094258_ILSVRC2012_val_00000922, 7.988669339247457e-09
n04200800_ILSVRC2012_val_00006159, 0.0002543020026145578
n04389033_ILSVRC2012_val_00034135, 0.1167150217557487
n03602883_ILSVRC2012_val_00022516, 0.06029320132852308
n03776460_ILSVRC2012_val_00026255, 9.864073881660428e-05
n04515003_ILSVRC2012_val_00003521, 0.09816388119372137
n03291819_ILSVRC2012_val_00037426, 0.1949713533328558
n04209133_ILSVRC2012_val_00029797, 3.746318558973317e-09
n02966687_ILSVRC2012_val_00048395, 0.06379044526012118
n04392985_ILSVRC2012_val_00029362, 0.0005388228195505398
n03445924_ILSVRC2012_val_00013694, 4.367279302000649e-13
n04254680_ILSVRC2012_val_00040853, 2.7853154275784357e-05
n02093991_ILSVRC2012_val_00043404, 0.02581891167870442
n04370456_ILSVRC2012_val_00005163, 0.007304102136021629
n02364673_ILSVRC2012_val_00029982, 0.031456891467811485
n03788365_ILSVRC2012_val_00001664, 0.2811221128501423
n04336792_ILSVRC2012_val_00023176, 0.00045631601444656754
n02966687_ILSVRC2012_val_00007100, 0.005355914059305865
n02951585_ILSVRC2012_val_00023278, 7.412305458273894e-05
n07768694_ILSVRC2012_val_00012753, 0.025393932397176508
n04591713_ILSVRC2012_val_00027648, 5.089490331376092e-08
n02051845_ILSVRC2012_val_00043668, 1.194025024747144e-10
n01981276_ILSVRC2012_val_00030504, 3.4187540250503435e-05
n07697537_ILSVRC2012_val_00016179, 0.006253561794969334
n02730930_ILSVRC2012_val_00000771, 1.960489885562455e-08
n03461385_ILSVRC2012_val_00026381, 0.030839901317882914
n01824575_ILSVRC2012_val_00011697, 0.011861715330779319
n04037443_ILSVRC2012_val_00012769, 0.0002131356075259868
n02279972_ILSVRC2012_val_00046963, 0.00011274953266234026
n02071294_ILSVRC2012_val_00033565, 0.251957724617305
n02219486_ILSVRC2012_val_00036555, 0.020555858212810755
n02410509_ILSVRC2012_val_00028745, 6.816625641691873e-05
n07579787_ILSVRC2012_val_00031538, 0.00021352368714671683
n03478589_ILSVRC2012_val_00028658, 3.766940963106451e-09
n02692877_ILSVRC2012_val_00006977, 8.377310051374069e-10
n02092339_ILSVRC2012_val_00022824, 0.00022517749839439245
n04493381_ILSVRC2012_val_00031207, 0.37322907341065614
n02104029_ILSVRC2012_val_00014775, 0.3796222447589807
n01824575_ILSVRC2012_val_00002263, 3.189893865811072e-22
n03884397_ILSVRC2012_val_00013954, 6.813149522819292e-05
n03032252_ILSVRC2012_val_00031248, 0.09194671599313436
n02825657_ILSVRC2012_val_00004291, 2.3858755133292807e-05
n02808440_ILSVRC2012_val_00024866, 0.027273909347329126
n02259212_ILSVRC2012_val_00027387, 0.048686286113651056
n07613480_ILSVRC2012_val_00037294, 0.009137997013297355
n02093256_ILSVRC2012_val_00036989, 2.0791279555332894e-05
n02123045_ILSVRC2012_val_00001341, 0.0033124399863440164
n07753275_ILSVRC2012_val_00018941, 0.0001349874510297095
n02096294_ILSVRC2012_val_00026475, 0.0030739339659764785
n04557648_ILSVRC2012_val_00037544, 0.11490794879967618
n03544143_ILSVRC2012_val_00019475, 2.956352376819728e-11
n02457408_ILSVRC2012_val_00024501, 0.00018148548623555115
n03063689_ILSVRC2012_val_00042455, 0.17101020195757327
n02486261_ILSVRC2012_val_00007174, 6.659938798845986e-05
n02749479_ILSVRC2012_val_00016457, 0.11313372483666773
n02808440_ILSVRC2012_val_00013900, 1.436101387392315e-05
n01744401_ILSVRC2012_val_00044580, 0.00021021466179926178
n01630670_ILSVRC2012_val_00021083, 0.0009190709730935388
n07711569_ILSVRC2012_val_00015761, 2.6776790545151238e-06
n01986214_ILSVRC2012_val_00024894, 0.4417986322496445
n09256479_ILSVRC2012_val_00007049, 0.43730663560635563
n04285008_ILSVRC2012_val_00007592, 0.14921563955379824
n02948072_ILSVRC2012_val_00012453, 0.000125437499534661
n04560804_ILSVRC2012_val_00011758, 1.1096918136315641e-05
n07760859_ILSVRC2012_val_00039541, 3.180786557943747e-06
n02123045_ILSVRC2012_val_00044027, 0.02547562477001651
n03630383_ILSVRC2012_val_00004537, 9.252527784976209e-06
n04557648_ILSVRC2012_val_00012968, 0.01933953201177513
n03888605_ILSVRC2012_val_00028863, 0.005594655238217065
n03393912_ILSVRC2012_val_00036114, 0.0006153949399536234
n04039381_ILSVRC2012_val_00028105, 3.1173657193980866e-17
n04141076_ILSVRC2012_val_00046661, 0.0003347088567322789
n01860187_ILSVRC2012_val_00033733, 2.6073160964017457e-21
n01984695_ILSVRC2012_val_00004219, 0.002268978822068299
n04596742_ILSVRC2012_val_00042268, 0.19162152891751585
n02025239_ILSVRC2012_val_00026556, 0.0010943414349120163
n03584829_ILSVRC2012_val_00012032, 0.387027964356011
n04584207_ILSVRC2012_val_00040311, 0.0012830137198014755
n03297495_ILSVRC2012_val_00007396, 0.20997443872036392
n01675722_ILSVRC2012_val_00005647, 7.781920793719849e-17
n01729977_ILSVRC2012_val_00010545, 0.009874074413570941
n03902125_ILSVRC2012_val_00019465, 0.006236454615124766
n02113978_ILSVRC2012_val_00046981, 1.3357295998955587e-05
n01843065_ILSVRC2012_val_00044268, 2.0897107544397365e-05
n03337140_ILSVRC2012_val_00028423, 0.42383127174577556
n04005630_ILSVRC2012_val_00017246, 0.0003393133932404809
n01855032_ILSVRC2012_val_00031879, 0.29432854251767104
n03131574_ILSVRC2012_val_00040407, 0.2467786028354548
n07715103_ILSVRC2012_val_00048429, 3.0247023143035967e-05
n03976657_ILSVRC2012_val_00025930, 0.19295543226092837
n03874599_ILSVRC2012_val_00024366, 7.16359126691297e-13
n04336792_ILSVRC2012_val_00005839, 0.26923572779117766
n03657121_ILSVRC2012_val_00017890, 0.1615129531617049
n04049303_ILSVRC2012_val_00040866, 5.80672122215068e-06
n02486261_ILSVRC2012_val_00041861, 0.00016129079855311938
n02860847_ILSVRC2012_val_00037897, 6.994164962311502e-16
n02165456_ILSVRC2012_val_00017406, 1.622612532043823e-11
n04517823_ILSVRC2012_val_00028443, 7.366390239371471e-09
n03954731_ILSVRC2012_val_00037757, 2.3065697500021097e-08
n01773549_ILSVRC2012_val_00029496, 1.8063821761637079e-06
n02086240_ILSVRC2012_val_00042523, 2.529137158811161e-05
n02099601_ILSVRC2012_val_00013611, 0.008475651333921435
n02128925_ILSVRC2012_val_00031686, 6.079213135000545e-05
n03773504_ILSVRC2012_val_00016766, 0.33874044255728014
n02454379_ILSVRC2012_val_00002448, 1.745527146272465e-08
n04523525_ILSVRC2012_val_00041517, 5.790777175310982e-10
n03724870_ILSVRC2012_val_00009544, 0.41240652533566236
n01847000_ILSVRC2012_val_00011584, 0.07224389908887317
n04346328_ILSVRC2012_val_00000522, 0.0006250651463334775
n01817953_ILSVRC2012_val_00017242, 1.425553758148482e-16
n02106550_ILSVRC2012_val_00019107, 0.08150921939725861
n01910747_ILSVRC2012_val_00000063, 1.1676188031365396e-06
n02441942_ILSVRC2012_val_00042483, 0.002209833671918162
n03124170_ILSVRC2012_val_00039750, 0.47902385882160714
n03796401_ILSVRC2012_val_00025674, 0.0016287472039009558
n07717410_ILSVRC2012_val_00010479, 0.01583988777118096
n04483307_ILSVRC2012_val_00049859, 0.010138629782331295
n02423022_ILSVRC2012_val_00003125, 0.23467952102390327
n02066245_ILSVRC2012_val_00004755, 0.11075745243155027
n07831146_ILSVRC2012_val_00007802, 0.0002482040326046471
n02817516_ILSVRC2012_val_00031320, 0.12162846831839398
n04599235_ILSVRC2012_val_00015111, 4.845846614717881e-06
n01882714_ILSVRC2012_val_00015072, 0.30526812537464376
n03724870_ILSVRC2012_val_00031381, 0.4505885088019227
n07745940_ILSVRC2012_val_00004428, 0.0001773440929240854
n03961711_ILSVRC2012_val_00019084, 0.0014398580013298718
n01641577_ILSVRC2012_val_00003748, 4.513112263681569e-18
n04532670_ILSVRC2012_val_00022338, 9.668004849419843e-05
n03372029_ILSVRC2012_val_00046205, 0.041151459748849206
n12768682_ILSVRC2012_val_00031830, 5.5741506053788596e-05
n01795545_ILSVRC2012_val_00028545, 0.043462615659313315
n04579432_ILSVRC2012_val_00001734, 0.01432606608669319
n02834397_ILSVRC2012_val_00035630, 1.188868383802735e-05
n03388043_ILSVRC2012_val_00024660, 0.43075638042543735
n04033901_ILSVRC2012_val_00002345, 1.004156175674845e-28
n04542943_ILSVRC2012_val_00028926, 0.031688585204388324
n03873416_ILSVRC2012_val_00016980, 0.009113384183858896
n07742313_ILSVRC2012_val_00046718, 0.002522708133794618
n11879895_ILSVRC2012_val_00003137, 0.6236738084928869
n01944390_ILSVRC2012_val_00022381, 0.0073391524612883355
n02264363_ILSVRC2012_val_00001466, 0.03728331414797185
n02011460_ILSVRC2012_val_00042193, 0.0005586640334775735
n02123159_ILSVRC2012_val_00039553, 0.29086887926595834
n03146219_ILSVRC2012_val_00034509, 0.2108973768666099
n02492035_ILSVRC2012_val_00041232, 0.004529802399885773
n04515003_ILSVRC2012_val_00002400, 0.27976850259763575
n03459775_ILSVRC2012_val_00025067, 0.023234608127605708
n04589890_ILSVRC2012_val_00010471, 0.0209377418519844
n03290653_ILSVRC2012_val_00010346, 0.382424024746858
n02058221_ILSVRC2012_val_00040987, 8.188634333811217e-09
n02497673_ILSVRC2012_val_00030131, 0.0015927787130726773
n04380533_ILSVRC2012_val_00019316, 0.9976212740528322
n03127747_ILSVRC2012_val_00041350, 0.23948608414648687
n02412080_ILSVRC2012_val_00048771, 0.11213828440924135
n02797295_ILSVRC2012_val_00023355, 0.08620708741777236
n02483708_ILSVRC2012_val_00037156, 0.0070490776282386
n03937543_ILSVRC2012_val_00043001, 3.8914744514076915e-05
n04604644_ILSVRC2012_val_00024728, 1.4587433650378475e-11
n01665541_ILSVRC2012_val_00022588, 0.003586425442781662
n03325584_ILSVRC2012_val_00018101, 1.6855887793883981e-12
n01955084_ILSVRC2012_val_00024870, 0.02600994727718494
n02092339_ILSVRC2012_val_00044611, 0.038998087050989554
n04133789_ILSVRC2012_val_00037599, 2.3499032679645937e-06
n04146614_ILSVRC2012_val_00005166, 0.0007782566533909525
n02165105_ILSVRC2012_val_00003852, 1.3163752433346031e-09
n02415577_ILSVRC2012_val_00012720, 0.12931786295715064
n02108000_ILSVRC2012_val_00049574, 3.1532903331641746e-07
n04372370_ILSVRC2012_val_00036463, 0.0014070401538998796
n04552348_ILSVRC2012_val_00047865, 4.75736675446348e-07
n02500267_ILSVRC2012_val_00003500, 0.0004038751028519501
n02492660_ILSVRC2012_val_00008878, 0.0014854545018279505
n01675722_ILSVRC2012_val_00031103, 5.3270841465794666e-09
n03788365_ILSVRC2012_val_00015159, 0.14239162137429412
n03160309_ILSVRC2012_val_00031189, 0.3616602575734847
n03630383_ILSVRC2012_val_00019735, 0.49683875803688005
n02825657_ILSVRC2012_val_00018146, 0.3093360550408095
n03649909_ILSVRC2012_val_00022230, 0.31090700974405006
n02094114_ILSVRC2012_val_00019305, 0.0009237905143303592
n04553703_ILSVRC2012_val_00003795, 9.493933196963578e-08
n02095570_ILSVRC2012_val_00024464, 0.01012045265089152
n02112350_ILSVRC2012_val_00014547, 2.2451645991652836e-13
n04238763_ILSVRC2012_val_00028688, 0.00041458433339701254
n03065424_ILSVRC2012_val_00020368, 4.1053927000927586e-05
n02231487_ILSVRC2012_val_00047601, 2.11057942271829e-05
n04254680_ILSVRC2012_val_00038483, 6.0464994981934125e-06
n07715103_ILSVRC2012_val_00005776, 0.06652352602357445
n04005630_ILSVRC2012_val_00031106, 0.2632853221574985
n01950731_ILSVRC2012_val_00011651, 0.3944330802366699
n04483307_ILSVRC2012_val_00048457, 0.005934636528755742
n03777754_ILSVRC2012_val_00022796, 0.16852176746347194
n09428293_ILSVRC2012_val_00002544, 0.016644157987729762
n03930313_ILSVRC2012_val_00004063, 0.08400506486588388
n02927161_ILSVRC2012_val_00043322, 1.0306701469011133e-06
n07831146_ILSVRC2012_val_00034117, 1.1421161517651307e-05
n04612504_ILSVRC2012_val_00045388, 0.004647780100510749
n03649909_ILSVRC2012_val_00049371, 9.633236659009086e-08
n01817953_ILSVRC2012_val_00012003, 6.473780683834491e-20
n02834397_ILSVRC2012_val_00043290, 0.01708332688239581
n04311174_ILSVRC2012_val_00013300, 0.48938733355901104
n02814860_ILSVRC2012_val_00005131, 0.4191609164989501
n02093428_ILSVRC2012_val_00039832, 0.00012646053539054158
n02807133_ILSVRC2012_val_00016691, 7.245639599421832e-07
n04023962_ILSVRC2012_val_00010977, 0.17350485772053761
n02814533_ILSVRC2012_val_00016314, 0.34185342010440806
n02124075_ILSVRC2012_val_00010417, 0.04894411282656616
n01818515_ILSVRC2012_val_00048027, 0.03302310270726552
n01729977_ILSVRC2012_val_00021750, 2.3020069262880476e-06
n03220513_ILSVRC2012_val_00044722, 0.1688145502665981
n01784675_ILSVRC2012_val_00004136, 0.029339838081868613
n01692333_ILSVRC2012_val_00036849, 4.181368897940335e-35
n01667114_ILSVRC2012_val_00026202, 0.0010437059544221897
n02804610_ILSVRC2012_val_00011135, 0.04445702046625294
n04263257_ILSVRC2012_val_00025811, 0.09887938884006772
n04591713_ILSVRC2012_val_00024147, 6.894574194678161e-16
n02006656_ILSVRC2012_val_00013110, 0.23843614615798686
n07760859_ILSVRC2012_val_00047777, 0.008660114319946446
n02110806_ILSVRC2012_val_00030771, 0.003419691593572427
n04147183_ILSVRC2012_val_00015783, 0.09512900353531409
n04141327_ILSVRC2012_val_00038141, 0.059224153068900894
n01882714_ILSVRC2012_val_00046155, 0.1401541452062319
n13040303_ILSVRC2012_val_00025446, 6.047427023989822e-08
n04266014_ILSVRC2012_val_00048263, 0.24822512890600884
n03633091_ILSVRC2012_val_00002347, 2.2885404974842766e-15
n01748264_ILSVRC2012_val_00014620, 0.004132781565726249
n03787032_ILSVRC2012_val_00044851, 0.13569635783667056
n01498041_ILSVRC2012_val_00042175, 3.802203374434201e-05
n04147183_ILSVRC2012_val_00009142, 0.09838482390753055
n02835271_ILSVRC2012_val_00026292, 0.0008052908978890358
n03950228_ILSVRC2012_val_00034799, 0.021554863167085096
n04591157_ILSVRC2012_val_00022572, 0.0010455846086571056
n03404251_ILSVRC2012_val_00038511, 2.4011801382468968e-05
n01518878_ILSVRC2012_val_00039355, 0.4935008868438571
n01698640_ILSVRC2012_val_00003688, 2.979453569968625e-09
n07875152_ILSVRC2012_val_00022876, 0.30486798366146295
n07860988_ILSVRC2012_val_00019221, 0.36587301653715304
n03908618_ILSVRC2012_val_00008762, 9.48055575621031e-12
n02091467_ILSVRC2012_val_00004996, 4.170757658365299e-06
n01494475_ILSVRC2012_val_00035367, 0.4645215878056544
n04599235_ILSVRC2012_val_00027561, 0.0011890723267227645
n01697457_ILSVRC2012_val_00008146, 0.005010769468000377
n01739381_ILSVRC2012_val_00029979, 3.239449508019623e-07
n04099969_ILSVRC2012_val_00017631, 0.21787429811402262
n03372029_ILSVRC2012_val_00008240, 8.982047872433214e-09
n03825788_ILSVRC2012_val_00048248, 0.38635713663824495
n03594734_ILSVRC2012_val_00048648, 1.957654094831036e-05
n07836838_ILSVRC2012_val_00030686, 2.796999923694526e-20
n07920052_ILSVRC2012_val_00028753, 0.0017606517700617
n03617480_ILSVRC2012_val_00035822, 0.05283340094667371
n03929660_ILSVRC2012_val_00036654, 4.150472230144437e-10
n03125729_ILSVRC2012_val_00019971, 5.6354961324585096e-06
n04442312_ILSVRC2012_val_00021748, 1.2636300440504276e-08
n04325704_ILSVRC2012_val_00032664, 0.006492551681161817
n02089867_ILSVRC2012_val_00037305, 4.45722002480039e-10
n03530642_ILSVRC2012_val_00025146, 0.0006953248438486341
n01784675_ILSVRC2012_val_00039488, 3.783630382773141e-11
n04252077_ILSVRC2012_val_00033043, 1.723259520590379e-05
n13037406_ILSVRC2012_val_00030151, 5.405750944889843e-12
n03706229_ILSVRC2012_val_00046324, 3.018231078230749e-06
n03961711_ILSVRC2012_val_00027431, 0.28159535530610763
n02229544_ILSVRC2012_val_00003997, 0.2195930036590186
n01608432_ILSVRC2012_val_00033214, 0.00021255913894196898
n02123045_ILSVRC2012_val_00047911, 0.04837200490185688
n03529860_ILSVRC2012_val_00025630, 0.18631247574476578
n03372029_ILSVRC2012_val_00021414, 1.8303830367342604e-10
n01484850_ILSVRC2012_val_00028028, 6.690109279488914e-06
n01843383_ILSVRC2012_val_00014068, 3.3047794534552436e-15
n03633091_ILSVRC2012_val_00014264, 0.08064758903816246
n01631663_ILSVRC2012_val_00016864, 0.0023988253151876393
n02002556_ILSVRC2012_val_00041881, 2.1281273415039463e-13
n03874293_ILSVRC2012_val_00035353, 0.0005761383700822853
n01843065_ILSVRC2012_val_00011605, 0.013283835671069931
n03733131_ILSVRC2012_val_00022473, 1.672076467214878e-07
n04162706_ILSVRC2012_val_00005165, 0.3503062995931958
n02526121_ILSVRC2012_val_00041627, 5.472133571796932e-07
n01950731_ILSVRC2012_val_00039974, 1.6916059423542441e-07
n03109150_ILSVRC2012_val_00033008, 0.1494349575945436
n02442845_ILSVRC2012_val_00040698, 1.0488494023303906e-05
n03903868_ILSVRC2012_val_00024519, 0.03162858387309366
n03179701_ILSVRC2012_val_00012239, 0.0726474479621789
n02102040_ILSVRC2012_val_00004553, 3.193780665484045e-05
n03710721_ILSVRC2012_val_00041966, 0.043391192335787275
n04009552_ILSVRC2012_val_00045112, 0.13218290712148906
n01855672_ILSVRC2012_val_00025667, 0.08916559877632575
n06596364_ILSVRC2012_val_00029846, 0.3180762388606823
n03733281_ILSVRC2012_val_00016418, 2.498322323871076e-06
n03388043_ILSVRC2012_val_00028934, 0.0013264481852393634
n03447447_ILSVRC2012_val_00012445, 4.088367640780831e-06
n07875152_ILSVRC2012_val_00015388, 0.000802809159043582
n01491361_ILSVRC2012_val_00030658, 0.009569592705404412
n02988304_ILSVRC2012_val_00003491, 0.4517150777821587
n02500267_ILSVRC2012_val_00007243, 0.0006125967625728105
n03791053_ILSVRC2012_val_00039358, 9.751765724806094e-18
n02325366_ILSVRC2012_val_00013352, 3.668794640996478e-20
n03642806_ILSVRC2012_val_00048251, 0.2655065199268965
n01443537_ILSVRC2012_val_00013513, 9.58994673481655e-14
n02825657_ILSVRC2012_val_00015150, 0.24975645852841366
n03788365_ILSVRC2012_val_00042450, 0.006579546255385045
n04613696_ILSVRC2012_val_00007854, 5.105900528523398e-08
n01735189_ILSVRC2012_val_00046440, 2.2794563205106004e-09
n03764736_ILSVRC2012_val_00005478, 0.14784603653084424
n02129165_ILSVRC2012_val_00012343, 0.005601537343283322
n02454379_ILSVRC2012_val_00018686, 0.11111976795210443
n02113978_ILSVRC2012_val_00011202, 0.25341453082177023
n02342885_ILSVRC2012_val_00015181, 0.2666863541074587
n02088094_ILSVRC2012_val_00015990, 0.04626264665236674
n02089078_ILSVRC2012_val_00019462, 0.2590951929323809
n02727426_ILSVRC2012_val_00039440, 0.49249217590647304
n03983396_ILSVRC2012_val_00033968, 1.2326707384743447e-08
n02799071_ILSVRC2012_val_00012189, 0.0004934028190102834
n02843684_ILSVRC2012_val_00006780, 1.2138193407258627e-14
n02085782_ILSVRC2012_val_00043201, 5.370684193931505e-19
n01514668_ILSVRC2012_val_00028712, 0.24475786523860993
n04019541_ILSVRC2012_val_00009756, 6.77955299806042e-06
n01751748_ILSVRC2012_val_00033903, 0.0377249582520818
n03461385_ILSVRC2012_val_00042117, 0.1105679104168397
n03649909_ILSVRC2012_val_00013162, 0.030554412263003736
n02493509_ILSVRC2012_val_00040269, 0.012600128215162387
n03770679_ILSVRC2012_val_00007374, 0.3771857845417069
n02100735_ILSVRC2012_val_00019050, 0.05680719493259785
n02066245_ILSVRC2012_val_00037778, 0.0004925814358259236
n02087394_ILSVRC2012_val_00000077, 5.661150050306433e-06
n02109047_ILSVRC2012_val_00042206, 9.474182186909876e-07
n02096437_ILSVRC2012_val_00003380, 0.22582732760728172
n03961711_ILSVRC2012_val_00042539, 0.01947369144978149
n03467068_ILSVRC2012_val_00049891, 0.4044158261557726
n03803284_ILSVRC2012_val_00027961, 0.2905904368331813
n02025239_ILSVRC2012_val_00028187, 1.653077141516159e-10
n04485082_ILSVRC2012_val_00035926, 0.009548171352524941
n03028079_ILSVRC2012_val_00033509, 0.3823990048509209
n02172182_ILSVRC2012_val_00011085, 5.678737687006582e-18
n01558993_ILSVRC2012_val_00007667, 0.0005802465458240711
n01729977_ILSVRC2012_val_00040950, 0.1798714404087988
n03967562_ILSVRC2012_val_00041970, 9.6580791507925e-05
n03769881_ILSVRC2012_val_00036750, 0.0846179104924388
n02106550_ILSVRC2012_val_00034771, 0.021481564068187436
n02190166_ILSVRC2012_val_00036434, 8.239508888822751e-10
n02006656_ILSVRC2012_val_00008978, 3.1719949142101144e-06
n01664065_ILSVRC2012_val_00020141, 0.10686356054957022
n03127747_ILSVRC2012_val_00025383, 0.009413885649810704
n04509417_ILSVRC2012_val_00017279, 0.39620857020844613
n04560804_ILSVRC2012_val_00034852, 0.22290670176206387
n02109525_ILSVRC2012_val_00049356, 0.00013867910134453612
n02699494_ILSVRC2012_val_00013048, 0.004916084115216002
n02120505_ILSVRC2012_val_00043421, 0.0002167732650839541
n03977966_ILSVRC2012_val_00007655, 0.2856384248142375
n01728920_ILSVRC2012_val_00047852, 1.850269003732549e-08
n03720891_ILSVRC2012_val_00047710, 0.20015637209475634
n03126707_ILSVRC2012_val_00038795, 0.009938617290780768
n03840681_ILSVRC2012_val_00023297, 0.051367579083907614
n02403003_ILSVRC2012_val_00009046, 2.863241300901318e-07
n03187595_ILSVRC2012_val_00029045, 4.80275419768763e-07
n02342885_ILSVRC2012_val_00039968, 1.6578907838411638e-06
n02417914_ILSVRC2012_val_00003685, 0.0425727906153497
n04532670_ILSVRC2012_val_00044782, 0.04010720772386451
n02676566_ILSVRC2012_val_00005467, 0.007139652051057796
n09428293_ILSVRC2012_val_00043977, 0.44113491100333185
n03127925_ILSVRC2012_val_00027797, 0.22747367908429048
n03065424_ILSVRC2012_val_00040791, 4.805806594134972e-07
n02107312_ILSVRC2012_val_00034324, 0.01032335038227687
n02087394_ILSVRC2012_val_00001651, 0.005247285818997228
n04127249_ILSVRC2012_val_00002068, 9.150519913452746e-06
n09246464_ILSVRC2012_val_00019597, 0.00014069615008145637
n02910353_ILSVRC2012_val_00046056, 0.00449994625866663
n02013706_ILSVRC2012_val_00045911, 2.5839269153970265e-22
n04125021_ILSVRC2012_val_00001169, 0.06863043104869435
n02259212_ILSVRC2012_val_00028692, 0.0006546363068521692
n04264628_ILSVRC2012_val_00044098, 0.28016779376248235
n03355925_ILSVRC2012_val_00012078, 1.53237849717253e-07
n03042490_ILSVRC2012_val_00033943, 0.4872827247830652
n01985128_ILSVRC2012_val_00003119, 0.0026999193651317233
n02417914_ILSVRC2012_val_00023489, 2.2866805743658962e-21
n03325584_ILSVRC2012_val_00034182, 0.9999999988316384
n04116512_ILSVRC2012_val_00015288, 9.427242075853347e-06
n01753488_ILSVRC2012_val_00034461, 0.016148659045796595
n02992529_ILSVRC2012_val_00005705, 0.0014293886471571586
n03085013_ILSVRC2012_val_00044090, 0.4269182742656072
n03908618_ILSVRC2012_val_00012965, 0.05517272629372046
n03743016_ILSVRC2012_val_00020640, 1.3873596720286708e-07
n02509815_ILSVRC2012_val_00012980, 1.1275069666377773e-13
n02860847_ILSVRC2012_val_00003099, 0.00010449559190266644
n04336792_ILSVRC2012_val_00016751, 5.8691924199589916e-05
n02676566_ILSVRC2012_val_00019450, 0.006497777228360738
n03706229_ILSVRC2012_val_00016942, 0.022019118205354626
n02492660_ILSVRC2012_val_00047185, 0.3708907205108867
n07880968_ILSVRC2012_val_00031146, 0.4573432218909011
n01737021_ILSVRC2012_val_00009042, 0.006618982413880863
n04548362_ILSVRC2012_val_00003108, 0.0006409656820233594
n02086079_ILSVRC2012_val_00041109, 0.03267541708241811
n01443537_ILSVRC2012_val_00022138, 0.015778080766869193
n02837789_ILSVRC2012_val_00036936, 0.0010656187671577023
n02892201_ILSVRC2012_val_00033978, 0.4793881484523645
n02099267_ILSVRC2012_val_00019226, 0.049296168439377064
n02112018_ILSVRC2012_val_00044585, 1.878455809456541e-06
n02111500_ILSVRC2012_val_00029490, 5.09718826969476e-09
n03666591_ILSVRC2012_val_00009465, 7.910191358068629e-09
n04041544_ILSVRC2012_val_00008193, 0.11188322532166098
n02823750_ILSVRC2012_val_00037744, 0.4568653827350512
n04263257_ILSVRC2012_val_00034989, 0.19436489820591316
n02110063_ILSVRC2012_val_00005575, 0.4411429245112748
n01806567_ILSVRC2012_val_00026021, 4.522924557957494e-15
n04350905_ILSVRC2012_val_00030307, 1.7032108811926197e-16
n03661043_ILSVRC2012_val_00000715, 0.011793081975624673
n04200800_ILSVRC2012_val_00048329, 0.08047145694539942
n03658185_ILSVRC2012_val_00008145, 0.012681687654846377
n09288635_ILSVRC2012_val_00030256, 1.184064310897804e-06
n02823750_ILSVRC2012_val_00010130, 0.00650244765077381
n02108000_ILSVRC2012_val_00002492, 0.00040346882020904357
n02807133_ILSVRC2012_val_00006861, 0.04636786047155048
n03188531_ILSVRC2012_val_00014675, 0.00026570925261882916
n02056570_ILSVRC2012_val_00011062, 0.06212411115148574
n03445777_ILSVRC2012_val_00022792, 0.00016755694631403255
n07697537_ILSVRC2012_val_00042412, 1.9191933446108833e-06
n02415577_ILSVRC2012_val_00019055, 0.013842860412828908
n03899768_ILSVRC2012_val_00011183, 7.253975588899225e-06
n01773797_ILSVRC2012_val_00007677, 0.10615671627433583
n03485407_ILSVRC2012_val_00036135, 0.002238079628968237
n02361337_ILSVRC2012_val_00038028, 0.03357218112909853
n01558993_ILSVRC2012_val_00019038, 2.116824215275841e-08
n04252077_ILSVRC2012_val_00029893, 1.7467249161843467e-31
n03483316_ILSVRC2012_val_00043382, 0.0004091763956162945
n04041544_ILSVRC2012_val_00047817, 0.07482611982498955
n02037110_ILSVRC2012_val_00002738, 0.2531676842257846
n04398044_ILSVRC2012_val_00030441, 0.037407990422201755
n01795545_ILSVRC2012_val_00035601, 1.8255721396088262e-11
n02814533_ILSVRC2012_val_00027081, 1.0304431282749634e-14
n03291819_ILSVRC2012_val_00003352, 0.22452602569137256
n02124075_ILSVRC2012_val_00007023, 8.884481695585351e-07
n02804414_ILSVRC2012_val_00017317, 3.760983968967009e-06
n02112018_ILSVRC2012_val_00019822, 1.699151106765838e-05
n03325584_ILSVRC2012_val_00007741, 0.0003984116303446863
n03457902_ILSVRC2012_val_00014654, 6.099011080117648e-09
n01748264_ILSVRC2012_val_00035976, 0.398923378914028
n03709823_ILSVRC2012_val_00032247, 0.04934095870721391
n02007558_ILSVRC2012_val_00019951, 0.009062393694198877
n02128925_ILSVRC2012_val_00041267, 5.458993355220561e-10
n02033041_ILSVRC2012_val_00020205, 0.31995791760711584
n03888605_ILSVRC2012_val_00008363, 9.153269151646965e-10
n03131574_ILSVRC2012_val_00016407, 0.0005530853650002497
n07873807_ILSVRC2012_val_00047524, 0.2656477693046273
n01843383_ILSVRC2012_val_00015673, 2.995166622190226e-23
n04428191_ILSVRC2012_val_00003316, 3.469707292485466e-07
n03777754_ILSVRC2012_val_00007543, 0.37277121040006117
n02097130_ILSVRC2012_val_00003758, 0.00012895533859860533
n03764736_ILSVRC2012_val_00002470, 0.10863007784840968
n02487347_ILSVRC2012_val_00022040, 6.715676624889317e-05
n03710721_ILSVRC2012_val_00047553, 0.3801675731422145
n01855032_ILSVRC2012_val_00025130, 0.011577403627688299
n02113023_ILSVRC2012_val_00044237, 3.1137756878463804e-14
n04009552_ILSVRC2012_val_00001253, 3.928180340905629e-14
n04591713_ILSVRC2012_val_00039657, 0.1927991816327549
n01943899_ILSVRC2012_val_00012672, 1.9060826082560943e-06
n02130308_ILSVRC2012_val_00031348, 0.16323189037426
n11939491_ILSVRC2012_val_00004514, 6.18143615190901e-11
n12620546_ILSVRC2012_val_00029292, 0.28843551755950186
n01530575_ILSVRC2012_val_00037116, 2.428245516972005e-06
n02094114_ILSVRC2012_val_00014810, 0.4595232794420209
n01641577_ILSVRC2012_val_00019578, 4.868895598534229e-06
n02107574_ILSVRC2012_val_00001302, 0.0887437568044266
n02749479_ILSVRC2012_val_00002719, 0.29843614142256025
n03109150_ILSVRC2012_val_00040330, 2.115917782537889e-08
n02113186_ILSVRC2012_val_00025691, 0.0002985207181986352
n03623198_ILSVRC2012_val_00009826, 0.012041735689826309
n02787622_ILSVRC2012_val_00010207, 2.584302940106861e-13
n02098286_ILSVRC2012_val_00008945, 0.008785517078718759
n01944390_ILSVRC2012_val_00002602, 3.726321172803246e-10
n03903868_ILSVRC2012_val_00010953, 0.7612105749578051
n03026506_ILSVRC2012_val_00040934, 8.020376995926013e-07
n02104365_ILSVRC2012_val_00042768, 0.14673937990462924
n02708093_ILSVRC2012_val_00013244, 3.972762844976952e-16
n13052670_ILSVRC2012_val_00039616, 1.2397494134697183e-12
n04366367_ILSVRC2012_val_00004429, 0.14705496859336326
n01843383_ILSVRC2012_val_00005901, 2.4534063381926725e-12
n03530642_ILSVRC2012_val_00041787, 0.264370582397898
n03384352_ILSVRC2012_val_00018473, 0.1469077387967587
n04081281_ILSVRC2012_val_00047007, 0.13000730919863449
n04125021_ILSVRC2012_val_00041163, 0.45651747533096154
n04584207_ILSVRC2012_val_00039917, 0.14530924882688193
n01930112_ILSVRC2012_val_00026452, 0.02312133607367523
n04229816_ILSVRC2012_val_00020818, 2.130477227061406e-06
n02776631_ILSVRC2012_val_00039610, 0.27522782568553655
n02095570_ILSVRC2012_val_00046610, 0.05227357646114089
n03133878_ILSVRC2012_val_00004670, 5.392923237048859e-05
n03733131_ILSVRC2012_val_00003505, 2.6384431690710953e-12
n03028079_ILSVRC2012_val_00049943, 0.35242410674633773
n07584110_ILSVRC2012_val_00032735, 3.9277096034422325e-09
n02094433_ILSVRC2012_val_00043233, 0.03614874756560064
n04204238_ILSVRC2012_val_00015859, 0.4145829995298847
n04486054_ILSVRC2012_val_00040446, 7.57661280211914e-08
n10148035_ILSVRC2012_val_00022168, 0.1567934146268827
n12267677_ILSVRC2012_val_00024975, 0.000568884190902638
n03494278_ILSVRC2012_val_00021005, 0.029498764526386417
n02963159_ILSVRC2012_val_00049556, 9.793905494592875e-05
n06785654_ILSVRC2012_val_00004597, 4.4815459919895073e-07
n03733281_ILSVRC2012_val_00039998, 0.0012697871575339632
n09256479_ILSVRC2012_val_00008164, 0.003204827123933252
n04536866_ILSVRC2012_val_00046990, 0.3271543364821079
n04398044_ILSVRC2012_val_00014880, 0.31792674650896585
n07753275_ILSVRC2012_val_00030047, 1.7484044262000255e-08
n02363005_ILSVRC2012_val_00023296, 2.188102704425028e-09
n01491361_ILSVRC2012_val_00013484, 0.48783947699152924
n03133878_ILSVRC2012_val_00041085, 0.0019057187673829586
n04596742_ILSVRC2012_val_00018350, 0.04192873638324154
n02480855_ILSVRC2012_val_00041155, 0.1922952655788381
n04532106_ILSVRC2012_val_00043040, 0.30403198869777665
n03976467_ILSVRC2012_val_00037321, 7.101208211215464e-07
n02002556_ILSVRC2012_val_00026139, 1.838516867935861e-08
n01774750_ILSVRC2012_val_00035080, 7.349150946935723e-12
n03630383_ILSVRC2012_val_00045271, 0.07669121158640575
n02825657_ILSVRC2012_val_00002587, 9.103399433820047e-09
n04265275_ILSVRC2012_val_00031079, 0.00016971564120563603
n03000247_ILSVRC2012_val_00034857, 0.144920308380905
n07695742_ILSVRC2012_val_00003416, 0.0038136189954114086
n03047690_ILSVRC2012_val_00018631, 0.050639163805482716
n02979186_ILSVRC2012_val_00017775, 0.1808907438832937
n02113186_ILSVRC2012_val_00022712, 5.378023849289411e-07
n04266014_ILSVRC2012_val_00014262, 6.911725531813263e-28
n03623198_ILSVRC2012_val_00017853, 0.0012746461387085268
n04330267_ILSVRC2012_val_00029749, 7.406658209409046e-15
n03197337_ILSVRC2012_val_00038776, 0.40918693787566396
n01496331_ILSVRC2012_val_00045936, 0.44440624319739713
n03297495_ILSVRC2012_val_00022933, 0.0015151022688348016
n04040759_ILSVRC2012_val_00012378, 5.806879790823513e-06
n02105056_ILSVRC2012_val_00036843, 0.001217725479399424
n04067472_ILSVRC2012_val_00012789, 0.003349727790764108
n02088632_ILSVRC2012_val_00010982, 0.301934028876952
n04335435_ILSVRC2012_val_00044131, 1.4059157979135229e-12
n03781244_ILSVRC2012_val_00028364, 0.07800265013691586
n01531178_ILSVRC2012_val_00015903, 0.008981541873451309
n02219486_ILSVRC2012_val_00043616, 0.32352213299418664
n07831146_ILSVRC2012_val_00029301, 2.4348483257860385e-14
n01537544_ILSVRC2012_val_00043965, 9.715399661173645e-15
n03272010_ILSVRC2012_val_00001273, 0.00152214572219202
n03670208_ILSVRC2012_val_00013054, 0.008980144638952078
n02096177_ILSVRC2012_val_00032177, 4.014243469629221e-06
n03710637_ILSVRC2012_val_00003825, 0.24327632515023334
n04479046_ILSVRC2012_val_00043741, 3.690004864562538e-05
n02101006_ILSVRC2012_val_00039268, 3.0993775172577727e-16
n03089624_ILSVRC2012_val_00041701, 0.4093449698279867
n01514668_ILSVRC2012_val_00047137, 2.4924757445384774e-07
n04428191_ILSVRC2012_val_00034195, 0.04696689510770885
n04606251_ILSVRC2012_val_00021959, 0.04632351610607312
n04355933_ILSVRC2012_val_00004932, 0.005615307670617365
n01514668_ILSVRC2012_val_00019721, 0.18680791562704935
