n01491361_ILSVRC2012_val_00029300, 0.9998471411735944
n03345487_ILSVRC2012_val_00008602, 0.9704175575287782
n02363005_ILSVRC2012_val_00036380, 1.0
n04026417_ILSVRC2012_val_00019863, 0.09128713068038971
n02134418_ILSVRC2012_val_00022698, 0.0013396638473763016
n03032252_ILSVRC2012_val_00036856, 0.006131327708276713
n03661043_ILSVRC2012_val_00039081, 1.184705519647847e-05
n09399592_ILSVRC2012_val_00039034, 0.9723852113328622
n04311174_ILSVRC2012_val_00031667, 1.0
n01532829_ILSVRC2012_val_00000873, 0.1504932724628429
n06785654_ILSVRC2012_val_00027470, 0.9999999999999996
n02927161_ILSVRC2012_val_00003463, 0.0010273820779147084
n02089078_ILSVRC2012_val_00023966, 0.11922779231399744
n03633091_ILSVRC2012_val_00006333, 0.004726010143209073
n03775071_ILSVRC2012_val_00022216, 0.008560949869938711
n03717622_ILSVRC2012_val_00049910, 0.9903578683497396
n02280649_ILSVRC2012_val_00035898, 0.9999999999994984
n02033041_ILSVRC2012_val_00035363, 0.9999993939990344
n03929660_ILSVRC2012_val_00035611, 0.05927569361688929
n04589890_ILSVRC2012_val_00005806, 0.4420567349508119
n02093647_ILSVRC2012_val_00033269, 0.9999999796203458
n03016953_ILSVRC2012_val_00014557, 0.5712099936123981
n01755581_ILSVRC2012_val_00038859, 0.999904163265713
n04049303_ILSVRC2012_val_00010839, 0.05322671284510374
n02489166_ILSVRC2012_val_00019235, 0.9999999992535562
n07753592_ILSVRC2012_val_00012444, 0.34359807563387623
n02526121_ILSVRC2012_val_00009459, 0.00597478449042517
n02730930_ILSVRC2012_val_00003567, 0.9217235689820651
n02974003_ILSVRC2012_val_00023858, 0.07196414561611342
n02109961_ILSVRC2012_val_00029313, 0.8996190305252701
n04141076_ILSVRC2012_val_00006682, 0.5648886273078885
n11939491_ILSVRC2012_val_00034896, 0.13863992627454155
n07930864_ILSVRC2012_val_00009249, 0.0749797890777748
n01739381_ILSVRC2012_val_00046490, 1.0
n01820546_ILSVRC2012_val_00005925, 0.00245127688252392
n04266014_ILSVRC2012_val_00049754, 0.9999999999077442
n02088466_ILSVRC2012_val_00014631, 0.4129030337317192
n03930313_ILSVRC2012_val_00040562, 1.0
n02110627_ILSVRC2012_val_00006933, 0.9999050768487876
n02108422_ILSVRC2012_val_00029363, 0.9999892993964707
n02264363_ILSVRC2012_val_00011783, 0.05240942246336016
n07584110_ILSVRC2012_val_00006798, 0.8532175373235434
n03417042_ILSVRC2012_val_00004119, 0.32305837245741315
n04263257_ILSVRC2012_val_00008514, 0.7155836072385693
n01695060_ILSVRC2012_val_00022470, 1.0
n03794056_ILSVRC2012_val_00000430, 0.7957604054086699
n04523525_ILSVRC2012_val_00049794, 0.0013862085274467236
n02190166_ILSVRC2012_val_00038774, 1.0
n12144580_ILSVRC2012_val_00038919, 0.819387731078699
n02403003_ILSVRC2012_val_00013190, 0.5149606368190267
n03954731_ILSVRC2012_val_00039935, 0.9698104466669836
n04004767_ILSVRC2012_val_00043636, 0.027383138972559912
n02814533_ILSVRC2012_val_00024318, 0.4564706458436916
n01614925_ILSVRC2012_val_00046564, 1.0
n04370456_ILSVRC2012_val_00018171, 0.017731911826722097
n03838899_ILSVRC2012_val_00017944, 0.06036815966802192
n02165105_ILSVRC2012_val_00031488, 0.9999999999952167
n04254680_ILSVRC2012_val_00008133, 1.0
n02916936_ILSVRC2012_val_00012520, 0.15523774347796732
n02028035_ILSVRC2012_val_00019389, 1.0
n02835271_ILSVRC2012_val_00009228, 0.8903391295237122
n04389033_ILSVRC2012_val_00046843, 0.9999998067248841
n04228054_ILSVRC2012_val_00024679, 0.992518515043384
n02268853_ILSVRC2012_val_00004215, 0.999999999999861
n03717622_ILSVRC2012_val_00010030, 0.023156644964446676
n03877845_ILSVRC2012_val_00003937, 0.03763128507223586
n03041632_ILSVRC2012_val_00040170, 0.015408429025225793
n02219486_ILSVRC2012_val_00038010, 1.0
n03877845_ILSVRC2012_val_00014955, 0.0002945793593259556
n02437312_ILSVRC2012_val_00016586, 0.9982654799563792
n02167151_ILSVRC2012_val_00032023, 0.7953387135050586
n12985857_ILSVRC2012_val_00004103, 0.9874385739072011
n03958227_ILSVRC2012_val_00015775, 8.59113454095987e-06
n03459775_ILSVRC2012_val_00004928, 0.9999974074987494
n02107312_ILSVRC2012_val_00014780, 1.0
n03874293_ILSVRC2012_val_00017941, 0.7378250660912672
n03924679_ILSVRC2012_val_00022650, 0.9999164901360867
n02074367_ILSVRC2012_val_00033885, 0.9903393782089769
n02480495_ILSVRC2012_val_00017493, 0.08368016407193506
n03255030_ILSVRC2012_val_00010730, 0.2093696938964277
n02165105_ILSVRC2012_val_00000768, 0.05109352430642854
n03788195_ILSVRC2012_val_00044234, 0.976638913469542
n02927161_ILSVRC2012_val_00011432, 0.0001118260254379548
n02100583_ILSVRC2012_val_00018982, 0.0931444655256953
n02497673_ILSVRC2012_val_00011144, 1.0
n02841315_ILSVRC2012_val_00012679, 1.1936473553282805e-05
n07747607_ILSVRC2012_val_00033807, 0.010482760649097008
n03995372_ILSVRC2012_val_00048981, 0.0005377052117881676
n02107142_ILSVRC2012_val_00028584, 0.2725745429067725
n02504013_ILSVRC2012_val_00004882, 0.9999999999885503
n01641577_ILSVRC2012_val_00013974, 0.9999999999999485
n03223299_ILSVRC2012_val_00048302, 0.048846614013090345
n07697313_ILSVRC2012_val_00037389, 0.0718971477444666
n04540053_ILSVRC2012_val_00012002, 0.35362979898662994
n01530575_ILSVRC2012_val_00045172, 0.9998747110562762
n03673027_ILSVRC2012_val_00034696, 0.32477190523548
n02077923_ILSVRC2012_val_00026593, 0.9938962147636056
n04070727_ILSVRC2012_val_00005383, 0.9999999861831661
n03384352_ILSVRC2012_val_00005128, 0.99999637256507
n03876231_ILSVRC2012_val_00004827, 0.0010987819144433445
n03769881_ILSVRC2012_val_00031349, 0.13984086312450422
n01872401_ILSVRC2012_val_00030772, 1.0
n02843684_ILSVRC2012_val_00013138, 0.19735490104515535
n01910747_ILSVRC2012_val_00035964, 0.9999979041964323
n03764736_ILSVRC2012_val_00026080, 2.6785030176673557e-08
n04254120_ILSVRC2012_val_00044604, 0.0046191367874979855
n02123394_ILSVRC2012_val_00031180, 0.9998818281914837
n03532672_ILSVRC2012_val_00005540, 0.012849920658137995
n02099712_ILSVRC2012_val_00009984, 0.27524410208489847
n02437312_ILSVRC2012_val_00019200, 1.0
n02165456_ILSVRC2012_val_00036251, 0.8990521559644665
n03871628_ILSVRC2012_val_00042417, 0.0024530914002955703
n04344873_ILSVRC2012_val_00014105, 0.3662590209361688
n02093754_ILSVRC2012_val_00004511, 0.9924097470455967
n07613480_ILSVRC2012_val_00004874, 0.9999733219054497
n03697007_ILSVRC2012_val_00002979, 0.9875473663581875
n02108089_ILSVRC2012_val_00018604, 0.41956266262017256
n03733281_ILSVRC2012_val_00000118, 0.9999982072228839
n03133878_ILSVRC2012_val_00033981, 0.8664331806053807
n02319095_ILSVRC2012_val_00045604, 0.9999999998919753
n01728572_ILSVRC2012_val_00003569, 0.9954233686732162
n03991062_ILSVRC2012_val_00024716, 0.999462253348065
n02892767_ILSVRC2012_val_00000808, 0.009938908793390076
n02441942_ILSVRC2012_val_00007735, 0.9999999999734921
n04141076_ILSVRC2012_val_00008159, 1.0
n02168699_ILSVRC2012_val_00000926, 0.06567123671750512
n02268853_ILSVRC2012_val_00002893, 1.0
n02328150_ILSVRC2012_val_00029632, 0.08299617095345402
n03891251_ILSVRC2012_val_00034159, 0.9798922777106543
n04081281_ILSVRC2012_val_00045105, 0.034126664844300346
n02094433_ILSVRC2012_val_00025821, 0.2299627579831381
n03662601_ILSVRC2012_val_00014119, 0.9999999999999942
n04482393_ILSVRC2012_val_00029793, 0.2062023924410277
n03109150_ILSVRC2012_val_00045314, 1.0
n02978881_ILSVRC2012_val_00001437, 0.4534136349436599
n02281406_ILSVRC2012_val_00024754, 0.9999999999502114
n02443484_ILSVRC2012_val_00014233, 0.3947437216876008
n02128385_ILSVRC2012_val_00042868, 0.14160577483055437
n02799071_ILSVRC2012_val_00036898, 0.6838882552135757
n03930630_ILSVRC2012_val_00023096, 0.6309373408860159
n01883070_ILSVRC2012_val_00045335, 1.0
n09246464_ILSVRC2012_val_00048191, 0.09381113885915977
n04599235_ILSVRC2012_val_00011864, 0.0008681372649121891
n04515003_ILSVRC2012_val_00018323, 0.9999999999999913
n01687978_ILSVRC2012_val_00046258, 1.0
n03710193_ILSVRC2012_val_00043368, 0.9999999892885559
n02423022_ILSVRC2012_val_00013750, 0.9204856095162056
n04487081_ILSVRC2012_val_00008255, 0.9989520686126906
n03775546_ILSVRC2012_val_00011309, 0.9737855099589857
n04026417_ILSVRC2012_val_00002590, 0.2256108381317815
n03791053_ILSVRC2012_val_00010636, 0.9996403179292888
n04229816_ILSVRC2012_val_00008480, 0.07112896358348406
n03372029_ILSVRC2012_val_00025781, 0.0011626236656003227
n03877472_ILSVRC2012_val_00019632, 0.4353067562891955
n02843684_ILSVRC2012_val_00025965, 0.9999999999988494
n02086646_ILSVRC2012_val_00008198, 0.9876479009214637
n02105641_ILSVRC2012_val_00005905, 0.9999977768907649
n03291819_ILSVRC2012_val_00048896, 0.020048939708914446
n02788148_ILSVRC2012_val_00049098, 0.08248306525362757
n07753113_ILSVRC2012_val_00032827, 0.9998667106358903
n02966687_ILSVRC2012_val_00021519, 0.010750589304643704
n02112018_ILSVRC2012_val_00039662, 0.9999843552867667
n02280649_ILSVRC2012_val_00016780, 1.0
n02089867_ILSVRC2012_val_00035767, 0.12501832998223017
n02790996_ILSVRC2012_val_00022044, 0.00017310084478781694
n03017168_ILSVRC2012_val_00020461, 0.09425769584081206
n02085936_ILSVRC2012_val_00034259, 0.0027710936735807316
n02437616_ILSVRC2012_val_00037380, 0.9999999987048371
n02093754_ILSVRC2012_val_00020832, 0.06526730490380316
n02606052_ILSVRC2012_val_00033908, 1.0
n04074963_ILSVRC2012_val_00028651, 0.9999999999999776
n04525038_ILSVRC2012_val_00043142, 0.004182207582608305
n03838899_ILSVRC2012_val_00011452, 1.0
n03709823_ILSVRC2012_val_00007848, 0.9402243981763846
n04332243_ILSVRC2012_val_00048376, 0.002463428959082913
n01616318_ILSVRC2012_val_00040205, 0.9258672196726392
n07734744_ILSVRC2012_val_00019483, 0.4855875310357231
n02066245_ILSVRC2012_val_00015203, 0.9999965939788761
n04192698_ILSVRC2012_val_00047516, 0.004139426814202422
n02105251_ILSVRC2012_val_00021946, 0.06953366821937124
n04009552_ILSVRC2012_val_00033020, 0.9999981199239694
n02110627_ILSVRC2012_val_00029382, 0.12945197423452215
n02091635_ILSVRC2012_val_00041912, 0.009380100618952482
n03045698_ILSVRC2012_val_00000750, 5.783922087094425e-05
n07248320_ILSVRC2012_val_00034391, 0.012342966921550357
n02002724_ILSVRC2012_val_00006487, 0.9999999999999987
n03832673_ILSVRC2012_val_00005161, 0.7679828568045456
n03775071_ILSVRC2012_val_00035830, 0.37625866730232643
n02892201_ILSVRC2012_val_00017464, 0.9486481017293998
n02025239_ILSVRC2012_val_00009210, 0.9999922511939368
n02457408_ILSVRC2012_val_00042228, 1.0
n03124170_ILSVRC2012_val_00020143, 0.9983741990382369
n02106166_ILSVRC2012_val_00009862, 0.9991760277881416
n03843555_ILSVRC2012_val_00047130, 0.9824967339270926
n02105412_ILSVRC2012_val_00017056, 0.9999967923994927
n04263257_ILSVRC2012_val_00037205, 0.5725028032930073
n02687172_ILSVRC2012_val_00042849, 0.04353267646474277
n03133878_ILSVRC2012_val_00012686, 0.9729523227239825
n04154565_ILSVRC2012_val_00041073, 0.44851673732759284
n01981276_ILSVRC2012_val_00021241, 0.10903123352300373
n03947888_ILSVRC2012_val_00012447, 0.874951867656993
n03930313_ILSVRC2012_val_00028528, 0.9999999949847123
n03249569_ILSVRC2012_val_00040561, 0.8246813780125917
n02277742_ILSVRC2012_val_00013386, 0.999999999996225
n02437312_ILSVRC2012_val_00013553, 0.17818998608900022
n04317175_ILSVRC2012_val_00035258, 0.04441845299533196
n03868242_ILSVRC2012_val_00024045, 0.11273533723155708
n04456115_ILSVRC2012_val_00035180, 1.0
n02092339_ILSVRC2012_val_00004974, 0.11505973368540891
n02486410_ILSVRC2012_val_00003454, 0.9999946136254545
n02108422_ILSVRC2012_val_00008061, 0.9999987444430588
n03793489_ILSVRC2012_val_00013161, 1.5699786091706432e-07
n02704792_ILSVRC2012_val_00006872, 0.01574215296023698
n09421951_ILSVRC2012_val_00046434, 0.9981120433690326
n01855032_ILSVRC2012_val_00039957, 0.698019970748736
n02319095_ILSVRC2012_val_00029492, 0.9892446387569751
n04162706_ILSVRC2012_val_00011299, 0.7642946580840614
n02782093_ILSVRC2012_val_00022462, 0.9999998492949177
n07718472_ILSVRC2012_val_00025124, 0.999988267573938
n02840245_ILSVRC2012_val_00045462, 1.0
n02484975_ILSVRC2012_val_00037276, 0.9999386932133786
n02951358_ILSVRC2012_val_00015044, 0.9999999567858521
n02106550_ILSVRC2012_val_00049351, 0.9998967093324034
n03452741_ILSVRC2012_val_00028207, 0.34068657388199813
n02089867_ILSVRC2012_val_00033233, 0.3113212371829257
n02106550_ILSVRC2012_val_00045446, 1.0
n02114855_ILSVRC2012_val_00020256, 0.0018196278652621934
n02799071_ILSVRC2012_val_00045333, 0.0901128290767922
n04065272_ILSVRC2012_val_00011890, 0.999999995180572
n02086646_ILSVRC2012_val_00004085, 1.0
n07583066_ILSVRC2012_val_00004206, 0.028923064752297972
n09428293_ILSVRC2012_val_00049343, 0.005471054549808693
n03825788_ILSVRC2012_val_00027341, 0.9712180732876313
n07875152_ILSVRC2012_val_00046458, 0.9999991163150566
n02086646_ILSVRC2012_val_00020031, 0.9996204499128916
n03676483_ILSVRC2012_val_00029251, 1.0
n03197337_ILSVRC2012_val_00011421, 0.4956836196968717
n01775062_ILSVRC2012_val_00039854, 0.999999914139845
n02971356_ILSVRC2012_val_00018554, 0.013784433508287836
n02321529_ILSVRC2012_val_00021501, 0.9989235222478962
n03937543_ILSVRC2012_val_00005967, 0.8610432191735177
n01847000_ILSVRC2012_val_00019313, 0.03873051680892235
n03131574_ILSVRC2012_val_00022199, 0.014530502189817461
n02917067_ILSVRC2012_val_00022891, 0.009711676750291257
n03759954_ILSVRC2012_val_00012172, 0.0004371820375253523
n03933933_ILSVRC2012_val_00041214, 0.9985338635358137
n01873310_ILSVRC2012_val_00007800, 0.06719637272298916
n02134084_ILSVRC2012_val_00042273, 0.038534528648946124
n02206856_ILSVRC2012_val_00038129, 1.0
n04239074_ILSVRC2012_val_00026414, 0.9992415169015367
n01855032_ILSVRC2012_val_00043899, 0.9999999999999998
n04254680_ILSVRC2012_val_00047298, 0.9995318547316007
n02749479_ILSVRC2012_val_00018213, 0.1356206788079846
n03944341_ILSVRC2012_val_00030282, 0.9861960220940756
n01944390_ILSVRC2012_val_00008747, 0.9999999999999998
n01440764_ILSVRC2012_val_00039905, 0.9929291975385411
n03291819_ILSVRC2012_val_00021245, 0.9999931479188113
n03424325_ILSVRC2012_val_00027495, 1.0
n01855032_ILSVRC2012_val_00006555, 0.82159497594076
n02105412_ILSVRC2012_val_00006002, 0.0130558187742599
n04442312_ILSVRC2012_val_00009258, 0.7778190074309586
n02110958_ILSVRC2012_val_00001646, 0.999999999999883
n03930313_ILSVRC2012_val_00031316, 1.0
n02489166_ILSVRC2012_val_00018502, 1.0
n04037443_ILSVRC2012_val_00049700, 0.9562518058616171
n04389033_ILSVRC2012_val_00047296, 0.9822435009684012
n03425413_ILSVRC2012_val_00029203, 0.35052132825247273
n04273569_ILSVRC2012_val_00001204, 0.999999999787472
n03110669_ILSVRC2012_val_00013933, 0.9999999999999727
n02865351_ILSVRC2012_val_00025321, 0.9999981630771871
n03888605_ILSVRC2012_val_00000240, 0.002616579591316017
n07697537_ILSVRC2012_val_00029037, 0.03991307008406471
n12985857_ILSVRC2012_val_00008830, 1.0
n02091134_ILSVRC2012_val_00007933, 0.9999999999999998
n02108422_ILSVRC2012_val_00004963, 0.7129914586895127
n03445924_ILSVRC2012_val_00007926, 1.0
n01945685_ILSVRC2012_val_00016138, 0.9992173759798398
n01534433_ILSVRC2012_val_00021650, 1.0
n07932039_ILSVRC2012_val_00012666, 0.026791942590247184
n02963159_ILSVRC2012_val_00000061, 0.19747562370984761
n01677366_ILSVRC2012_val_00046407, 1.0
n02687172_ILSVRC2012_val_00012111, 0.9999999963106718
n02113712_ILSVRC2012_val_00001234, 0.18083085684632816
n03763968_ILSVRC2012_val_00021649, 0.9999999992108646
n03450230_ILSVRC2012_val_00004145, 0.07389481445035313
n02492035_ILSVRC2012_val_00004190, 0.9999999999999998
n01729977_ILSVRC2012_val_00040468, 0.7122903665117828
n02423022_ILSVRC2012_val_00046413, 1.0
n03459775_ILSVRC2012_val_00016475, 0.9998175080330615
n03649909_ILSVRC2012_val_00001839, 0.5346030514128998
n03089624_ILSVRC2012_val_00025257, 6.47782311425911e-06
n01819313_ILSVRC2012_val_00023805, 0.9996224449460689
n02494079_ILSVRC2012_val_00024582, 1.0
n01770081_ILSVRC2012_val_00015566, 1.0
n03400231_ILSVRC2012_val_00009309, 0.9859347448197537
n04493381_ILSVRC2012_val_00020768, 0.4485193720507957
n02859443_ILSVRC2012_val_00019378, 0.26631389453820403
n02091467_ILSVRC2012_val_00029705, 0.999653290576434
n02666196_ILSVRC2012_val_00016236, 1.0
n04380533_ILSVRC2012_val_00033933, 0.038498867232755606
n01532829_ILSVRC2012_val_00013456, 0.04601442127846661
n04554684_ILSVRC2012_val_00001704, 0.20986305810858805
n01739381_ILSVRC2012_val_00036082, 0.44990194663746014
n04099969_ILSVRC2012_val_00001953, 0.3932959102972804
n04398044_ILSVRC2012_val_00022342, 0.058079517540677215
n04357314_ILSVRC2012_val_00031832, 0.1247706353486971
n01773797_ILSVRC2012_val_00018439, 0.9999625087296895
n01855032_ILSVRC2012_val_00011874, 0.9999443122102131
n04347754_ILSVRC2012_val_00004204, 0.9999999999999587
n03109150_ILSVRC2012_val_00020055, 1.0
n02895154_ILSVRC2012_val_00022803, 0.41977489246650757
n03759954_ILSVRC2012_val_00021431, 0.4000533293386397
n02666196_ILSVRC2012_val_00009486, 0.9999998545177332
n04435653_ILSVRC2012_val_00005098, 0.7537634306313964
n01797886_ILSVRC2012_val_00022110, 0.9999999999983096
n02101556_ILSVRC2012_val_00026056, 0.9999999998353475
n03196217_ILSVRC2012_val_00010672, 0.0016945078719749766
n03063689_ILSVRC2012_val_00014889, 0.9999999770005789
n09399592_ILSVRC2012_val_00038398, 0.025676453845245518
n03891251_ILSVRC2012_val_00027250, 0.06280980966944744
n02128385_ILSVRC2012_val_00027464, 0.8917086774549282
n03207941_ILSVRC2012_val_00045536, 1.0
n03445777_ILSVRC2012_val_00040694, 0.9937205724516994
n01534433_ILSVRC2012_val_00003878, 0.42959836482388425
n02687172_ILSVRC2012_val_00026474, 0.9969756635933421
n02791270_ILSVRC2012_val_00018446, 0.11381382581412089
n02098105_ILSVRC2012_val_00041118, 0.9968358473199744
n04542943_ILSVRC2012_val_00015462, 1.0
n02504013_ILSVRC2012_val_00020120, 0.9926774926252502
n02102177_ILSVRC2012_val_00006404, 0.9995797824513475
n01855032_ILSVRC2012_val_00027070, 0.061263312731997734
n04037443_ILSVRC2012_val_00022017, 0.1443311501707731
n01632458_ILSVRC2012_val_00010462, 1.0
n03447721_ILSVRC2012_val_00002831, 0.00021382274420508033
n01990800_ILSVRC2012_val_00003738, 0.9999999999999964
n02113023_ILSVRC2012_val_00035161, 0.9999999999999971
n02098105_ILSVRC2012_val_00016567, 0.9837512671734686
n02114367_ILSVRC2012_val_00031414, 0.9778662526750741
n04228054_ILSVRC2012_val_00045586, 0.9999684822781917
n04592741_ILSVRC2012_val_00016728, 0.38507869650637444
n01860187_ILSVRC2012_val_00007423, 0.9999994900110881
n01698640_ILSVRC2012_val_00011243, 1.0
n02892201_ILSVRC2012_val_00032820, 0.9974970497012395
n03047690_ILSVRC2012_val_00015235, 0.9999999999999996
n02823750_ILSVRC2012_val_00046210, 0.9934658257323923
n07932039_ILSVRC2012_val_00015438, 0.3430514166954826
n02606052_ILSVRC2012_val_00045650, 0.9994853781199945
n03160309_ILSVRC2012_val_00044900, 0.07310585964151003
n03355925_ILSVRC2012_val_00038515, 0.7169520198488387
n02106382_ILSVRC2012_val_00011917, 0.06649042380617379
n02226429_ILSVRC2012_val_00000972, 0.9999999998545581
n04131690_ILSVRC2012_val_00011286, 0.9669843890098632
n03956157_ILSVRC2012_val_00039438, 0.9988396067620715
n03876231_ILSVRC2012_val_00023132, 0.8017986035614391
n03240683_ILSVRC2012_val_00019875, 0.9999999999999993
n02494079_ILSVRC2012_val_00005135, 0.9999996253230923
n04252077_ILSVRC2012_val_00035620, 0.6279456483475788
n03314780_ILSVRC2012_val_00042169, 0.0031915188325827735
n02066245_ILSVRC2012_val_00048116, 0.3436239128532193
n02097130_ILSVRC2012_val_00041568, 0.022083753543868677
n01693334_ILSVRC2012_val_00023753, 0.4908308623040213
n02398521_ILSVRC2012_val_00027472, 0.17510599935250282
n02814533_ILSVRC2012_val_00029057, 0.03904437814373789
n01914609_ILSVRC2012_val_00046254, 0.2035652779695379
n02497673_ILSVRC2012_val_00014914, 0.26643429434832716
n02965783_ILSVRC2012_val_00031605, 0.9999999999999998
n02085782_ILSVRC2012_val_00001225, 0.9999925970776489
n02481823_ILSVRC2012_val_00020869, 0.9999999738635048
n04152593_ILSVRC2012_val_00041664, 0.006464107959049476
n02229544_ILSVRC2012_val_00016276, 0.9999999999446252
n03481172_ILSVRC2012_val_00045395, 0.006904566449743835
n03825788_ILSVRC2012_val_00026454, 0.9999996309857696
n01817953_ILSVRC2012_val_00028862, 1.0
n02966193_ILSVRC2012_val_00030310, 0.9999999999999936
n01749939_ILSVRC2012_val_00006403, 0.05060517874970128
n01990800_ILSVRC2012_val_00041213, 0.0001472866299997011
n04317175_ILSVRC2012_val_00029515, 0.9999999999997053
n04141076_ILSVRC2012_val_00015586, 1.0
n02119789_ILSVRC2012_val_00033561, 0.9980303693182924
n03759954_ILSVRC2012_val_00009296, 0.9982834536279731
n02504458_ILSVRC2012_val_00017097, 0.9999998853026051
n07873807_ILSVRC2012_val_00007709, 0.999998274445424
n01484850_ILSVRC2012_val_00002338, 0.9999992363891304
n02128757_ILSVRC2012_val_00019816, 0.7127617510815343
n04347754_ILSVRC2012_val_00020107, 0.0013481284338550958
n03372029_ILSVRC2012_val_00048013, 4.5285664353459065e-08
n03127925_ILSVRC2012_val_00034903, 0.09784300516903627
n01943899_ILSVRC2012_val_00010096, 0.013384054485102315
n02708093_ILSVRC2012_val_00002853, 0.9992139756111542
n01644900_ILSVRC2012_val_00004427, 0.0017131165917094726
n04476259_ILSVRC2012_val_00034739, 0.4837764987830955
n02892767_ILSVRC2012_val_00005423, 0.037998332280156935
n04592741_ILSVRC2012_val_00019965, 0.9872050942578909
n02123159_ILSVRC2012_val_00016000, 0.18903017423367793
n01819313_ILSVRC2012_val_00030734, 0.9999999999967153
n02113624_ILSVRC2012_val_00044258, 0.04411695015987451
n03481172_ILSVRC2012_val_00021070, 0.9986677850990697
n03100240_ILSVRC2012_val_00022770, 0.9999999379253256
n03180011_ILSVRC2012_val_00021924, 0.1870349338299821
n01443537_ILSVRC2012_val_00012880, 1.0
n02086646_ILSVRC2012_val_00045683, 1.0
n03240683_ILSVRC2012_val_00036010, 0.9999999999999034
n03602883_ILSVRC2012_val_00042275, 0.12442357010908851
n04548280_ILSVRC2012_val_00035461, 0.020238775148845776
n02999410_ILSVRC2012_val_00009078, 0.9999998972631076
n04428191_ILSVRC2012_val_00038893, 0.20386159418994176
n02835271_ILSVRC2012_val_00038409, 0.9999905902770302
n04423845_ILSVRC2012_val_00026002, 0.9999999988099615
n02129165_ILSVRC2012_val_00041380, 0.9990157121649976
n04162706_ILSVRC2012_val_00004653, 0.534651396596654
n03538406_ILSVRC2012_val_00010304, 0.3860158259138866
n04376876_ILSVRC2012_val_00028876, 0.9999999999999993
n04033901_ILSVRC2012_val_00011060, 1.0
n03218198_ILSVRC2012_val_00017861, 0.999997976735838
n03584254_ILSVRC2012_val_00039654, 0.999999996119358
n01806567_ILSVRC2012_val_00035938, 1.0
n01644900_ILSVRC2012_val_00039996, 0.10377138114417751
n03047690_ILSVRC2012_val_00045240, 0.2607285064353475
n02870880_ILSVRC2012_val_00036412, 0.9999999999865485
n03425413_ILSVRC2012_val_00000732, 0.823127894895177
n03873416_ILSVRC2012_val_00026884, 2.827696860177427e-06
n03290653_ILSVRC2012_val_00028921, 0.9617445284050105
n02486410_ILSVRC2012_val_00014339, 0.9999999328436956
n09229709_ILSVRC2012_val_00012252, 0.999999995590825
n03272010_ILSVRC2012_val_00015207, 0.9999978896692832
n01664065_ILSVRC2012_val_00034795, 0.10397767050842448
n04423845_ILSVRC2012_val_00020705, 0.27290979885186023
n01797886_ILSVRC2012_val_00018626, 0.9999999999881373
n02807133_ILSVRC2012_val_00011615, 1.0
n02536864_ILSVRC2012_val_00029638, 0.9786036319530184
n04560804_ILSVRC2012_val_00043815, 0.3662300291278929
n04259630_ILSVRC2012_val_00032722, 0.8523972474162436
n04074963_ILSVRC2012_val_00040768, 0.9999993268901156
n02111129_ILSVRC2012_val_00018736, 0.9999915805181411
n07716906_ILSVRC2012_val_00038602, 0.9989059147219769
n02091831_ILSVRC2012_val_00031817, 0.42284669315394696
n02930766_ILSVRC2012_val_00041065, 0.000373829076657138
n03065424_ILSVRC2012_val_00001981, 0.9864993787944861
n02783161_ILSVRC2012_val_00010497, 0.16908778917712144
n02268443_ILSVRC2012_val_00031167, 0.9992479371625225
n01756291_ILSVRC2012_val_00001706, 4.159371059083709e-05
n03743016_ILSVRC2012_val_00034079, 0.5977140489749712
n04153751_ILSVRC2012_val_00017334, 1.0
n02894605_ILSVRC2012_val_00013066, 0.07772186096606905
n03899768_ILSVRC2012_val_00017640, 0.009817419935278507
n02101388_ILSVRC2012_val_00017331, 0.9580608938556991
n03018349_ILSVRC2012_val_00047905, 0.9992648522006508
n01784675_ILSVRC2012_val_00047329, 0.029797462405663656
n03770439_ILSVRC2012_val_00046676, 0.39764413724669234
n02114855_ILSVRC2012_val_00039736, 0.9999999354640474
n03388549_ILSVRC2012_val_00016373, 0.02052124388516056
n02802426_ILSVRC2012_val_00038836, 0.9759209767357315
n01945685_ILSVRC2012_val_00008468, 0.9999765990573016
n01644900_ILSVRC2012_val_00044288, 0.00022118751818771325
n03045698_ILSVRC2012_val_00040125, 0.5556749630025385
n03950228_ILSVRC2012_val_00028744, 0.00046320455134211453
n01616318_ILSVRC2012_val_00023247, 1.0
n02094258_ILSVRC2012_val_00000922, 0.9999999999999971
n04200800_ILSVRC2012_val_00006159, 0.9999999999656348
n04389033_ILSVRC2012_val_00034135, 0.9993350150439634
n03602883_ILSVRC2012_val_00022516, 0.06029320132852308
n03776460_ILSVRC2012_val_00026255, 0.9999999999999996
n04515003_ILSVRC2012_val_00003521, 0.09816388119372137
n03291819_ILSVRC2012_val_00037426, 0.8382080748008284
n04209133_ILSVRC2012_val_00029797, 3.746318558973317e-09
n02966687_ILSVRC2012_val_00048395, 0.06379044526012118
n04392985_ILSVRC2012_val_00029362, 0.0005388228195505398
n03445924_ILSVRC2012_val_00013694, 0.9999999807149339
n04254680_ILSVRC2012_val_00040853, 1.0
n02093991_ILSVRC2012_val_00043404, 0.02581891167870442
n04370456_ILSVRC2012_val_00005163, 0.007304102136021629
n02364673_ILSVRC2012_val_00029982, 0.9999999999999898
n03788365_ILSVRC2012_val_00001664, 0.9989792536606447
n04336792_ILSVRC2012_val_00023176, 0.9603919483633844
n02966687_ILSVRC2012_val_00007100, 0.005355914059305865
n02951585_ILSVRC2012_val_00023278, 7.412305458273894e-05
n07768694_ILSVRC2012_val_00012753, 0.6552478195664773
n04591713_ILSVRC2012_val_00027648, 5.089490331376092e-08
n02051845_ILSVRC2012_val_00043668, 1.0
n01981276_ILSVRC2012_val_00030504, 1.0
n07697537_ILSVRC2012_val_00016179, 0.9999476475215929
n02730930_ILSVRC2012_val_00000771, 0.7735313096862266
n03461385_ILSVRC2012_val_00026381, 0.030839901317882914
n01824575_ILSVRC2012_val_00011697, 0.011861715330779319
n04037443_ILSVRC2012_val_00012769, 0.0002131356075259868
n02279972_ILSVRC2012_val_00046963, 0.00011274953266234026
n02071294_ILSVRC2012_val_00033565, 0.251957724617305
n02219486_ILSVRC2012_val_00036555, 0.020555858212810755
n02410509_ILSVRC2012_val_00028745, 0.871232399407057
n07579787_ILSVRC2012_val_00031538, 0.00021352368714671683
n03478589_ILSVRC2012_val_00028658, 1.0
n02692877_ILSVRC2012_val_00006977, 0.9999999999999873
n02092339_ILSVRC2012_val_00022824, 0.8227684891394037
n04493381_ILSVRC2012_val_00031207, 0.37322907341065614
n02104029_ILSVRC2012_val_00014775, 0.3796222447589807
n01824575_ILSVRC2012_val_00002263, 0.9999999999970324
n03884397_ILSVRC2012_val_00013954, 0.999794857146046
n03032252_ILSVRC2012_val_00031248, 0.9999998474198242
n02825657_ILSVRC2012_val_00004291, 0.9710596338128891
n02808440_ILSVRC2012_val_00024866, 0.027273909347329126
n02259212_ILSVRC2012_val_00027387, 0.048686286113651056
n07613480_ILSVRC2012_val_00037294, 0.9999999995400723
n02093256_ILSVRC2012_val_00036989, 0.9931480664249424
n02123045_ILSVRC2012_val_00001341, 0.0033124399863440164
n07753275_ILSVRC2012_val_00018941, 1.0
n02096294_ILSVRC2012_val_00026475, 0.0030739339659764785
n04557648_ILSVRC2012_val_00037544, 0.9939106304141397
n03544143_ILSVRC2012_val_00019475, 1.0
n02457408_ILSVRC2012_val_00024501, 0.9999984026912957
n03063689_ILSVRC2012_val_00042455, 0.17101020195757327
n02486261_ILSVRC2012_val_00007174, 1.0
n02749479_ILSVRC2012_val_00016457, 0.11313372483666773
n02808440_ILSVRC2012_val_00013900, 1.436101387392315e-05
n01744401_ILSVRC2012_val_00044580, 0.9999997616132075
n01630670_ILSVRC2012_val_00021083, 0.9999999999995817
n07711569_ILSVRC2012_val_00015761, 0.9999999999930997
n01986214_ILSVRC2012_val_00024894, 0.5150420834624223
n09256479_ILSVRC2012_val_00007049, 0.9905216167066976
n04285008_ILSVRC2012_val_00007592, 0.14921563955379824
n02948072_ILSVRC2012_val_00012453, 0.000125437499534661
n04560804_ILSVRC2012_val_00011758, 1.1096918136315641e-05
n07760859_ILSVRC2012_val_00039541, 0.9999999896039297
n02123045_ILSVRC2012_val_00044027, 0.02547562477001651
n03630383_ILSVRC2012_val_00004537, 0.999999999999998
n04557648_ILSVRC2012_val_00012968, 0.01933953201177513
n03888605_ILSVRC2012_val_00028863, 0.005594655238217065
n03393912_ILSVRC2012_val_00036114, 0.5695200864204876
n04039381_ILSVRC2012_val_00028105, 0.9999999999999993
n04141076_ILSVRC2012_val_00046661, 0.0003347088567322789
n01860187_ILSVRC2012_val_00033733, 0.9999999999373401
n01984695_ILSVRC2012_val_00004219, 0.9975355287978726
n04596742_ILSVRC2012_val_00042268, 0.19162152891751585
n02025239_ILSVRC2012_val_00026556, 1.0
n03584829_ILSVRC2012_val_00012032, 0.9999610517347528
n04584207_ILSVRC2012_val_00040311, 0.9649317693437093
n03297495_ILSVRC2012_val_00007396, 0.20997443872036392
n01675722_ILSVRC2012_val_00005647, 0.9999994508963286
n01729977_ILSVRC2012_val_00010545, 0.9999999959860086
n03902125_ILSVRC2012_val_00019465, 0.9999963112223111
n02113978_ILSVRC2012_val_00046981, 0.9999999995666247
n01843065_ILSVRC2012_val_00044268, 0.9999762843820883
n03337140_ILSVRC2012_val_00028423, 0.9811341520944764
n04005630_ILSVRC2012_val_00017246, 0.0003393133932404809
n01855032_ILSVRC2012_val_00031879, 0.9995888905144764
n03131574_ILSVRC2012_val_00040407, 0.994187699744438
n07715103_ILSVRC2012_val_00048429, 0.9918210115809393
n03976657_ILSVRC2012_val_00025930, 0.19295543226092837
n03874599_ILSVRC2012_val_00024366, 7.16359126691297e-13
n04336792_ILSVRC2012_val_00005839, 0.26923572779117766
n03657121_ILSVRC2012_val_00017890, 0.997298848831505
n04049303_ILSVRC2012_val_00040866, 0.9175958957936728
n02486261_ILSVRC2012_val_00041861, 0.9999999999999662
n02860847_ILSVRC2012_val_00037897, 0.8089071474687439
n02165456_ILSVRC2012_val_00017406, 1.0
n04517823_ILSVRC2012_val_00028443, 1.0
n03954731_ILSVRC2012_val_00037757, 0.9999999381275357
n01773549_ILSVRC2012_val_00029496, 0.9999937461473041
n02086240_ILSVRC2012_val_00042523, 1.0
n02099601_ILSVRC2012_val_00013611, 0.008475651333921435
n02128925_ILSVRC2012_val_00031686, 0.9999999999993581
n03773504_ILSVRC2012_val_00016766, 0.33874044255728014
n02454379_ILSVRC2012_val_00002448, 1.0
n04523525_ILSVRC2012_val_00041517, 0.894667978386691
n03724870_ILSVRC2012_val_00009544, 0.41240652533566236
n01847000_ILSVRC2012_val_00011584, 0.07224389908887317
n04346328_ILSVRC2012_val_00000522, 0.9997492037556963
n01817953_ILSVRC2012_val_00017242, 1.0
n02106550_ILSVRC2012_val_00019107, 0.9786499677819277
n01910747_ILSVRC2012_val_00000063, 0.984120212141104
n02441942_ILSVRC2012_val_00042483, 0.9999999952015812
n03124170_ILSVRC2012_val_00039750, 0.6421072439371444
n03796401_ILSVRC2012_val_00025674, 0.0016287472039009558
n07717410_ILSVRC2012_val_00010479, 1.0
n04483307_ILSVRC2012_val_00049859, 0.8178140500187745
n02423022_ILSVRC2012_val_00003125, 0.23467952102390327
n02066245_ILSVRC2012_val_00004755, 0.5556159791186231
n07831146_ILSVRC2012_val_00007802, 0.8444710098061302
n02817516_ILSVRC2012_val_00031320, 0.9997798890668406
n04599235_ILSVRC2012_val_00015111, 4.845846614717881e-06
n01882714_ILSVRC2012_val_00015072, 0.9989403851096428
n03724870_ILSVRC2012_val_00031381, 0.4505885088019227
n07745940_ILSVRC2012_val_00004428, 0.9992629232443723
n03961711_ILSVRC2012_val_00019084, 0.0014398580013298718
n01641577_ILSVRC2012_val_00003748, 1.0
n04532670_ILSVRC2012_val_00022338, 0.7267954059396949
n03372029_ILSVRC2012_val_00046205, 0.041151459748849206
n12768682_ILSVRC2012_val_00031830, 0.999999979637141
n01795545_ILSVRC2012_val_00028545, 1.0
n04579432_ILSVRC2012_val_00001734, 0.7607552476303758
n02834397_ILSVRC2012_val_00035630, 1.0
n03388043_ILSVRC2012_val_00024660, 0.9319019757153708
n04033901_ILSVRC2012_val_00002345, 0.9999999973169942
n04542943_ILSVRC2012_val_00028926, 0.031688585204388324
n03873416_ILSVRC2012_val_00016980, 0.009113384183858896
n07742313_ILSVRC2012_val_00046718, 0.9551552777318001
n11879895_ILSVRC2012_val_00003137, 0.6236738084928869
n01944390_ILSVRC2012_val_00022381, 1.0
n02264363_ILSVRC2012_val_00001466, 0.9999999999782698
n02011460_ILSVRC2012_val_00042193, 1.0
n02123159_ILSVRC2012_val_00039553, 0.29086887926595834
n03146219_ILSVRC2012_val_00034509, 0.2108973768666099
n02492035_ILSVRC2012_val_00041232, 0.9999999351512139
n04515003_ILSVRC2012_val_00002400, 0.6118109850112724
n03459775_ILSVRC2012_val_00025067, 0.023234608127605708
n04589890_ILSVRC2012_val_00010471, 0.0209377418519844
n03290653_ILSVRC2012_val_00010346, 0.9979104013156123
n02058221_ILSVRC2012_val_00040987, 0.9831288833168933
n02497673_ILSVRC2012_val_00030131, 0.0015927787130726773
n04380533_ILSVRC2012_val_00019316, 0.9976212740528322
n03127747_ILSVRC2012_val_00041350, 0.9869175844934941
n02412080_ILSVRC2012_val_00048771, 0.11213828440924135
n02797295_ILSVRC2012_val_00023355, 0.08620708741777236
n02483708_ILSVRC2012_val_00037156, 0.9999999146702727
n03937543_ILSVRC2012_val_00043001, 0.9996655030516256
n04604644_ILSVRC2012_val_00024728, 0.9999999137023498
n01665541_ILSVRC2012_val_00022588, 0.003586425442781662
n03325584_ILSVRC2012_val_00018101, 0.9926850616022865
n01955084_ILSVRC2012_val_00024870, 0.02600994727718494
n02092339_ILSVRC2012_val_00044611, 0.99999999999975
n04133789_ILSVRC2012_val_00037599, 0.9999996264302872
n04146614_ILSVRC2012_val_00005166, 0.9998727772085307
n02165105_ILSVRC2012_val_00003852, 0.9497967243346452
n02415577_ILSVRC2012_val_00012720, 1.0
n02108000_ILSVRC2012_val_00049574, 0.8294195493535728
n04372370_ILSVRC2012_val_00036463, 0.0014070401538998796
n04552348_ILSVRC2012_val_00047865, 0.992814225939401
n02500267_ILSVRC2012_val_00003500, 0.9987640517012248
n02492660_ILSVRC2012_val_00008878, 0.0014854545018279505
n01675722_ILSVRC2012_val_00031103, 1.0
n03788365_ILSVRC2012_val_00015159, 0.9999999166022572
n03160309_ILSVRC2012_val_00031189, 0.7222109758528727
n03630383_ILSVRC2012_val_00019735, 0.49683875803688005
n02825657_ILSVRC2012_val_00018146, 0.3093360550408095
n03649909_ILSVRC2012_val_00022230, 0.31090700974405006
n02094114_ILSVRC2012_val_00019305, 0.0009237905143303592
n04553703_ILSVRC2012_val_00003795, 0.999999999937967
n02095570_ILSVRC2012_val_00024464, 0.6214235294730902
n02112350_ILSVRC2012_val_00014547, 0.9999999999893892
n04238763_ILSVRC2012_val_00028688, 1.0
n03065424_ILSVRC2012_val_00020368, 4.1053927000927586e-05
n02231487_ILSVRC2012_val_00047601, 0.9999997604618117
n04254680_ILSVRC2012_val_00038483, 1.0
n07715103_ILSVRC2012_val_00005776, 0.06652352602357445
n04005630_ILSVRC2012_val_00031106, 0.2632853221574985
n01950731_ILSVRC2012_val_00011651, 0.3944330802366699
n04483307_ILSVRC2012_val_00048457, 0.9958620037540352
n03777754_ILSVRC2012_val_00022796, 0.7044147099846273
n09428293_ILSVRC2012_val_00002544, 0.016644157987729762
n03930313_ILSVRC2012_val_00004063, 0.08400506486588388
n02927161_ILSVRC2012_val_00043322, 1.0306701469011133e-06
n07831146_ILSVRC2012_val_00034117, 0.5043709991966671
n04612504_ILSVRC2012_val_00045388, 0.9999992586906408
n03649909_ILSVRC2012_val_00049371, 0.6110435815228473
n01817953_ILSVRC2012_val_00012003, 0.999559957727444
n02834397_ILSVRC2012_val_00043290, 0.9999994544855291
n04311174_ILSVRC2012_val_00013300, 0.48938733355901104
n02814860_ILSVRC2012_val_00005131, 1.0
n02093428_ILSVRC2012_val_00039832, 0.00012646053539054158
n02807133_ILSVRC2012_val_00016691, 0.9807398974112373
n04023962_ILSVRC2012_val_00010977, 0.9999999999999449
n02814533_ILSVRC2012_val_00016314, 0.9999999999492675
n02124075_ILSVRC2012_val_00010417, 0.04894411282656616
n01818515_ILSVRC2012_val_00048027, 0.03302310270726552
n01729977_ILSVRC2012_val_00021750, 0.8160160626405066
n03220513_ILSVRC2012_val_00044722, 0.1688145502665981
n01784675_ILSVRC2012_val_00004136, 0.029339838081868613
n01692333_ILSVRC2012_val_00036849, 1.0
n01667114_ILSVRC2012_val_00026202, 0.9570240316700204
n02804610_ILSVRC2012_val_00011135, 0.04445702046625294
n04263257_ILSVRC2012_val_00025811, 0.09887938884006772
n04591713_ILSVRC2012_val_00024147, 0.6109789800982961
n02006656_ILSVRC2012_val_00013110, 0.8212405144998653
n07760859_ILSVRC2012_val_00047777, 0.9995120015582278
n02110806_ILSVRC2012_val_00030771, 0.003419691593572427
n04147183_ILSVRC2012_val_00015783, 0.09512900353531409
n04141327_ILSVRC2012_val_00038141, 0.059224153068900894
n01882714_ILSVRC2012_val_00046155, 0.1401541452062319
n13040303_ILSVRC2012_val_00025446, 0.9999999999999991
n04266014_ILSVRC2012_val_00048263, 0.9999999894969601
n03633091_ILSVRC2012_val_00002347, 0.9999974676969908
n01748264_ILSVRC2012_val_00014620, 0.9999999999999927
n03787032_ILSVRC2012_val_00044851, 0.13569635783667056
n01498041_ILSVRC2012_val_00042175, 3.802203374434201e-05
n04147183_ILSVRC2012_val_00009142, 0.9866862922260478
n02835271_ILSVRC2012_val_00026292, 0.9999038303929252
n03950228_ILSVRC2012_val_00034799, 0.021554863167085096
n04591157_ILSVRC2012_val_00022572, 0.0010455846086571056
n03404251_ILSVRC2012_val_00038511, 0.9999989960983175
n01518878_ILSVRC2012_val_00039355, 0.9999245776059942
n01698640_ILSVRC2012_val_00003688, 0.9999999999999916
n07875152_ILSVRC2012_val_00022876, 0.9737594071353903
n07860988_ILSVRC2012_val_00019221, 0.36587301653715304
n03908618_ILSVRC2012_val_00008762, 1.0
n02091467_ILSVRC2012_val_00004996, 4.170757658365299e-06
n01494475_ILSVRC2012_val_00035367, 0.4645215878056544
n04599235_ILSVRC2012_val_00027561, 0.0011890723267227645
n01697457_ILSVRC2012_val_00008146, 0.9999998036325889
n01739381_ILSVRC2012_val_00029979, 0.9999999928191374
n04099969_ILSVRC2012_val_00017631, 0.9922340146730326
n03372029_ILSVRC2012_val_00008240, 0.9999999990469475
n03825788_ILSVRC2012_val_00048248, 0.9997701257031313
n03594734_ILSVRC2012_val_00048648, 0.999999999999978
n07836838_ILSVRC2012_val_00030686, 1.0
n07920052_ILSVRC2012_val_00028753, 0.0017606517700617
n03617480_ILSVRC2012_val_00035822, 0.05283340094667371
n03929660_ILSVRC2012_val_00036654, 0.9999999049519871
n03125729_ILSVRC2012_val_00019971, 5.6354961324585096e-06
n04442312_ILSVRC2012_val_00021748, 0.9855860761017969
n04325704_ILSVRC2012_val_00032664, 0.006492551681161817
n02089867_ILSVRC2012_val_00037305, 0.9999999997024474
n03530642_ILSVRC2012_val_00025146, 0.0006953248438486341
n01784675_ILSVRC2012_val_00039488, 0.9999999999995635
n04252077_ILSVRC2012_val_00033043, 1.0
n13037406_ILSVRC2012_val_00030151, 1.0
n03706229_ILSVRC2012_val_00046324, 3.018231078230749e-06
n03961711_ILSVRC2012_val_00027431, 0.9995823657279113
n02229544_ILSVRC2012_val_00003997, 0.2195930036590186
n01608432_ILSVRC2012_val_00033214, 0.9067949022131977
n02123045_ILSVRC2012_val_00047911, 0.04837200490185688
n03529860_ILSVRC2012_val_00025630, 0.18631247574476578
n03372029_ILSVRC2012_val_00021414, 1.0
n01484850_ILSVRC2012_val_00028028, 0.9997518517082351
n01843383_ILSVRC2012_val_00014068, 0.9941997644698054
n03633091_ILSVRC2012_val_00014264, 0.08064758903816246
n01631663_ILSVRC2012_val_00016864, 0.0023988253151876393
n02002556_ILSVRC2012_val_00041881, 0.9999999999999998
n03874293_ILSVRC2012_val_00035353, 0.9999999999999905
n01843065_ILSVRC2012_val_00011605, 0.9929169638168017
n03733131_ILSVRC2012_val_00022473, 0.9948802335233732
n04162706_ILSVRC2012_val_00005165, 0.3503062995931958
n02526121_ILSVRC2012_val_00041627, 0.9999992742964596
n01950731_ILSVRC2012_val_00039974, 0.9594783991413027
n03109150_ILSVRC2012_val_00033008, 0.1494349575945436
n02442845_ILSVRC2012_val_00040698, 0.9999998108399015
n03903868_ILSVRC2012_val_00024519, 0.03162858387309366
n03179701_ILSVRC2012_val_00012239, 0.0726474479621789
n02102040_ILSVRC2012_val_00004553, 0.9999921941971712
n03710721_ILSVRC2012_val_00041966, 0.043391192335787275
n04009552_ILSVRC2012_val_00045112, 0.13218290712148906
n01855672_ILSVRC2012_val_00025667, 0.08916559877632575
n06596364_ILSVRC2012_val_00029846, 0.3180762388606823
n03733281_ILSVRC2012_val_00016418, 0.9999999999989364
n03388043_ILSVRC2012_val_00028934, 0.9999876177877801
n03447447_ILSVRC2012_val_00012445, 0.9999995007441592
n07875152_ILSVRC2012_val_00015388, 0.769604154880565
n01491361_ILSVRC2012_val_00030658, 0.009569592705404412
n02988304_ILSVRC2012_val_00003491, 0.4517150777821587
n02500267_ILSVRC2012_val_00007243, 0.9999999998796669
n03791053_ILSVRC2012_val_00039358, 0.9957324197324217
n02325366_ILSVRC2012_val_00013352, 1.0
n03642806_ILSVRC2012_val_00048251, 0.2655065199268965
n01443537_ILSVRC2012_val_00013513, 0.9999999984813381
n02825657_ILSVRC2012_val_00015150, 0.24975645852841366
n03788365_ILSVRC2012_val_00042450, 0.9978519783106955
n04613696_ILSVRC2012_val_00007854, 0.9999999999999989
n01735189_ILSVRC2012_val_00046440, 1.0
n03764736_ILSVRC2012_val_00005478, 0.14784603653084424
n02129165_ILSVRC2012_val_00012343, 0.9996549820566026
n02454379_ILSVRC2012_val_00018686, 0.11111976795210443
n02113978_ILSVRC2012_val_00011202, 0.9999768710136844
n02342885_ILSVRC2012_val_00015181, 0.9999963228674245
n02088094_ILSVRC2012_val_00015990, 0.9999997781758391
n02089078_ILSVRC2012_val_00019462, 0.2590951929323809
n02727426_ILSVRC2012_val_00039440, 0.9974964590433824
n03983396_ILSVRC2012_val_00033968, 0.8290944864338134
n02799071_ILSVRC2012_val_00012189, 1.0
n02843684_ILSVRC2012_val_00006780, 0.9265128270257195
n02085782_ILSVRC2012_val_00043201, 0.9999999999999996
n01514668_ILSVRC2012_val_00028712, 0.24475786523860993
n04019541_ILSVRC2012_val_00009756, 0.9966909655577271
n01751748_ILSVRC2012_val_00033903, 1.0
n03461385_ILSVRC2012_val_00042117, 0.1105679104168397
n03649909_ILSVRC2012_val_00013162, 0.030554412263003736
n02493509_ILSVRC2012_val_00040269, 0.012600128215162387
n03770679_ILSVRC2012_val_00007374, 0.3771857845417069
n02100735_ILSVRC2012_val_00019050, 0.05680719493259785
n02066245_ILSVRC2012_val_00037778, 0.0004925814358259236
n02087394_ILSVRC2012_val_00000077, 0.9978786198695976
n02109047_ILSVRC2012_val_00042206, 1.0
n02096437_ILSVRC2012_val_00003380, 0.9524009246766879
n03961711_ILSVRC2012_val_00042539, 0.9999981334751609
n03467068_ILSVRC2012_val_00049891, 0.7349551486721015
n03803284_ILSVRC2012_val_00027961, 0.2905904368331813
n02025239_ILSVRC2012_val_00028187, 0.9999999999984657
n04485082_ILSVRC2012_val_00035926, 0.009548171352524941
n03028079_ILSVRC2012_val_00033509, 0.908925288323039
n02172182_ILSVRC2012_val_00011085, 1.0
n01558993_ILSVRC2012_val_00007667, 1.0
n01729977_ILSVRC2012_val_00040950, 0.1798714404087988
n03967562_ILSVRC2012_val_00041970, 0.9926932834146839
n03769881_ILSVRC2012_val_00036750, 0.0846179104924388
n02106550_ILSVRC2012_val_00034771, 0.9838786598654955
n02190166_ILSVRC2012_val_00036434, 0.6258333399299141
n02006656_ILSVRC2012_val_00008978, 1.0
n01664065_ILSVRC2012_val_00020141, 0.9999999870838998
n03127747_ILSVRC2012_val_00025383, 0.009413885649810704
n04509417_ILSVRC2012_val_00017279, 0.39620857020844613
n04560804_ILSVRC2012_val_00034852, 0.22290670176206387
n02109525_ILSVRC2012_val_00049356, 0.9999999998910192
n02699494_ILSVRC2012_val_00013048, 0.9577319565868719
n02120505_ILSVRC2012_val_00043421, 0.9999939181337067
n03977966_ILSVRC2012_val_00007655, 0.2856384248142375
n01728920_ILSVRC2012_val_00047852, 1.0
n03720891_ILSVRC2012_val_00047710, 0.999999999999865
n03126707_ILSVRC2012_val_00038795, 0.9999383252817559
n03840681_ILSVRC2012_val_00023297, 1.0
n02403003_ILSVRC2012_val_00009046, 0.9999999997011981
n03187595_ILSVRC2012_val_00029045, 0.9999999999999614
n02342885_ILSVRC2012_val_00039968, 0.9973718983214798
n02417914_ILSVRC2012_val_00003685, 0.9960426034984888
n04532670_ILSVRC2012_val_00044782, 0.04010720772386451
n02676566_ILSVRC2012_val_00005467, 0.007139652051057796
n09428293_ILSVRC2012_val_00043977, 0.9999974599001278
n03127925_ILSVRC2012_val_00027797, 0.22747367908429048
n03065424_ILSVRC2012_val_00040791, 0.999981401216045
n02107312_ILSVRC2012_val_00034324, 0.01032335038227687
n02087394_ILSVRC2012_val_00001651, 0.7022888591785482
n04127249_ILSVRC2012_val_00002068, 0.8044403581975038
n09246464_ILSVRC2012_val_00019597, 0.6851384279385729
n02910353_ILSVRC2012_val_00046056, 0.00449994625866663
n02013706_ILSVRC2012_val_00045911, 1.0
n04125021_ILSVRC2012_val_00001169, 0.9440523395834359
n02259212_ILSVRC2012_val_00028692, 0.0006546363068521692
n04264628_ILSVRC2012_val_00044098, 0.28016779376248235
n03355925_ILSVRC2012_val_00012078, 1.0
n03042490_ILSVRC2012_val_00033943, 0.4872827247830652
n01985128_ILSVRC2012_val_00003119, 0.0026999193651317233
n02417914_ILSVRC2012_val_00023489, 0.9994391836313392
n03325584_ILSVRC2012_val_00034182, 0.9999999988316384
n04116512_ILSVRC2012_val_00015288, 0.999999999975854
n01753488_ILSVRC2012_val_00034461, 0.016148659045796595
n02992529_ILSVRC2012_val_00005705, 0.9999087679360507
n03085013_ILSVRC2012_val_00044090, 0.9969015871271125
n03908618_ILSVRC2012_val_00012965, 0.05517272629372046
n03743016_ILSVRC2012_val_00020640, 0.7995861228311412
n02509815_ILSVRC2012_val_00012980, 1.0
n02860847_ILSVRC2012_val_00003099, 0.9798578028535504
n04336792_ILSVRC2012_val_00016751, 5.8691924199589916e-05
n02676566_ILSVRC2012_val_00019450, 0.006497777228360738
n03706229_ILSVRC2012_val_00016942, 0.999435313062669
n02492660_ILSVRC2012_val_00047185, 0.7074829748686791
n07880968_ILSVRC2012_val_00031146, 0.9999822496090718
n01737021_ILSVRC2012_val_00009042, 0.006618982413880863
n04548362_ILSVRC2012_val_00003108, 0.9999999980742527
n02086079_ILSVRC2012_val_00041109, 0.03267541708241811
n01443537_ILSVRC2012_val_00022138, 0.999999996718465
n02837789_ILSVRC2012_val_00036936, 0.9999923155089563
n02892201_ILSVRC2012_val_00033978, 0.7014839341936132
n02099267_ILSVRC2012_val_00019226, 0.74987627609404
n02112018_ILSVRC2012_val_00044585, 0.9998773969241214
n02111500_ILSVRC2012_val_00029490, 0.9831160931293448
n03666591_ILSVRC2012_val_00009465, 0.9999999948132576
n04041544_ILSVRC2012_val_00008193, 0.11188322532166098
n02823750_ILSVRC2012_val_00037744, 0.9999999951973746
n04263257_ILSVRC2012_val_00034989, 0.19436489820591316
n02110063_ILSVRC2012_val_00005575, 0.9999999999950384
n01806567_ILSVRC2012_val_00026021, 1.0
n04350905_ILSVRC2012_val_00030307, 0.9999999206743165
n03661043_ILSVRC2012_val_00000715, 0.011793081975624673
n04200800_ILSVRC2012_val_00048329, 0.6571468580278894
n03658185_ILSVRC2012_val_00008145, 0.012681687654846377
n09288635_ILSVRC2012_val_00030256, 0.9999030289061329
n02823750_ILSVRC2012_val_00010130, 0.9999999999999782
n02108000_ILSVRC2012_val_00002492, 0.851540134384721
n02807133_ILSVRC2012_val_00006861, 0.04636786047155048
n03188531_ILSVRC2012_val_00014675, 0.9999483454534357
n02056570_ILSVRC2012_val_00011062, 0.9999953359937535
n03445777_ILSVRC2012_val_00022792, 0.9999695366660284
n07697537_ILSVRC2012_val_00042412, 0.9999993563880075
n02415577_ILSVRC2012_val_00019055, 0.9999160832852514
n03899768_ILSVRC2012_val_00011183, 0.8706407739926072
n01773797_ILSVRC2012_val_00007677, 0.10615671627433583
n03485407_ILSVRC2012_val_00036135, 0.9243502212875739
n02361337_ILSVRC2012_val_00038028, 0.9999595813606332
n01558993_ILSVRC2012_val_00019038, 1.0
n04252077_ILSVRC2012_val_00029893, 0.9999546229068083
n03483316_ILSVRC2012_val_00043382, 0.0004091763956162945
n04041544_ILSVRC2012_val_00047817, 0.9119880112369271
n02037110_ILSVRC2012_val_00002738, 0.2531676842257846
n04398044_ILSVRC2012_val_00030441, 0.037407990422201755
n01795545_ILSVRC2012_val_00035601, 0.9999962614234728
n02814533_ILSVRC2012_val_00027081, 0.9999999209515875
n03291819_ILSVRC2012_val_00003352, 0.22452602569137256
n02124075_ILSVRC2012_val_00007023, 0.5391198714189355
n02804414_ILSVRC2012_val_00017317, 3.760983968967009e-06
n02112018_ILSVRC2012_val_00019822, 0.9999910617228186
n03325584_ILSVRC2012_val_00007741, 1.0
n03457902_ILSVRC2012_val_00014654, 0.9999999999999949
n01748264_ILSVRC2012_val_00035976, 0.782694753733512
n03709823_ILSVRC2012_val_00032247, 0.04934095870721391
n02007558_ILSVRC2012_val_00019951, 0.9999996945620211
n02128925_ILSVRC2012_val_00041267, 0.9999999999941571
n02033041_ILSVRC2012_val_00020205, 0.999999997183038
n03888605_ILSVRC2012_val_00008363, 0.9999999283438781
n03131574_ILSVRC2012_val_00016407, 0.980599704913578
n07873807_ILSVRC2012_val_00047524, 0.2656477693046273
n01843383_ILSVRC2012_val_00015673, 1.0
n04428191_ILSVRC2012_val_00003316, 0.999999999656493
n03777754_ILSVRC2012_val_00007543, 0.37277121040006117
n02097130_ILSVRC2012_val_00003758, 0.9999999998249336
n03764736_ILSVRC2012_val_00002470, 1.0
n02487347_ILSVRC2012_val_00022040, 0.9998117996264174
n03710721_ILSVRC2012_val_00047553, 0.3801675731422145
n01855032_ILSVRC2012_val_00025130, 0.9999999999853759
n02113023_ILSVRC2012_val_00044237, 0.999999461127528
n04009552_ILSVRC2012_val_00001253, 0.9999999973177693
n04591713_ILSVRC2012_val_00039657, 0.1927991816327549
n01943899_ILSVRC2012_val_00012672, 1.9060826082560943e-06
n02130308_ILSVRC2012_val_00031348, 0.16323189037426
n11939491_ILSVRC2012_val_00004514, 0.6957319025759883
n12620546_ILSVRC2012_val_00029292, 0.9999182300430887
n01530575_ILSVRC2012_val_00037116, 1.0
n02094114_ILSVRC2012_val_00014810, 0.9999975592751597
n01641577_ILSVRC2012_val_00019578, 0.9999999999999851
n02107574_ILSVRC2012_val_00001302, 0.9999999999968447
n02749479_ILSVRC2012_val_00002719, 0.29843614142256025
n03109150_ILSVRC2012_val_00040330, 0.9999999573844436
n02113186_ILSVRC2012_val_00025691, 0.9999999999971305
n03623198_ILSVRC2012_val_00009826, 0.012041735689826309
n02787622_ILSVRC2012_val_00010207, 1.0
n02098286_ILSVRC2012_val_00008945, 0.9999999999890774
n01944390_ILSVRC2012_val_00002602, 0.8998357769781603
n03903868_ILSVRC2012_val_00010953, 0.7612105749578051
n03026506_ILSVRC2012_val_00040934, 0.9999999999932099
n02104365_ILSVRC2012_val_00042768, 0.14673937990462924
n02708093_ILSVRC2012_val_00013244, 0.994730116773717
n13052670_ILSVRC2012_val_00039616, 0.999996589606781
n04366367_ILSVRC2012_val_00004429, 0.14705496859336326
n01843383_ILSVRC2012_val_00005901, 1.0
n03530642_ILSVRC2012_val_00041787, 0.9999999999778686
n03384352_ILSVRC2012_val_00018473, 0.1469077387967587
n04081281_ILSVRC2012_val_00047007, 0.13000730919863449
n04125021_ILSVRC2012_val_00041163, 0.7256535909733414
n04584207_ILSVRC2012_val_00039917, 0.14530924882688193
n01930112_ILSVRC2012_val_00026452, 0.02312133607367523
n04229816_ILSVRC2012_val_00020818, 1.0
n02776631_ILSVRC2012_val_00039610, 0.27522782568553655
n02095570_ILSVRC2012_val_00046610, 0.05227357646114089
n03133878_ILSVRC2012_val_00004670, 0.9999999999978055
n03733131_ILSVRC2012_val_00003505, 0.9999969796635508
n03028079_ILSVRC2012_val_00049943, 0.8888661419243028
n07584110_ILSVRC2012_val_00032735, 1.0
n02094433_ILSVRC2012_val_00043233, 0.7761734041451384
n04204238_ILSVRC2012_val_00015859, 0.4145829995298847
n04486054_ILSVRC2012_val_00040446, 0.9999555203441608
n10148035_ILSVRC2012_val_00022168, 0.9993922788110688
n12267677_ILSVRC2012_val_00024975, 0.9976714755930209
n03494278_ILSVRC2012_val_00021005, 0.9999999848915964
n02963159_ILSVRC2012_val_00049556, 9.793905494592875e-05
n06785654_ILSVRC2012_val_00004597, 0.9972162867748774
n03733281_ILSVRC2012_val_00039998, 0.0012697871575339632
n09256479_ILSVRC2012_val_00008164, 0.003204827123933252
n04536866_ILSVRC2012_val_00046990, 0.3271543364821079
n04398044_ILSVRC2012_val_00014880, 0.31792674650896585
n07753275_ILSVRC2012_val_00030047, 0.9997090055809125
n02363005_ILSVRC2012_val_00023296, 1.0
n01491361_ILSVRC2012_val_00013484, 0.9999999999999996
n03133878_ILSVRC2012_val_00041085, 0.9999999927418732
n04596742_ILSVRC2012_val_00018350, 0.04192873638324154
n02480855_ILSVRC2012_val_00041155, 0.1922952655788381
n04532106_ILSVRC2012_val_00043040, 0.9999999297547757
n03976467_ILSVRC2012_val_00037321, 0.9999941445805978
n02002556_ILSVRC2012_val_00026139, 0.999999991472155
n01774750_ILSVRC2012_val_00035080, 1.0
n03630383_ILSVRC2012_val_00045271, 0.9999993152188842
n02825657_ILSVRC2012_val_00002587, 0.9999251460389762
n04265275_ILSVRC2012_val_00031079, 0.00016971564120563603
n03000247_ILSVRC2012_val_00034857, 0.144920308380905
n07695742_ILSVRC2012_val_00003416, 0.999999999999984
n03047690_ILSVRC2012_val_00018631, 0.050639163805482716
n02979186_ILSVRC2012_val_00017775, 0.1808907438832937
n02113186_ILSVRC2012_val_00022712, 5.378023849289411e-07
n04266014_ILSVRC2012_val_00014262, 1.0
n03623198_ILSVRC2012_val_00017853, 0.0012746461387085268
n04330267_ILSVRC2012_val_00029749, 1.0
n03197337_ILSVRC2012_val_00038776, 0.40918693787566396
n01496331_ILSVRC2012_val_00045936, 0.44440624319739713
n03297495_ILSVRC2012_val_00022933, 0.0015151022688348016
n04040759_ILSVRC2012_val_00012378, 0.9920511453648971
n02105056_ILSVRC2012_val_00036843, 0.001217725479399424
n04067472_ILSVRC2012_val_00012789, 0.003349727790764108
n02088632_ILSVRC2012_val_00010982, 0.301934028876952
n04335435_ILSVRC2012_val_00044131, 0.9968662291355185
n03781244_ILSVRC2012_val_00028364, 0.07800265013691586
n01531178_ILSVRC2012_val_00015903, 0.9999999999998868
n02219486_ILSVRC2012_val_00043616, 0.32352213299418664
n07831146_ILSVRC2012_val_00029301, 0.9999999939111341
n01537544_ILSVRC2012_val_00043965, 1.0
n03272010_ILSVRC2012_val_00001273, 0.00152214572219202
n03670208_ILSVRC2012_val_00013054, 0.008980144638952078
n02096177_ILSVRC2012_val_00032177, 0.9999999862892788
n03710637_ILSVRC2012_val_00003825, 0.24327632515023334
n04479046_ILSVRC2012_val_00043741, 1.0
n02101006_ILSVRC2012_val_00039268, 0.9999999999999996
n03089624_ILSVRC2012_val_00041701, 0.4093449698279867
n01514668_ILSVRC2012_val_00047137, 2.4924757445384774e-07
n04428191_ILSVRC2012_val_00034195, 0.04696689510770885
n04606251_ILSVRC2012_val_00021959, 0.04632351610607312
n04355933_ILSVRC2012_val_00004932, 0.005615307670617365
n01514668_ILSVRC2012_val_00019721, 0.9023009356555872
