n01491361_ILSVRC2012_val_00029300, 0.5818037337055345
n03345487_ILSVRC2012_val_00008602, 0.9704175461403364
n02363005_ILSVRC2012_val_00036380, 0.7127135640482115
n04026417_ILSVRC2012_val_00019863, 0.0
n02134418_ILSVRC2012_val_00022698, 0.0
n03032252_ILSVRC2012_val_00036856, 0.0
n03661043_ILSVRC2012_val_00039081, 0.0
n09399592_ILSVRC2012_val_00039034, 0.8098975193724944
n04311174_ILSVRC2012_val_00031667, 0.9999899731770889
n01532829_ILSVRC2012_val_00000873, 0.0
n06785654_ILSVRC2012_val_00027470, 0.9868084848512751
n02927161_ILSVRC2012_val_00003463, 0.0
n02089078_ILSVRC2012_val_00023966, 0.0
n03633091_ILSVRC2012_val_00006333, 0.0
n03775071_ILSVRC2012_val_00022216, 0.0
n03717622_ILSVRC2012_val_00049910, 0.9903578680752567
n02280649_ILSVRC2012_val_00035898, 0.9999999999991208
n02033041_ILSVRC2012_val_00035363, 0.999999393974324
n03929660_ILSVRC2012_val_00035611, 0.0
n04589890_ILSVRC2012_val_00005806, 0.0
n02093647_ILSVRC2012_val_00033269, 0.9999977087629041
n03016953_ILSVRC2012_val_00014557, 0.5660364109532952
n01755581_ILSVRC2012_val_00038859, 0.7711995773649422
n04049303_ILSVRC2012_val_00010839, 0.0
n02489166_ILSVRC2012_val_00019235, 0.9998053279383753
n07753592_ILSVRC2012_val_00012444, 0.0
n02526121_ILSVRC2012_val_00009459, 0.0
n02730930_ILSVRC2012_val_00003567, 0.9203718723812936
n02974003_ILSVRC2012_val_00023858, 0.0
n02109961_ILSVRC2012_val_00029313, 0.46961765604235794
n04141076_ILSVRC2012_val_00006682, 0.5648885704085858
n11939491_ILSVRC2012_val_00034896, 0.0
n07930864_ILSVRC2012_val_00009249, 0.0
n01739381_ILSVRC2012_val_00046490, 0.9999999999132505
n01820546_ILSVRC2012_val_00005925, 0.0
n04266014_ILSVRC2012_val_00049754, 0.9999999942236506
n02088466_ILSVRC2012_val_00014631, 0.0
n03930313_ILSVRC2012_val_00040562, 0.9999999901885878
n02110627_ILSVRC2012_val_00006933, 0.9790392102469306
n02108422_ILSVRC2012_val_00029363, 0.9999892993964241
n02264363_ILSVRC2012_val_00011783, 0.0
n07584110_ILSVRC2012_val_00006798, 0.5674616459802366
n03417042_ILSVRC2012_val_00004119, 0.0
n04263257_ILSVRC2012_val_00008514, 0.7155836072350906
n01695060_ILSVRC2012_val_00022470, 0.9999996914763171
n03794056_ILSVRC2012_val_00000430, 0.7363981815578078
n04523525_ILSVRC2012_val_00049794, 0.0
n02190166_ILSVRC2012_val_00038774, 0.9999999999222327
n12144580_ILSVRC2012_val_00038919, 0.39215964979221624
n02403003_ILSVRC2012_val_00013190, 0.37966508207766086
n03954731_ILSVRC2012_val_00039935, 0.9530218945557288
n04004767_ILSVRC2012_val_00043636, 0.0
n02814533_ILSVRC2012_val_00024318, 0.0
n01614925_ILSVRC2012_val_00046564, 0.9999999999992142
n04370456_ILSVRC2012_val_00018171, 0.0
n03838899_ILSVRC2012_val_00017944, 0.0
n02165105_ILSVRC2012_val_00031488, 0.9998155925052117
n04254680_ILSVRC2012_val_00008133, 0.9999999970720919
n02916936_ILSVRC2012_val_00012520, 0.0
n02028035_ILSVRC2012_val_00019389, 0.9999999995746341
n02835271_ILSVRC2012_val_00009228, 0.8903009565976553
n04389033_ILSVRC2012_val_00046843, 0.9888862626340084
n04228054_ILSVRC2012_val_00024679, 0.9925185150357433
n02268853_ILSVRC2012_val_00004215, 0.9992291017141745
n03717622_ILSVRC2012_val_00010030, 0.0
n03877845_ILSVRC2012_val_00003937, 0.0
n03041632_ILSVRC2012_val_00040170, 0.0
n02219486_ILSVRC2012_val_00038010, 0.9999045534606567
n03877845_ILSVRC2012_val_00014955, 0.0
n02437312_ILSVRC2012_val_00016586, 0.9982653888451747
n02167151_ILSVRC2012_val_00032023, 0.7953369564019391
n12985857_ILSVRC2012_val_00004103, 0.9874230854747403
n03958227_ILSVRC2012_val_00015775, 0.0
n03459775_ILSVRC2012_val_00004928, 0.999997265392019
n02107312_ILSVRC2012_val_00014780, 0.9999992514268078
n03874293_ILSVRC2012_val_00017941, 0.737802884437863
n03924679_ILSVRC2012_val_00022650, 0.99834125917234
n02074367_ILSVRC2012_val_00033885, 0.9903390859808453
n02480495_ILSVRC2012_val_00017493, 0.0
n03255030_ILSVRC2012_val_00010730, 0.0
n02165105_ILSVRC2012_val_00000768, 0.0
n03788195_ILSVRC2012_val_00044234, 0.9708735993640533
n02927161_ILSVRC2012_val_00011432, 0.0
n02100583_ILSVRC2012_val_00018982, 0.0
n02497673_ILSVRC2012_val_00011144, 1.0
n02841315_ILSVRC2012_val_00012679, 0.0
n07747607_ILSVRC2012_val_00033807, 0.0
n03995372_ILSVRC2012_val_00048981, 0.0
n02107142_ILSVRC2012_val_00028584, 0.0
n02504013_ILSVRC2012_val_00004882, 0.819168179656113
n01641577_ILSVRC2012_val_00013974, 0.9999999999999485
n03223299_ILSVRC2012_val_00048302, 0.0
n07697313_ILSVRC2012_val_00037389, 0.0
n04540053_ILSVRC2012_val_00012002, 0.0
n01530575_ILSVRC2012_val_00045172, 0.9998743266036928
n03673027_ILSVRC2012_val_00034696, 0.0
n02077923_ILSVRC2012_val_00026593, 0.9938962016811177
n04070727_ILSVRC2012_val_00005383, 0.9999999825262099
n03384352_ILSVRC2012_val_00005128, 0.928487278955773
n03876231_ILSVRC2012_val_00004827, 0.0
n03769881_ILSVRC2012_val_00031349, 0.0
n01872401_ILSVRC2012_val_00030772, 0.9999890149209262
n02843684_ILSVRC2012_val_00013138, 0.0
n01910747_ILSVRC2012_val_00035964, 0.9189539844802195
n03764736_ILSVRC2012_val_00026080, 0.0
n04254120_ILSVRC2012_val_00044604, 0.0
n02123394_ILSVRC2012_val_00031180, 0.9998799680288217
n03532672_ILSVRC2012_val_00005540, 0.0
n02099712_ILSVRC2012_val_00009984, 0.0
n02437312_ILSVRC2012_val_00019200, 0.9616114802533295
n02165456_ILSVRC2012_val_00036251, 0.8990521559593846
n03871628_ILSVRC2012_val_00042417, 0.0
n04344873_ILSVRC2012_val_00014105, 0.0
n02093754_ILSVRC2012_val_00004511, 0.9924097455552573
n07613480_ILSVRC2012_val_00004874, 0.9987879201635577
n03697007_ILSVRC2012_val_00002979, 0.9856548150753927
n02108089_ILSVRC2012_val_00018604, 0.0
n03733281_ILSVRC2012_val_00000118, 0.9529231305791731
n03133878_ILSVRC2012_val_00033981, 0.8663539278427489
n02319095_ILSVRC2012_val_00045604, 0.5904238384599727
n01728572_ILSVRC2012_val_00003569, 0.9950958965334162
n03991062_ILSVRC2012_val_00024716, 0.9987202364109906
n02892767_ILSVRC2012_val_00000808, 0.0
n02441942_ILSVRC2012_val_00007735, 0.9999999999723919
n04141076_ILSVRC2012_val_00008159, 0.9999999999999838
n02168699_ILSVRC2012_val_00000926, 0.0
n02268853_ILSVRC2012_val_00002893, 0.9999999999992861
n02328150_ILSVRC2012_val_00029632, 0.0
n03891251_ILSVRC2012_val_00034159, 0.9798922777106439
n04081281_ILSVRC2012_val_00045105, 0.0
n02094433_ILSVRC2012_val_00025821, 0.0
n03662601_ILSVRC2012_val_00014119, 0.9998743810149994
n04482393_ILSVRC2012_val_00029793, 0.0
n03109150_ILSVRC2012_val_00045314, 0.9999999999999762
n02978881_ILSVRC2012_val_00001437, 0.0
n02281406_ILSVRC2012_val_00024754, 0.999388508274582
n02443484_ILSVRC2012_val_00014233, 0.0
n02128385_ILSVRC2012_val_00042868, 0.0
n02799071_ILSVRC2012_val_00036898, 0.25999265313494724
n03930630_ILSVRC2012_val_00023096, 0.27428828759015955
n01883070_ILSVRC2012_val_00045335, 0.7087262777563134
n09246464_ILSVRC2012_val_00048191, 0.0
n04599235_ILSVRC2012_val_00011864, 0.0
n04515003_ILSVRC2012_val_00018323, 0.9999999999484063
n01687978_ILSVRC2012_val_00046258, 0.9957542104065287
n03710193_ILSVRC2012_val_00043368, 0.65925942923255
n02423022_ILSVRC2012_val_00013750, 0.9204856095162055
n04487081_ILSVRC2012_val_00008255, 0.7583296147455361
n03775546_ILSVRC2012_val_00011309, 0.9367978821350237
n04026417_ILSVRC2012_val_00002590, 0.0
n03791053_ILSVRC2012_val_00010636, 0.9777331402677425
n04229816_ILSVRC2012_val_00008480, 0.0
n03372029_ILSVRC2012_val_00025781, 0.0
n03877472_ILSVRC2012_val_00019632, 0.0
n02843684_ILSVRC2012_val_00025965, 0.6322767767120498
n02086646_ILSVRC2012_val_00008198, 0.9876479004144709
n02105641_ILSVRC2012_val_00005905, 0.9999977768907649
n03291819_ILSVRC2012_val_00048896, 0.0
n02788148_ILSVRC2012_val_00049098, 0.0
n07753113_ILSVRC2012_val_00032827, 0.9306308255014781
n02966687_ILSVRC2012_val_00021519, 0.0
n02112018_ILSVRC2012_val_00039662, 0.9994628740363048
n02280649_ILSVRC2012_val_00016780, 0.9999999999376148
n02089867_ILSVRC2012_val_00035767, 0.0
n02790996_ILSVRC2012_val_00022044, 0.0
n03017168_ILSVRC2012_val_00020461, 0.0
n02085936_ILSVRC2012_val_00034259, 0.0
n02437616_ILSVRC2012_val_00037380, 0.999999998701297
n02093754_ILSVRC2012_val_00020832, 0.0
n02606052_ILSVRC2012_val_00033908, 0.99999999999982
n04074963_ILSVRC2012_val_00028651, 0.9989951242402898
n04525038_ILSVRC2012_val_00043142, 0.0
n03838899_ILSVRC2012_val_00011452, 0.9999999768878616
n03709823_ILSVRC2012_val_00007848, 0.9384205941458664
n04332243_ILSVRC2012_val_00048376, 0.0
n01616318_ILSVRC2012_val_00040205, 0.782162164908807
n07734744_ILSVRC2012_val_00019483, 0.0
n02066245_ILSVRC2012_val_00015203, 0.9999965939788485
n04192698_ILSVRC2012_val_00047516, 0.0
n02105251_ILSVRC2012_val_00021946, 0.0
n04009552_ILSVRC2012_val_00033020, 0.9166182424227329
n02110627_ILSVRC2012_val_00029382, 0.0
n02091635_ILSVRC2012_val_00041912, 0.0
n03045698_ILSVRC2012_val_00000750, 0.0
n07248320_ILSVRC2012_val_00034391, 0.0
n02002724_ILSVRC2012_val_00006487, 0.9999999987059792
n03832673_ILSVRC2012_val_00005161, 0.40560055349879537
n03775071_ILSVRC2012_val_00035830, 0.0
n02892201_ILSVRC2012_val_00017464, 0.8945203349900989
n02025239_ILSVRC2012_val_00009210, 0.9999902049463191
n02457408_ILSVRC2012_val_00042228, 0.9999999032495587
n03124170_ILSVRC2012_val_00020143, 0.9983741990360367
n02106166_ILSVRC2012_val_00009862, 0.9982834352206239
n03843555_ILSVRC2012_val_00047130, 0.6199127432000126
n02105412_ILSVRC2012_val_00017056, 0.9999925735940569
n04263257_ILSVRC2012_val_00037205, 0.07503321046320716
n02687172_ILSVRC2012_val_00042849, 0.0
n03133878_ILSVRC2012_val_00012686, 0.9729522236085748
n04154565_ILSVRC2012_val_00041073, 0.0
n01981276_ILSVRC2012_val_00021241, 0.0
n03947888_ILSVRC2012_val_00012447, 0.874951867656993
n03930313_ILSVRC2012_val_00028528, 0.9999850732807355
n03249569_ILSVRC2012_val_00040561, 0.8036472899916305
n02277742_ILSVRC2012_val_00013386, 0.6243961331087695
n02437312_ILSVRC2012_val_00013553, 0.0
n04317175_ILSVRC2012_val_00035258, 0.0
n03868242_ILSVRC2012_val_00024045, 0.0
n04456115_ILSVRC2012_val_00035180, 0.9999760628674323
n02092339_ILSVRC2012_val_00004974, 0.0
n02486410_ILSVRC2012_val_00003454, 0.9941245694252191
n02108422_ILSVRC2012_val_00008061, 0.9999745169911411
n03793489_ILSVRC2012_val_00013161, 0.0
n02704792_ILSVRC2012_val_00006872, 0.0
n09421951_ILSVRC2012_val_00046434, 0.4989931730117499
n01855032_ILSVRC2012_val_00039957, 0.39182277456056525
n02319095_ILSVRC2012_val_00029492, 0.9892446001486239
n04162706_ILSVRC2012_val_00011299, 0.7642272444170162
n02782093_ILSVRC2012_val_00022462, 0.9999998492948968
n07718472_ILSVRC2012_val_00025124, 0.9999614664488874
n02840245_ILSVRC2012_val_00045462, 0.9966148207457842
n02484975_ILSVRC2012_val_00037276, 0.9999386929990658
n02951358_ILSVRC2012_val_00015044, 0.999999365038377
n02106550_ILSVRC2012_val_00049351, 0.9940196526723796
n03452741_ILSVRC2012_val_00028207, 0.0
n02089867_ILSVRC2012_val_00033233, 0.0
n02106550_ILSVRC2012_val_00045446, 0.9690080297308068
n02114855_ILSVRC2012_val_00020256, 0.0
n02799071_ILSVRC2012_val_00045333, 0.0
n04065272_ILSVRC2012_val_00011890, 0.9999999781104206
n02086646_ILSVRC2012_val_00004085, 0.9999999999919827
n07583066_ILSVRC2012_val_00004206, 0.0
n09428293_ILSVRC2012_val_00049343, 0.0
n03825788_ILSVRC2012_val_00027341, 0.9130996551992344
n07875152_ILSVRC2012_val_00046458, 0.9999991162920746
n02086646_ILSVRC2012_val_00020031, 0.7894343012591432
n03676483_ILSVRC2012_val_00029251, 0.9999999929432349
n03197337_ILSVRC2012_val_00011421, 0.0
n01775062_ILSVRC2012_val_00039854, 0.9871800517699674
n02971356_ILSVRC2012_val_00018554, 0.0
n02321529_ILSVRC2012_val_00021501, 0.9989223420896796
n03937543_ILSVRC2012_val_00005967, 0.8405692586500326
n01847000_ILSVRC2012_val_00019313, 0.0
n03131574_ILSVRC2012_val_00022199, 0.0
n02917067_ILSVRC2012_val_00022891, 0.0
n03759954_ILSVRC2012_val_00012172, 0.0
n03933933_ILSVRC2012_val_00041214, 0.9985338622886487
n01873310_ILSVRC2012_val_00007800, 0.0
n02134084_ILSVRC2012_val_00042273, 0.0
n02206856_ILSVRC2012_val_00038129, 0.9864369753296858
n04239074_ILSVRC2012_val_00026414, 0.5188027213875335
n01855032_ILSVRC2012_val_00043899, 0.9999999747590149
n04254680_ILSVRC2012_val_00047298, 0.9995318547316007
n02749479_ILSVRC2012_val_00018213, 0.0
n03944341_ILSVRC2012_val_00030282, 0.918855326853638
n01944390_ILSVRC2012_val_00008747, 0.9999921250348307
n01440764_ILSVRC2012_val_00039905, 0.9747879409965129
n03291819_ILSVRC2012_val_00021245, 0.9999908024326554
n03424325_ILSVRC2012_val_00027495, 0.9413843955054981
n01855032_ILSVRC2012_val_00006555, 0.8215855262953234
n02105412_ILSVRC2012_val_00006002, 0.0
n04442312_ILSVRC2012_val_00009258, 0.5120404526467625
n02110958_ILSVRC2012_val_00001646, 0.9988591003743451
n03930313_ILSVRC2012_val_00031316, 0.9999999999999565
n02489166_ILSVRC2012_val_00018502, 0.9872989818589203
n04037443_ILSVRC2012_val_00049700, 0.48355251902999513
n04389033_ILSVRC2012_val_00047296, 0.9822380704445871
n03425413_ILSVRC2012_val_00029203, 0.0
n04273569_ILSVRC2012_val_00001204, 0.9997792583271708
n03110669_ILSVRC2012_val_00013933, 0.9889062671775563
n02865351_ILSVRC2012_val_00025321, 0.9999979436095723
n03888605_ILSVRC2012_val_00000240, 0.0
n07697537_ILSVRC2012_val_00029037, 0.0
n12985857_ILSVRC2012_val_00008830, 0.5352931624582619
n02091134_ILSVRC2012_val_00007933, 0.9999999999999998
n02108422_ILSVRC2012_val_00004963, 0.7129914537394172
n03445924_ILSVRC2012_val_00007926, 0.647693438458269
n01945685_ILSVRC2012_val_00016138, 0.999203324707474
n01534433_ILSVRC2012_val_00021650, 0.6668576986283536
n07932039_ILSVRC2012_val_00012666, 0.0
n02963159_ILSVRC2012_val_00000061, 0.0
n01677366_ILSVRC2012_val_00046407, 0.9999999996783892
n02687172_ILSVRC2012_val_00012111, 0.6284034715260437
n02113712_ILSVRC2012_val_00001234, 0.0
n03763968_ILSVRC2012_val_00021649, 0.9679783618476061
n03450230_ILSVRC2012_val_00004145, 0.0
n02492035_ILSVRC2012_val_00004190, 0.9992429557281941
n01729977_ILSVRC2012_val_00040468, 0.7122794596208295
n02423022_ILSVRC2012_val_00046413, 0.6991281144301469
n03459775_ILSVRC2012_val_00016475, 0.9180921965466409
n03649909_ILSVRC2012_val_00001839, 0.5332316934747389
n03089624_ILSVRC2012_val_00025257, 0.0
n01819313_ILSVRC2012_val_00023805, 0.9979204046939207
n02494079_ILSVRC2012_val_00024582, 0.9324590750019137
n01770081_ILSVRC2012_val_00015566, 0.9981591103600741
n03400231_ILSVRC2012_val_00009309, 0.985934613419854
n04493381_ILSVRC2012_val_00020768, 0.0
n02859443_ILSVRC2012_val_00019378, 0.0
n02091467_ILSVRC2012_val_00029705, 0.987274626622627
n02666196_ILSVRC2012_val_00016236, 0.9999999999999828
n04380533_ILSVRC2012_val_00033933, 0.0
n01532829_ILSVRC2012_val_00013456, 0.0
n04554684_ILSVRC2012_val_00001704, 0.0
n01739381_ILSVRC2012_val_00036082, 0.0
n04099969_ILSVRC2012_val_00001953, 0.0
n04398044_ILSVRC2012_val_00022342, 0.0
n04357314_ILSVRC2012_val_00031832, 0.0
n01773797_ILSVRC2012_val_00018439, 0.9811610858852248
n01855032_ILSVRC2012_val_00011874, 0.9999442801347481
n04347754_ILSVRC2012_val_00004204, 0.9378295602722505
n03109150_ILSVRC2012_val_00020055, 0.9738661452915027
n02895154_ILSVRC2012_val_00022803, 0.0
n03759954_ILSVRC2012_val_00021431, 0.0
n02666196_ILSVRC2012_val_00009486, 0.9999998545126917
n04435653_ILSVRC2012_val_00005098, 0.7479553865354455
n01797886_ILSVRC2012_val_00022110, 0.999977491310199
n02101556_ILSVRC2012_val_00026056, 0.9999999992904035
n03196217_ILSVRC2012_val_00010672, 0.0
n03063689_ILSVRC2012_val_00014889, 0.9970754942874087
n09399592_ILSVRC2012_val_00038398, 0.0
n03891251_ILSVRC2012_val_00027250, 0.0
n02128385_ILSVRC2012_val_00027464, 0.7993186406527402
n03207941_ILSVRC2012_val_00045536, 0.9999997598253509
n03445777_ILSVRC2012_val_00040694, 0.9922002804545329
n01534433_ILSVRC2012_val_00003878, 0.0
n02687172_ILSVRC2012_val_00026474, 0.9466336559348824
n02791270_ILSVRC2012_val_00018446, 0.0
n02098105_ILSVRC2012_val_00041118, 0.7355839738654342
n04542943_ILSVRC2012_val_00015462, 0.9998269786926886
n02504013_ILSVRC2012_val_00020120, 0.9692992920729052
n02102177_ILSVRC2012_val_00006404, 0.999578208706925
n01855032_ILSVRC2012_val_00027070, 0.0
n04037443_ILSVRC2012_val_00022017, 0.0
n01632458_ILSVRC2012_val_00010462, 0.999999999999923
n03447721_ILSVRC2012_val_00002831, 0.0
n01990800_ILSVRC2012_val_00003738, 0.9776024371807082
n02113023_ILSVRC2012_val_00035161, 0.9999994945952063
n02098105_ILSVRC2012_val_00016567, 0.9262029108842179
n02114367_ILSVRC2012_val_00031414, 0.9776010687777611
n04228054_ILSVRC2012_val_00045586, 0.9999684821049649
n04592741_ILSVRC2012_val_00016728, 0.0
n01860187_ILSVRC2012_val_00007423, 0.9999994889490429
n01698640_ILSVRC2012_val_00011243, 0.8982640098643098
n02892201_ILSVRC2012_val_00032820, 0.9974781029102519
n03047690_ILSVRC2012_val_00015235, 0.9999999994325465
n02823750_ILSVRC2012_val_00046210, 0.8219287693327926
n07932039_ILSVRC2012_val_00015438, 0.0
n02606052_ILSVRC2012_val_00045650, 0.0
n03160309_ILSVRC2012_val_00044900, 0.0
n03355925_ILSVRC2012_val_00038515, 0.7168429783935449
n02106382_ILSVRC2012_val_00011917, 0.0
n02226429_ILSVRC2012_val_00000972, 0.9999841402539633
n04131690_ILSVRC2012_val_00011286, 0.9669843890098632
n03956157_ILSVRC2012_val_00039438, 0.9988396067615991
n03876231_ILSVRC2012_val_00023132, 0.8014463290548114
n03240683_ILSVRC2012_val_00019875, 0.9972462579974424
n02494079_ILSVRC2012_val_00005135, 0.9930396852283686
n04252077_ILSVRC2012_val_00035620, 0.16902493962080994
n03314780_ILSVRC2012_val_00042169, 0.0
n02066245_ILSVRC2012_val_00048116, 0.0
n02097130_ILSVRC2012_val_00041568, 0.0
n01693334_ILSVRC2012_val_00023753, 0.0
n02398521_ILSVRC2012_val_00027472, 0.0
n02814533_ILSVRC2012_val_00029057, 0.0
n01914609_ILSVRC2012_val_00046254, 0.0
n02497673_ILSVRC2012_val_00014914, 0.0
n02965783_ILSVRC2012_val_00031605, 0.5525314656757848
n02085782_ILSVRC2012_val_00001225, 0.9999925967969099
n02481823_ILSVRC2012_val_00020869, 0.9999979020987616
n04152593_ILSVRC2012_val_00041664, 0.0
n02229544_ILSVRC2012_val_00016276, 0.9999979557190406
n03481172_ILSVRC2012_val_00045395, 0.0
n03825788_ILSVRC2012_val_00026454, 0.9890112956749513
n01817953_ILSVRC2012_val_00028862, 0.9999999225978101
n02966193_ILSVRC2012_val_00030310, 0.9999998184323943
n01749939_ILSVRC2012_val_00006403, 0.0
n01990800_ILSVRC2012_val_00041213, 0.0
n04317175_ILSVRC2012_val_00029515, 0.9995836945764919
n04141076_ILSVRC2012_val_00015586, 0.9999557235862612
n02119789_ILSVRC2012_val_00033561, 0.9980299079593364
n03759954_ILSVRC2012_val_00009296, 0.9938864456539723
n02504458_ILSVRC2012_val_00017097, 0.8775384632973944
n07873807_ILSVRC2012_val_00007709, 0.9999981985308504
n01484850_ILSVRC2012_val_00002338, 0.999970530264097
n02128757_ILSVRC2012_val_00019816, 0.7012798703094605
n04347754_ILSVRC2012_val_00020107, 0.0
n03372029_ILSVRC2012_val_00048013, 0.0
n03127925_ILSVRC2012_val_00034903, 0.0
n01943899_ILSVRC2012_val_00010096, 0.0
n02708093_ILSVRC2012_val_00002853, 0.5234703185026642
n01644900_ILSVRC2012_val_00004427, 0.0
n04476259_ILSVRC2012_val_00034739, 0.0
n02892767_ILSVRC2012_val_00005423, 0.0
n04592741_ILSVRC2012_val_00019965, 0.9872050942572469
n02123159_ILSVRC2012_val_00016000, 0.0
n01819313_ILSVRC2012_val_00030734, 0.9981606564752283
n02113624_ILSVRC2012_val_00044258, 0.0
n03481172_ILSVRC2012_val_00021070, 0.9349222752669523
n03100240_ILSVRC2012_val_00022770, 0.8263074947144415
n03180011_ILSVRC2012_val_00021924, 0.0
n01443537_ILSVRC2012_val_00012880, 0.8191440479953813
n02086646_ILSVRC2012_val_00045683, 0.9999999999999967
n03240683_ILSVRC2012_val_00036010, 0.9999953002556997
n03602883_ILSVRC2012_val_00042275, 0.0
n04548280_ILSVRC2012_val_00035461, 0.0
n02999410_ILSVRC2012_val_00009078, 0.9999984960776459
n04428191_ILSVRC2012_val_00038893, 0.0
n02835271_ILSVRC2012_val_00038409, 0.9999905889017643
n04423845_ILSVRC2012_val_00026002, 0.9999999988058773
n02129165_ILSVRC2012_val_00041380, 0.9972943687128503
n04162706_ILSVRC2012_val_00004653, 0.5144281555923319
n03538406_ILSVRC2012_val_00010304, 0.0
n04376876_ILSVRC2012_val_00028876, 0.9999997479215839
n04033901_ILSVRC2012_val_00011060, 0.9999965555014358
n03218198_ILSVRC2012_val_00017861, 0.9999979763216531
n03584254_ILSVRC2012_val_00039654, 0.9999999253328209
n01806567_ILSVRC2012_val_00035938, 0.9999999995008965
n01644900_ILSVRC2012_val_00039996, 0.0
n03047690_ILSVRC2012_val_00045240, 0.0
n02870880_ILSVRC2012_val_00036412, 0.9999999999865485
n03425413_ILSVRC2012_val_00000732, 0.8231278937668701
n03873416_ILSVRC2012_val_00026884, 0.0
n03290653_ILSVRC2012_val_00028921, 0.6416435737377493
n02486410_ILSVRC2012_val_00014339, 0.9509042047678686
n09229709_ILSVRC2012_val_00012252, 0.9999999955908134
n03272010_ILSVRC2012_val_00015207, 0.8575975511252792
n01664065_ILSVRC2012_val_00034795, 0.0
n04423845_ILSVRC2012_val_00020705, 0.0
n01797886_ILSVRC2012_val_00018626, 0.9967314121631556
n02807133_ILSVRC2012_val_00011615, 0.9999999999999706
n02536864_ILSVRC2012_val_00029638, 0.5464473465508832
n04560804_ILSVRC2012_val_00043815, 0.0
n04259630_ILSVRC2012_val_00032722, 0.8523258448765836
n04074963_ILSVRC2012_val_00040768, 0.999999326890107
n02111129_ILSVRC2012_val_00018736, 0.9136543499785051
n07716906_ILSVRC2012_val_00038602, 0.6059214059786358
n02091831_ILSVRC2012_val_00031817, 0.0
n02930766_ILSVRC2012_val_00041065, 0.0
n03065424_ILSVRC2012_val_00001981, 0.985929889748199
n02783161_ILSVRC2012_val_00010497, 0.0
n02268443_ILSVRC2012_val_00031167, 0.9991691071658524
n01756291_ILSVRC2012_val_00001706, 0.0
n03743016_ILSVRC2012_val_00034079, 0.5977036330880512
n04153751_ILSVRC2012_val_00017334, 0.9999457313126787
n02894605_ILSVRC2012_val_00013066, 0.0
n03899768_ILSVRC2012_val_00017640, 0.0
n02101388_ILSVRC2012_val_00017331, 0.6406776057040091
n03018349_ILSVRC2012_val_00047905, 0.974820292175813
n01784675_ILSVRC2012_val_00047329, 0.0
n03770439_ILSVRC2012_val_00046676, 0.0
n02114855_ILSVRC2012_val_00039736, 0.689539237152321
n03388549_ILSVRC2012_val_00016373, 0.0
n02802426_ILSVRC2012_val_00038836, 0.9759209767349513
n01945685_ILSVRC2012_val_00008468, 0.8601525569092017
n01644900_ILSVRC2012_val_00044288, 0.0
n03045698_ILSVRC2012_val_00040125, 0.41311540032169136
n03950228_ILSVRC2012_val_00028744, 0.0
n01616318_ILSVRC2012_val_00023247, 0.9999999935478986
n02094258_ILSVRC2012_val_00000922, 0.9999999920113277
n04200800_ILSVRC2012_val_00006159, 0.9997456979630203
n04389033_ILSVRC2012_val_00034135, 0.8826199932882147
n03602883_ILSVRC2012_val_00022516, 0.0
n03776460_ILSVRC2012_val_00026255, 0.999901359261183
n04515003_ILSVRC2012_val_00003521, 0.0
n03291819_ILSVRC2012_val_00037426, 0.6432367214679726
n04209133_ILSVRC2012_val_00029797, 0.0
n02966687_ILSVRC2012_val_00048395, 0.0
n04392985_ILSVRC2012_val_00029362, 0.0
n03445924_ILSVRC2012_val_00013694, 0.9999999807144971
n04254680_ILSVRC2012_val_00040853, 0.9999721468457242
n02093991_ILSVRC2012_val_00043404, 0.0
n04370456_ILSVRC2012_val_00005163, 0.0
n02364673_ILSVRC2012_val_00029982, 0.9685431085321783
n03788365_ILSVRC2012_val_00001664, 0.7178571408105023
n04336792_ILSVRC2012_val_00023176, 0.9599356323489378
n02966687_ILSVRC2012_val_00007100, 0.0
n02951585_ILSVRC2012_val_00023278, 0.0
n07768694_ILSVRC2012_val_00012753, 0.6298538871693008
n04591713_ILSVRC2012_val_00027648, 0.0
n02051845_ILSVRC2012_val_00043668, 0.9999999998805975
n01981276_ILSVRC2012_val_00030504, 0.9999658124597495
n07697537_ILSVRC2012_val_00016179, 0.9936940857266235
n02730930_ILSVRC2012_val_00000771, 0.7735312900813278
n03461385_ILSVRC2012_val_00026381, 0.0
n01824575_ILSVRC2012_val_00011697, 0.0
n04037443_ILSVRC2012_val_00012769, 0.0
n02279972_ILSVRC2012_val_00046963, 0.0
n02071294_ILSVRC2012_val_00033565, 0.0
n02219486_ILSVRC2012_val_00036555, 0.0
n02410509_ILSVRC2012_val_00028745, 0.8711642331506401
n07579787_ILSVRC2012_val_00031538, 0.0
n03478589_ILSVRC2012_val_00028658, 0.999999996233059
n02692877_ILSVRC2012_val_00006977, 0.9999999991622563
n02092339_ILSVRC2012_val_00022824, 0.8225433116410094
n04493381_ILSVRC2012_val_00031207, 0.0
n02104029_ILSVRC2012_val_00014775, 0.0
n01824575_ILSVRC2012_val_00002263, 0.9999999999970324
n03884397_ILSVRC2012_val_00013954, 0.9997267256508178
n03032252_ILSVRC2012_val_00031248, 0.9080531314266898
n02825657_ILSVRC2012_val_00004291, 0.9710357750577557
n02808440_ILSVRC2012_val_00024866, 0.0
n02259212_ILSVRC2012_val_00027387, 0.0
n07613480_ILSVRC2012_val_00037294, 0.990862002526775
n02093256_ILSVRC2012_val_00036989, 0.993127275145387
n02123045_ILSVRC2012_val_00001341, 0.0
n07753275_ILSVRC2012_val_00018941, 0.9998650125489703
n02096294_ILSVRC2012_val_00026475, 0.0
n04557648_ILSVRC2012_val_00037544, 0.8790026816144636
n03544143_ILSVRC2012_val_00019475, 0.9999999999704364
n02457408_ILSVRC2012_val_00024501, 0.9998169172050602
n03063689_ILSVRC2012_val_00042455, 0.0
n02486261_ILSVRC2012_val_00007174, 0.9999334006120115
n02749479_ILSVRC2012_val_00016457, 0.0
n02808440_ILSVRC2012_val_00013900, 0.0
n01744401_ILSVRC2012_val_00044580, 0.9997895469514082
n01630670_ILSVRC2012_val_00021083, 0.9990809290264882
n07711569_ILSVRC2012_val_00015761, 0.9999973223140453
n01986214_ILSVRC2012_val_00024894, 0.07324345121277781
n09256479_ILSVRC2012_val_00007049, 0.553214981100342
n04285008_ILSVRC2012_val_00007592, 0.0
n02948072_ILSVRC2012_val_00012453, 0.0
n04560804_ILSVRC2012_val_00011758, 0.0
n07760859_ILSVRC2012_val_00039541, 0.9999968088173717
n02123045_ILSVRC2012_val_00044027, 0.0
n03630383_ILSVRC2012_val_00004537, 0.9999907474722131
n04557648_ILSVRC2012_val_00012968, 0.0
n03888605_ILSVRC2012_val_00028863, 0.0
n03393912_ILSVRC2012_val_00036114, 0.5689046914805339
n04039381_ILSVRC2012_val_00028105, 0.9999999999999993
n04141076_ILSVRC2012_val_00046661, 0.0
n01860187_ILSVRC2012_val_00033733, 0.9999999999373401
n01984695_ILSVRC2012_val_00004219, 0.9952665499758042
n04596742_ILSVRC2012_val_00042268, 0.0
n02025239_ILSVRC2012_val_00026556, 0.998905658565088
n03584829_ILSVRC2012_val_00012032, 0.6129330873787417
n04584207_ILSVRC2012_val_00040311, 0.9636487556239078
n03297495_ILSVRC2012_val_00007396, 0.0
n01675722_ILSVRC2012_val_00005647, 0.9999994508963285
n01729977_ILSVRC2012_val_00010545, 0.9901259215724377
n03902125_ILSVRC2012_val_00019465, 0.9937598566071864
n02113978_ILSVRC2012_val_00046981, 0.9999866422706257
n01843065_ILSVRC2012_val_00044268, 0.9999553872745439
n03337140_ILSVRC2012_val_00028423, 0.5573028803487008
n04005630_ILSVRC2012_val_00017246, 0.0
n01855032_ILSVRC2012_val_00031879, 0.7052603479968054
n03131574_ILSVRC2012_val_00040407, 0.7474090969089832
n07715103_ILSVRC2012_val_00048429, 0.9917907645577962
n03976657_ILSVRC2012_val_00025930, 0.0
n03874599_ILSVRC2012_val_00024366, 0.0
n04336792_ILSVRC2012_val_00005839, 0.0
n03657121_ILSVRC2012_val_00017890, 0.8357858956698001
n04049303_ILSVRC2012_val_00040866, 0.9175900890724507
n02486261_ILSVRC2012_val_00041861, 0.9998387092014132
n02860847_ILSVRC2012_val_00037897, 0.8089071474687433
n02165456_ILSVRC2012_val_00017406, 0.9999999999837739
n04517823_ILSVRC2012_val_00028443, 0.9999999926336097
n03954731_ILSVRC2012_val_00037757, 0.9999999150618383
n01773549_ILSVRC2012_val_00029496, 0.9999919397651279
n02086240_ILSVRC2012_val_00042523, 0.9999747086284119
n02099601_ILSVRC2012_val_00013611, 0.0
n02128925_ILSVRC2012_val_00031686, 0.999939207868008
n03773504_ILSVRC2012_val_00016766, 0.0
n02454379_ILSVRC2012_val_00002448, 0.9999999825447285
n04523525_ILSVRC2012_val_00041517, 0.8946679778076133
n03724870_ILSVRC2012_val_00009544, 0.0
n01847000_ILSVRC2012_val_00011584, 0.0
n04346328_ILSVRC2012_val_00000522, 0.9991241386093629
n01817953_ILSVRC2012_val_00017242, 0.9999999999999999
n02106550_ILSVRC2012_val_00019107, 0.8971407483846691
n01910747_ILSVRC2012_val_00000063, 0.9841190445223009
n02441942_ILSVRC2012_val_00042483, 0.997790161529663
n03124170_ILSVRC2012_val_00039750, 0.16308338511553722
n03796401_ILSVRC2012_val_00025674, 0.0
n07717410_ILSVRC2012_val_00010479, 0.984160112228819
n04483307_ILSVRC2012_val_00049859, 0.8076754202364432
n02423022_ILSVRC2012_val_00003125, 0.0
n02066245_ILSVRC2012_val_00004755, 0.4448585266870729
n07831146_ILSVRC2012_val_00007802, 0.8442228057735256
n02817516_ILSVRC2012_val_00031320, 0.8781514207484465
n04599235_ILSVRC2012_val_00015111, 0.0
n01882714_ILSVRC2012_val_00015072, 0.693672259734999
n03724870_ILSVRC2012_val_00031381, 0.0
n07745940_ILSVRC2012_val_00004428, 0.9990855791514481
n03961711_ILSVRC2012_val_00019084, 0.0
n01641577_ILSVRC2012_val_00003748, 1.0
n04532670_ILSVRC2012_val_00022338, 0.7266987258912008
n03372029_ILSVRC2012_val_00046205, 0.0
n12768682_ILSVRC2012_val_00031830, 0.9999442381310872
n01795545_ILSVRC2012_val_00028545, 0.9565373843406867
n04579432_ILSVRC2012_val_00001734, 0.7464291815436827
n02834397_ILSVRC2012_val_00035630, 0.9999881113161619
n03388043_ILSVRC2012_val_00024660, 0.5011455952899335
n04033901_ILSVRC2012_val_00002345, 0.9999999973169942
n04542943_ILSVRC2012_val_00028926, 0.0
n03873416_ILSVRC2012_val_00016980, 0.0
n07742313_ILSVRC2012_val_00046718, 0.9526325695980055
n11879895_ILSVRC2012_val_00003137, 0.0
n01944390_ILSVRC2012_val_00022381, 0.9926608475387116
n02264363_ILSVRC2012_val_00001466, 0.962716685830298
n02011460_ILSVRC2012_val_00042193, 0.9994413359665224
n02123159_ILSVRC2012_val_00039553, 0.0
n03146219_ILSVRC2012_val_00034509, 0.0
n02492035_ILSVRC2012_val_00041232, 0.9954701327513281
n04515003_ILSVRC2012_val_00002400, 0.33204248241363665
n03459775_ILSVRC2012_val_00025067, 0.0
n04589890_ILSVRC2012_val_00010471, 0.0
n03290653_ILSVRC2012_val_00010346, 0.6154863765687543
n02058221_ILSVRC2012_val_00040987, 0.983128875128259
n02497673_ILSVRC2012_val_00030131, 0.0
n04380533_ILSVRC2012_val_00019316, 0.0
n03127747_ILSVRC2012_val_00041350, 0.7474315003470072
n02412080_ILSVRC2012_val_00048771, 0.0
n02797295_ILSVRC2012_val_00023355, 0.0
n02483708_ILSVRC2012_val_00037156, 0.9929508370420341
n03937543_ILSVRC2012_val_00043001, 0.9996265883071115
n04604644_ILSVRC2012_val_00024728, 0.9999999136877623
n01665541_ILSVRC2012_val_00022588, 0.0
n03325584_ILSVRC2012_val_00018101, 0.992685061600601
n01955084_ILSVRC2012_val_00024870, 0.0
n02092339_ILSVRC2012_val_00044611, 0.9610019129487605
n04133789_ILSVRC2012_val_00037599, 0.9999972765270192
n04146614_ILSVRC2012_val_00005166, 0.9990945205551398
n02165105_ILSVRC2012_val_00003852, 0.94979672301827
n02415577_ILSVRC2012_val_00012720, 0.8706821370428494
n02108000_ILSVRC2012_val_00049574, 0.8294192340245394
n04372370_ILSVRC2012_val_00036463, 0.0
n04552348_ILSVRC2012_val_00047865, 0.9928137502027256
n02500267_ILSVRC2012_val_00003500, 0.9983601765983728
n02492660_ILSVRC2012_val_00008878, 0.0
n01675722_ILSVRC2012_val_00031103, 0.9999999946729159
n03788365_ILSVRC2012_val_00015159, 0.8576082952279631
n03160309_ILSVRC2012_val_00031189, 0.36055071827938806
n03630383_ILSVRC2012_val_00019735, 0.0
n02825657_ILSVRC2012_val_00018146, 0.0
n03649909_ILSVRC2012_val_00022230, 0.0
n02094114_ILSVRC2012_val_00019305, 0.0
n04553703_ILSVRC2012_val_00003795, 0.999999904998635
n02095570_ILSVRC2012_val_00024464, 0.6113030768221986
n02112350_ILSVRC2012_val_00014547, 0.9999999999891647
n04238763_ILSVRC2012_val_00028688, 0.999585415666603
n03065424_ILSVRC2012_val_00020368, 0.0
n02231487_ILSVRC2012_val_00047601, 0.9999786546675845
n04254680_ILSVRC2012_val_00038483, 0.9999939535005018
n07715103_ILSVRC2012_val_00005776, 0.0
n04005630_ILSVRC2012_val_00031106, 0.0
n01950731_ILSVRC2012_val_00011651, 0.0
n04483307_ILSVRC2012_val_00048457, 0.9899273672252795
n03777754_ILSVRC2012_val_00022796, 0.5358929425211554
n09428293_ILSVRC2012_val_00002544, 0.0
n03930313_ILSVRC2012_val_00004063, 0.0
n02927161_ILSVRC2012_val_00043322, 0.0
n07831146_ILSVRC2012_val_00034117, 0.5043595780351494
n04612504_ILSVRC2012_val_00045388, 0.9953514785901301
n03649909_ILSVRC2012_val_00049371, 0.6110434851904807
n01817953_ILSVRC2012_val_00012003, 0.999559957727444
n02834397_ILSVRC2012_val_00043290, 0.9829161276031333
n04311174_ILSVRC2012_val_00013300, 0.0
n02814860_ILSVRC2012_val_00005131, 0.58083908350105
n02093428_ILSVRC2012_val_00039832, 0.0
n02807133_ILSVRC2012_val_00016691, 0.9807391728472774
n04023962_ILSVRC2012_val_00010977, 0.8264951422794073
n02814533_ILSVRC2012_val_00016314, 0.6581465798448594
n02124075_ILSVRC2012_val_00010417, 0.0
n01818515_ILSVRC2012_val_00048027, 0.0
n01729977_ILSVRC2012_val_00021750, 0.8160137606335803
n03220513_ILSVRC2012_val_00044722, 0.0
n01784675_ILSVRC2012_val_00004136, 0.0
n01692333_ILSVRC2012_val_00036849, 1.0
n01667114_ILSVRC2012_val_00026202, 0.9559803257155982
n02804610_ILSVRC2012_val_00011135, 0.0
n04263257_ILSVRC2012_val_00025811, 0.0
n04591713_ILSVRC2012_val_00024147, 0.6109789800982954
n02006656_ILSVRC2012_val_00013110, 0.5828043683418784
n07760859_ILSVRC2012_val_00047777, 0.9908518872382814
n02110806_ILSVRC2012_val_00030771, 0.0
n04147183_ILSVRC2012_val_00015783, 0.0
n04141327_ILSVRC2012_val_00038141, 0.0
n01882714_ILSVRC2012_val_00046155, 0.0
n13040303_ILSVRC2012_val_00025446, 0.9999999395257289
n04266014_ILSVRC2012_val_00048263, 0.7517748605909513
n03633091_ILSVRC2012_val_00002347, 0.9999974676969885
n01748264_ILSVRC2012_val_00014620, 0.9958672184342664
n03787032_ILSVRC2012_val_00044851, 0.0
n01498041_ILSVRC2012_val_00042175, 0.0
n04147183_ILSVRC2012_val_00009142, 0.8883014683185172
n02835271_ILSVRC2012_val_00026292, 0.9990985394950361
n03950228_ILSVRC2012_val_00034799, 0.0
n04591157_ILSVRC2012_val_00022572, 0.0
n03404251_ILSVRC2012_val_00038511, 0.9999749842969351
n01518878_ILSVRC2012_val_00039355, 0.5064236907621371
n01698640_ILSVRC2012_val_00003688, 0.999999997020538
n07875152_ILSVRC2012_val_00022876, 0.6688914234739274
n07860988_ILSVRC2012_val_00019221, 0.0
n03908618_ILSVRC2012_val_00008762, 0.9999999999905195
n02091467_ILSVRC2012_val_00004996, 0.0
n01494475_ILSVRC2012_val_00035367, 0.0
n04599235_ILSVRC2012_val_00027561, 0.0
n01697457_ILSVRC2012_val_00008146, 0.9949890341645885
n01739381_ILSVRC2012_val_00029979, 0.9999996688741867
n04099969_ILSVRC2012_val_00017631, 0.77435971655901
n03372029_ILSVRC2012_val_00008240, 0.9999999900648996
n03825788_ILSVRC2012_val_00048248, 0.6134129890648863
n03594734_ILSVRC2012_val_00048648, 0.9999804234590297
n07836838_ILSVRC2012_val_00030686, 1.0
n07920052_ILSVRC2012_val_00028753, 0.0
n03617480_ILSVRC2012_val_00035822, 0.0
n03929660_ILSVRC2012_val_00036654, 0.9999999045369399
n03125729_ILSVRC2012_val_00019971, 0.0
n04442312_ILSVRC2012_val_00021748, 0.9855860634654965
n04325704_ILSVRC2012_val_00032664, 0.0
n02089867_ILSVRC2012_val_00037305, 0.9999999992567253
n03530642_ILSVRC2012_val_00025146, 0.0
n01784675_ILSVRC2012_val_00039488, 0.9999999999617272
n04252077_ILSVRC2012_val_00033043, 0.9999827674047941
n13037406_ILSVRC2012_val_00030151, 0.9999999999945942
n03706229_ILSVRC2012_val_00046324, 0.0
n03961711_ILSVRC2012_val_00027431, 0.7179870104218036
n02229544_ILSVRC2012_val_00003997, 0.0
n01608432_ILSVRC2012_val_00033214, 0.9065823430742558
n02123045_ILSVRC2012_val_00047911, 0.0
n03529860_ILSVRC2012_val_00025630, 0.0
n03372029_ILSVRC2012_val_00021414, 0.9999999998169617
n01484850_ILSVRC2012_val_00028028, 0.9997451615989557
n01843383_ILSVRC2012_val_00014068, 0.9941997644698021
n03633091_ILSVRC2012_val_00014264, 0.0
n01631663_ILSVRC2012_val_00016864, 0.0
n02002556_ILSVRC2012_val_00041881, 0.999999999999787
n03874293_ILSVRC2012_val_00035353, 0.9994238616299082
n01843065_ILSVRC2012_val_00011605, 0.9796331281457318
n03733131_ILSVRC2012_val_00022473, 0.9948800663157265
n04162706_ILSVRC2012_val_00005165, 0.0
n02526121_ILSVRC2012_val_00041627, 0.9999987270831024
n01950731_ILSVRC2012_val_00039974, 0.9594782299807085
n03109150_ILSVRC2012_val_00033008, 0.0
n02442845_ILSVRC2012_val_00040698, 0.9999893223458782
n03903868_ILSVRC2012_val_00024519, 0.0
n03179701_ILSVRC2012_val_00012239, 0.0
n02102040_ILSVRC2012_val_00004553, 0.9999602563905163
n03710721_ILSVRC2012_val_00041966, 0.0
n04009552_ILSVRC2012_val_00045112, 0.0
n01855672_ILSVRC2012_val_00025667, 0.0
n06596364_ILSVRC2012_val_00029846, 0.0
n03733281_ILSVRC2012_val_00016418, 0.9999975016766125
n03388043_ILSVRC2012_val_00028934, 0.9986611696025407
n03447447_ILSVRC2012_val_00012445, 0.9999954123765185
n07875152_ILSVRC2012_val_00015388, 0.7688013457215214
n01491361_ILSVRC2012_val_00030658, 0.0
n02988304_ILSVRC2012_val_00003491, 0.0
n02500267_ILSVRC2012_val_00007243, 0.9993874031170941
n03791053_ILSVRC2012_val_00039358, 0.9957324197324217
n02325366_ILSVRC2012_val_00013352, 1.0
n03642806_ILSVRC2012_val_00048251, 0.0
n01443537_ILSVRC2012_val_00013513, 0.9999999984812422
n02825657_ILSVRC2012_val_00015150, 0.0
n03788365_ILSVRC2012_val_00042450, 0.9912724320553105
n04613696_ILSVRC2012_val_00007854, 0.9999999489409936
n01735189_ILSVRC2012_val_00046440, 0.9999999977205437
n03764736_ILSVRC2012_val_00005478, 0.0
n02129165_ILSVRC2012_val_00012343, 0.9940534447133194
n02454379_ILSVRC2012_val_00018686, 0.0
n02113978_ILSVRC2012_val_00011202, 0.7465623401919141
n02342885_ILSVRC2012_val_00015181, 0.7333099687599658
n02088094_ILSVRC2012_val_00015990, 0.9537371315234723
n02089078_ILSVRC2012_val_00019462, 0.0
n02727426_ILSVRC2012_val_00039440, 0.5050042831369093
n03983396_ILSVRC2012_val_00033968, 0.829094474107106
n02799071_ILSVRC2012_val_00012189, 0.9995065971809897
n02843684_ILSVRC2012_val_00006780, 0.9265128270257074
n02085782_ILSVRC2012_val_00043201, 0.9999999999999996
n01514668_ILSVRC2012_val_00028712, 0.0
n04019541_ILSVRC2012_val_00009756, 0.996684186004729
n01751748_ILSVRC2012_val_00033903, 0.9622750417479182
n03461385_ILSVRC2012_val_00042117, 0.0
n03649909_ILSVRC2012_val_00013162, 0.0
n02493509_ILSVRC2012_val_00040269, 0.0
n03770679_ILSVRC2012_val_00007374, 0.0
n02100735_ILSVRC2012_val_00019050, 0.0
n02066245_ILSVRC2012_val_00037778, 0.0
n02087394_ILSVRC2012_val_00000077, 0.9978729587195473
n02109047_ILSVRC2012_val_00042206, 0.9999990525817813
n02096437_ILSVRC2012_val_00003380, 0.7265735970694062
n03961711_ILSVRC2012_val_00042539, 0.9805244420253794
n03467068_ILSVRC2012_val_00049891, 0.33053932251632895
n03803284_ILSVRC2012_val_00027961, 0.0
n02025239_ILSVRC2012_val_00028187, 0.9999999998331579
n04485082_ILSVRC2012_val_00035926, 0.0
n03028079_ILSVRC2012_val_00033509, 0.526526283472118
n02172182_ILSVRC2012_val_00011085, 1.0
n01558993_ILSVRC2012_val_00007667, 0.9994197534541759
n01729977_ILSVRC2012_val_00040950, 0.0
n03967562_ILSVRC2012_val_00041970, 0.992596702623176
n03769881_ILSVRC2012_val_00036750, 0.0
n02106550_ILSVRC2012_val_00034771, 0.962397095797308
n02190166_ILSVRC2012_val_00036434, 0.6258333391059632
n02006656_ILSVRC2012_val_00008978, 0.9999968280050858
n01664065_ILSVRC2012_val_00020141, 0.8931364265343296
n03127747_ILSVRC2012_val_00025383, 0.0
n04509417_ILSVRC2012_val_00017279, 0.0
n04560804_ILSVRC2012_val_00034852, 0.0
n02109525_ILSVRC2012_val_00049356, 0.9998613207896746
n02699494_ILSVRC2012_val_00013048, 0.9528158724716559
n02120505_ILSVRC2012_val_00043421, 0.9997771448686228
n03977966_ILSVRC2012_val_00007655, 0.0
n01728920_ILSVRC2012_val_00047852, 0.99999998149731
n03720891_ILSVRC2012_val_00047710, 0.7998436279051087
n03126707_ILSVRC2012_val_00038795, 0.9899997079909751
n03840681_ILSVRC2012_val_00023297, 0.9486324209160923
n02403003_ILSVRC2012_val_00009046, 0.9999997133770681
n03187595_ILSVRC2012_val_00029045, 0.9999995197245416
n02342885_ILSVRC2012_val_00039968, 0.9973702404306959
n02417914_ILSVRC2012_val_00003685, 0.9534698128831391
n04532670_ILSVRC2012_val_00044782, 0.0
n02676566_ILSVRC2012_val_00005467, 0.0
n09428293_ILSVRC2012_val_00043977, 0.558862548896796
n03127925_ILSVRC2012_val_00027797, 0.0
n03065424_ILSVRC2012_val_00040791, 0.9999809206353856
n02107312_ILSVRC2012_val_00034324, 0.0
n02087394_ILSVRC2012_val_00001651, 0.697041573359551
n04127249_ILSVRC2012_val_00002068, 0.8044312076775904
n09246464_ILSVRC2012_val_00019597, 0.6849977317884914
n02910353_ILSVRC2012_val_00046056, 0.0
n02013706_ILSVRC2012_val_00045911, 1.0
n04125021_ILSVRC2012_val_00001169, 0.8754219085347416
n02259212_ILSVRC2012_val_00028692, 0.0
n04264628_ILSVRC2012_val_00044098, 0.0
n03355925_ILSVRC2012_val_00012078, 0.9999998467621503
n03042490_ILSVRC2012_val_00033943, 0.0
n01985128_ILSVRC2012_val_00003119, 0.0
n02417914_ILSVRC2012_val_00023489, 0.9994391836313392
n03325584_ILSVRC2012_val_00034182, 0.0
n04116512_ILSVRC2012_val_00015288, 0.9999905727337781
n01753488_ILSVRC2012_val_00034461, 0.0
n02992529_ILSVRC2012_val_00005705, 0.9984793792888935
n03085013_ILSVRC2012_val_00044090, 0.5699833128615053
n03908618_ILSVRC2012_val_00012965, 0.0
n03743016_ILSVRC2012_val_00020640, 0.799585984095174
n02509815_ILSVRC2012_val_00012980, 0.9999999999998872
n02860847_ILSVRC2012_val_00003099, 0.9797533072616478
n04336792_ILSVRC2012_val_00016751, 0.0
n02676566_ILSVRC2012_val_00019450, 0.0
n03706229_ILSVRC2012_val_00016942, 0.9774161948573143
n02492660_ILSVRC2012_val_00047185, 0.3365922543577924
n07880968_ILSVRC2012_val_00031146, 0.5426390277181707
n01737021_ILSVRC2012_val_00009042, 0.0
n04548362_ILSVRC2012_val_00003108, 0.9993590323922293
n02086079_ILSVRC2012_val_00041109, 0.0
n01443537_ILSVRC2012_val_00022138, 0.9842219159515958
n02837789_ILSVRC2012_val_00036936, 0.9989266967417986
n02892201_ILSVRC2012_val_00033978, 0.22209578574124872
n02099267_ILSVRC2012_val_00019226, 0.7005801076546629
n02112018_ILSVRC2012_val_00044585, 0.9998755184683119
n02111500_ILSVRC2012_val_00029490, 0.9831160880321566
n03666591_ILSVRC2012_val_00009465, 0.9999999869030662
n04041544_ILSVRC2012_val_00008193, 0.0
n02823750_ILSVRC2012_val_00037744, 0.5431346124623234
n04263257_ILSVRC2012_val_00034989, 0.0
n02110063_ILSVRC2012_val_00005575, 0.5588570754837636
n01806567_ILSVRC2012_val_00026021, 0.9999999999999954
n04350905_ILSVRC2012_val_00030307, 0.9999999206743163
n03661043_ILSVRC2012_val_00000715, 0.0
n04200800_ILSVRC2012_val_00048329, 0.5766754010824899
n03658185_ILSVRC2012_val_00008145, 0.0
n09288635_ILSVRC2012_val_00030256, 0.999901844841822
n02823750_ILSVRC2012_val_00010130, 0.9934975523492044
n02108000_ILSVRC2012_val_00002492, 0.851136665564512
n02807133_ILSVRC2012_val_00006861, 0.0
n03188531_ILSVRC2012_val_00014675, 0.9996826362008169
n02056570_ILSVRC2012_val_00011062, 0.9378712248422677
n03445777_ILSVRC2012_val_00022792, 0.9998019797197144
n07697537_ILSVRC2012_val_00042412, 0.9999974371946629
n02415577_ILSVRC2012_val_00019055, 0.9860732228724225
n03899768_ILSVRC2012_val_00011183, 0.8706335200170183
n01773797_ILSVRC2012_val_00007677, 0.0
n03485407_ILSVRC2012_val_00036135, 0.9221121416586057
n02361337_ILSVRC2012_val_00038028, 0.9663874002315347
n01558993_ILSVRC2012_val_00019038, 0.9999999788317578
n04252077_ILSVRC2012_val_00029893, 0.9999546229068083
n03483316_ILSVRC2012_val_00043382, 0.0
n04041544_ILSVRC2012_val_00047817, 0.8371618914119375
n02037110_ILSVRC2012_val_00002738, 0.0
n04398044_ILSVRC2012_val_00030441, 0.0
n01795545_ILSVRC2012_val_00035601, 0.999996261405217
n02814533_ILSVRC2012_val_00027081, 0.9999999209515772
n03291819_ILSVRC2012_val_00003352, 0.0
n02124075_ILSVRC2012_val_00007023, 0.5391189829707659
n02804414_ILSVRC2012_val_00017317, 0.0
n02112018_ILSVRC2012_val_00019822, 0.9999740702117509
n03325584_ILSVRC2012_val_00007741, 0.9996015883696553
n03457902_ILSVRC2012_val_00014654, 0.9999999939009838
n01748264_ILSVRC2012_val_00035976, 0.38377137481948403
n03709823_ILSVRC2012_val_00032247, 0.0
n02007558_ILSVRC2012_val_00019951, 0.9909373008678222
n02128925_ILSVRC2012_val_00041267, 0.9999999994482578
n02033041_ILSVRC2012_val_00020205, 0.6800420795759221
n03888605_ILSVRC2012_val_00008363, 0.9999999274285511
n03131574_ILSVRC2012_val_00016407, 0.9800466195485777
n07873807_ILSVRC2012_val_00047524, 0.0
n01843383_ILSVRC2012_val_00015673, 1.0
n04428191_ILSVRC2012_val_00003316, 0.9999996526857637
n03777754_ILSVRC2012_val_00007543, 0.0
n02097130_ILSVRC2012_val_00003758, 0.999871044486335
n03764736_ILSVRC2012_val_00002470, 0.8913699221515903
n02487347_ILSVRC2012_val_00022040, 0.9997446428601685
n03710721_ILSVRC2012_val_00047553, 0.0
n01855032_ILSVRC2012_val_00025130, 0.9884225963576876
n02113023_ILSVRC2012_val_00044237, 0.9999994611274969
n04009552_ILSVRC2012_val_00001253, 0.99999999731773
n04591713_ILSVRC2012_val_00039657, 0.0
n01943899_ILSVRC2012_val_00012672, 0.0
n02130308_ILSVRC2012_val_00031348, 0.0
n11939491_ILSVRC2012_val_00004514, 0.6957319025141739
n12620546_ILSVRC2012_val_00029292, 0.7114827124835867
n01530575_ILSVRC2012_val_00037116, 0.999997571754483
n02094114_ILSVRC2012_val_00014810, 0.5404742798331388
n01641577_ILSVRC2012_val_00019578, 0.9999951311043865
n02107574_ILSVRC2012_val_00001302, 0.9112562431924182
n02749479_ILSVRC2012_val_00002719, 0.0
n03109150_ILSVRC2012_val_00040330, 0.9999999362252657
n02113186_ILSVRC2012_val_00025691, 0.9997014792789319
n03623198_ILSVRC2012_val_00009826, 0.0
n02787622_ILSVRC2012_val_00010207, 0.9999999999997415
n02098286_ILSVRC2012_val_00008945, 0.9912144829103586
n01944390_ILSVRC2012_val_00002602, 0.8998357766055282
n03903868_ILSVRC2012_val_00010953, 0.0
n03026506_ILSVRC2012_val_00040934, 0.9999991979555103
n02104365_ILSVRC2012_val_00042768, 0.0
n02708093_ILSVRC2012_val_00013244, 0.9947301167737166
n13052670_ILSVRC2012_val_00039616, 0.9999965896055412
n04366367_ILSVRC2012_val_00004429, 0.0
n01843383_ILSVRC2012_val_00005901, 0.9999999999975466
n03530642_ILSVRC2012_val_00041787, 0.7356294175799706
n03384352_ILSVRC2012_val_00018473, 0.0
n04081281_ILSVRC2012_val_00047007, 0.0
n04125021_ILSVRC2012_val_00041163, 0.2691361156423798
n04584207_ILSVRC2012_val_00039917, 0.0
n01930112_ILSVRC2012_val_00026452, 0.0
n04229816_ILSVRC2012_val_00020818, 0.9999978695227729
n02776631_ILSVRC2012_val_00039610, 0.0
n02095570_ILSVRC2012_val_00046610, 0.0
n03133878_ILSVRC2012_val_00004670, 0.9999460707654351
n03733131_ILSVRC2012_val_00003505, 0.9999969796609124
n03028079_ILSVRC2012_val_00049943, 0.5364420351779651
n07584110_ILSVRC2012_val_00032735, 0.9999999960722904
n02094433_ILSVRC2012_val_00043233, 0.7400246565795378
n04204238_ILSVRC2012_val_00015859, 0.0
n04486054_ILSVRC2012_val_00040446, 0.9999554445780328
n10148035_ILSVRC2012_val_00022168, 0.8425988641841862
n12267677_ILSVRC2012_val_00024975, 0.9971025914021183
n03494278_ILSVRC2012_val_00021005, 0.9705012203652099
n02963159_ILSVRC2012_val_00049556, 0.0
n06785654_ILSVRC2012_val_00004597, 0.9972158386202782
n03733281_ILSVRC2012_val_00039998, 0.0
n09256479_ILSVRC2012_val_00008164, 0.0
n04536866_ILSVRC2012_val_00046990, 0.0
n04398044_ILSVRC2012_val_00014880, 0.0
n07753275_ILSVRC2012_val_00030047, 0.9997089880968683
n02363005_ILSVRC2012_val_00023296, 0.9999999978118973
n01491361_ILSVRC2012_val_00013484, 0.5121605230084703
n03133878_ILSVRC2012_val_00041085, 0.9980942739744902
n04596742_ILSVRC2012_val_00018350, 0.0
n02480855_ILSVRC2012_val_00041155, 0.0
n04532106_ILSVRC2012_val_00043040, 0.695967941056999
n03976467_ILSVRC2012_val_00037321, 0.9999934344597766
n02002556_ILSVRC2012_val_00026139, 0.9999999730869863
n01774750_ILSVRC2012_val_00035080, 0.9999999999926509
n03630383_ILSVRC2012_val_00045271, 0.9233081036324784
n02825657_ILSVRC2012_val_00002587, 0.9999251369355767
n04265275_ILSVRC2012_val_00031079, 0.0
n03000247_ILSVRC2012_val_00034857, 0.0
n07695742_ILSVRC2012_val_00003416, 0.9961863810045726
n03047690_ILSVRC2012_val_00018631, 0.0
n02979186_ILSVRC2012_val_00017775, 0.0
n02113186_ILSVRC2012_val_00022712, 0.0
n04266014_ILSVRC2012_val_00014262, 1.0
n03623198_ILSVRC2012_val_00017853, 0.0
n04330267_ILSVRC2012_val_00029749, 0.9999999999999926
n03197337_ILSVRC2012_val_00038776, 0.0
n01496331_ILSVRC2012_val_00045936, 0.0
n03297495_ILSVRC2012_val_00022933, 0.0
n04040759_ILSVRC2012_val_00012378, 0.9920453384851063
n02105056_ILSVRC2012_val_00036843, 0.0
n04067472_ILSVRC2012_val_00012789, 0.0
n02088632_ILSVRC2012_val_00010982, 0.0
n04335435_ILSVRC2012_val_00044131, 0.9968662291341126
n03781244_ILSVRC2012_val_00028364, 0.0
n01531178_ILSVRC2012_val_00015903, 0.9910184581264354
n02219486_ILSVRC2012_val_00043616, 0.0
n07831146_ILSVRC2012_val_00029301, 0.9999999939111098
n01537544_ILSVRC2012_val_00043965, 0.9999999999999902
n03272010_ILSVRC2012_val_00001273, 0.0
n03670208_ILSVRC2012_val_00013054, 0.0
n02096177_ILSVRC2012_val_00032177, 0.9999959720458091
n03710637_ILSVRC2012_val_00003825, 0.0
n04479046_ILSVRC2012_val_00043741, 0.9999630999513544
n02101006_ILSVRC2012_val_00039268, 0.9999999999999992
n03089624_ILSVRC2012_val_00041701, 0.0
n01514668_ILSVRC2012_val_00047137, 0.0
n04428191_ILSVRC2012_val_00034195, 0.0
n04606251_ILSVRC2012_val_00021959, 0.0
n04355933_ILSVRC2012_val_00004932, 0.0
n01514668_ILSVRC2012_val_00019721, 0.7154930200285379
